STRUCTURE,STRUCTURE_ID,STRUCTURE_NAME,ACTION,REF_AREA,Reference area,MEASURE,Measure,UNIT_MEASURE,Unit of measure,SEX,Sex,AGE,Age,TIME_HORIZ,Time horizon,TIME_PERIOD,Time period,OBS_VALUE,Observation value,OBS_STATUS,Observation status,UNIT_MULT,Unit multiplier,DECIMALS,Decimals
DATAFLOW,OECD.ELS.SAE:DSD_POPULATION@DF_POP_HIST(1.0),Historical population data,I,POL,Poland,POP,Population,PS,Persons,F,Female,Y_GE50,50 years or over,H,Historical,1960,,3379322,,A,Normal value,0,Units,0,Zero
DATAFLOW,OECD.ELS.SAE:DSD_POPULATION@DF_POP_HIST(1.0),Historical population data,I,POL,Poland,POP,Population,PS,Persons,F,Female,Y_GE50,50 years or over,H,Historical,1961,,3403900,,A,Normal value,0,Units,0,Zero
DATAFLOW,OECD.ELS.SAE:DSD_POPULATION@DF_POP_HIST(1.0),Historical population data,I,POL,Poland,POP,Population,PS,Persons,F,Female,Y_GE50,50 years or over,H,Historical,1962,,3502400,,A,Normal value,0,Units,0,Zero
DATAFLOW,OECD.ELS.SAE:DSD_POPULATION@DF_POP_HIST(1.0),Historical population data,I,POL,Poland,POP,Population,PS,Persons,F,Female,Y_GE50,50 years or over,H,Historical,1963,,3625100,,A,Normal value,0,Units,0,Zero
DATAFLOW,OECD.ELS.SAE:DSD_POPULATION@DF_POP_HIST(1.0),Historical population data,I,POL,Poland,POP,Population,PS,Persons,F,Female,Y_GE50,50 years or over,H,Historical,1964,,3728901,,A,Normal value,0,Units,0,Zero
DATAFLOW,OECD.ELS.SAE:DSD_POPULATION@DF_POP_HIST(1.0),Historical population data,I,POL,Poland,POP,Population,PS,Persons,F,Female,Y_GE50,50 years or over,H,Historical,1965,,3799600,,A,Normal value,0,Units,0,Zero
DATAFLOW,OECD.ELS.SAE:DSD_POPULATION@DF_POP_HIST(1.0),Historical population data,I,POL,Poland,POP,Population,PS,Persons,F,Female,Y_GE50,50 years or over,H,Historical,1966,,3830300,,A,Normal value,0,Units,0,Zero
DATAFLOW,OECD.ELS.SAE:DSD_POPULATION@DF_POP_HIST(1.0),Historical population data,I,POL,Poland,POP,Population,PS,Persons,F,Female,Y_GE50,50 years or over,H,Historical,1967,,3856400,,A,Normal value,0,Units,0,Zero
DATAFLOW,OECD.ELS.SAE:DSD_POPULATION@DF_POP_HIST(1.0),Historical population data,I,POL,Poland,POP,Population,PS,Persons,F,Female,Y_GE50,50 years or over,H,Historical,1968,,3881800,,A,Normal value,0,Units,0,Zero
DATAFLOW,OECD.ELS.SAE:DSD_POPULATION@DF_POP_HIST(1.0),Historical population data,I,POL,Poland,POP,Population,PS,Persons,F,Female,Y_GE50,50 years or over,H,Historical,1969,,3923600,,A,Normal value,0,Units,0,Zero
DATAFLOW,OECD.ELS.SAE:DSD_POPULATION@DF_POP_HIST(1.0),Historical population data,I,POL,Poland,POP,Population,PS,Persons,F,Female,Y_GE50,50 years or over,H,Historical,1970,,4017872,,A,Normal value,0,Units,0,Zero
DATAFLOW,OECD.ELS.SAE:DSD_POPULATION@DF_POP_HIST(1.0),Historical population data,I,POL,Poland,POP,Population,PS,Persons,F,Female,Y_GE50,50 years or over,H,Historical,1971,,4037800,,A,Normal value,0,Units,0,Zero
DATAFLOW,OECD.ELS.SAE:DSD_POPULATION@DF_POP_HIST(1.0),Historical population data,I,POL,Poland,POP,Population,PS,Persons,F,Female,Y_GE50,50 years or over,H,Historical,1972,,4133200,,A,Normal value,0,Units,0,Zero
DATAFLOW,OECD.ELS.SAE:DSD_POPULATION@DF_POP_HIST(1.0),Historical population data,I,POL,Poland,POP,Population,PS,Persons,F,Female,Y_GE50,50 years or over,H,Historical,1973,,4236900,,A,Normal value,0,Units,0,Zero
DATAFLOW,OECD.ELS.SAE:DSD_POPULATION@DF_POP_HIST(1.0),Historical population data,I,POL,Poland,POP,Population,PS,Persons,F,Female,Y_GE50,50 years or over,H,Historical,1974,,4344936,,A,Normal value,0,Units,0,Zero
DATAFLOW,OECD.ELS.SAE:DSD_POPULATION@DF_POP_HIST(1.0),Historical population data,I,POL,Poland,POP,Population,PS,Persons,F,Female,Y_GE50,50 years or over,H,Historical,1975,,4451630,,A,Normal value,0,Units,0,Zero
DATAFLOW,OECD.ELS.SAE:DSD_POPULATION@DF_POP_HIST(1.0),Historical population data,I,POL,Poland,POP,Population,PS,Persons,F,Female,Y_GE50,50 years or over,H,Historical,1976,,4556492,,A,Normal value,0,Units,0,Zero
DATAFLOW,OECD.ELS.SAE:DSD_POPULATION@DF_POP_HIST(1.0),Historical population data,I,POL,Poland,POP,Population,PS,Persons,F,Female,Y_GE50,50 years or over,H,Historical,1977,,4650399,,A,Normal value,0,Units,0,Zero
DATAFLOW,OECD.ELS.SAE:DSD_POPULATION@DF_POP_HIST(1.0),Historical population data,I,POL,Poland,POP,Population,PS,Persons,F,Female,Y_GE50,50 years or over,H,Historical,1978,,4740043,,A,Normal value,0,Units,0,Zero
DATAFLOW,OECD.ELS.SAE:DSD_POPULATION@DF_POP_HIST(1.0),Historical population data,I,POL,Poland,POP,Population,PS,Persons,F,Female,Y_GE50,50 years or over,H,Historical,1979,,4830752,,A,Normal value,0,Units,0,Zero
DATAFLOW,OECD.ELS.SAE:DSD_POPULATION@DF_POP_HIST(1.0),Historical population data,I,POL,Poland,POP,Population,PS,Persons,F,Female,Y_GE50,50 years or over,H,Historical,1980,,4920153,,A,Normal value,0,Units,0,Zero
DATAFLOW,OECD.ELS.SAE:DSD_POPULATION@DF_POP_HIST(1.0),Historical population data,I,POL,Poland,POP,Population,PS,Persons,F,Female,Y_GE50,50 years or over,H,Historical,1981,,5012212,,A,Normal value,0,Units,0,Zero
DATAFLOW,OECD.ELS.SAE:DSD_POPULATION@DF_POP_HIST(1.0),Historical population data,I,POL,Poland,POP,Population,PS,Persons,F,Female,Y_GE50,50 years or over,H,Historical,1982,,5093680,,A,Normal value,0,Units,0,Zero
DATAFLOW,OECD.ELS.SAE:DSD_POPULATION@DF_POP_HIST(1.0),Historical population data,I,POL,Poland,POP,Population,PS,Persons,F,Female,Y_GE50,50 years or over,H,Historical,1983,,5166059,,A,Normal value,0,Units,0,Zero
DATAFLOW,OECD.ELS.SAE:DSD_POPULATION@DF_POP_HIST(1.0),Historical population data,I,POL,Poland,POP,Population,PS,Persons,F,Female,Y_GE50,50 years or over,H,Historical,1984,,5225898,,A,Normal value,0,Units,0,Zero
DATAFLOW,OECD.ELS.SAE:DSD_POPULATION@DF_POP_HIST(1.0),Historical population data,I,POL,Poland,POP,Population,PS,Persons,F,Female,Y_GE50,50 years or over,H,Historical,1985,,5274970,,A,Normal value,0,Units,0,Zero
DATAFLOW,OECD.ELS.SAE:DSD_POPULATION@DF_POP_HIST(1.0),Historical population data,I,POL,Poland,POP,Population,PS,Persons,F,Female,Y_GE50,50 years or over,H,Historical,1986,,5326307,,A,Normal value,0,Units,0,Zero
DATAFLOW,OECD.ELS.SAE:DSD_POPULATION@DF_POP_HIST(1.0),Historical population data,I,POL,Poland,POP,Population,PS,Persons,F,Female,Y_GE50,50 years or over,H,Historical,1987,,5375199,,A,Normal value,0,Units,0,Zero
DATAFLOW,OECD.ELS.SAE:DSD_POPULATION@DF_POP_HIST(1.0),Historical population data,I,POL,Poland,POP,Population,PS,Persons,F,Female,Y_GE50,50 years or over,H,Historical,1988,,5421624,,A,Normal value,0,Units,0,Zero
DATAFLOW,OECD.ELS.SAE:DSD_POPULATION@DF_POP_HIST(1.0),Historical population data,I,POL,Poland,POP,Population,PS,Persons,F,Female,Y_GE50,50 years or over,H,Historical,1989,,5436054,,A,Normal value,0,Units,0,Zero
DATAFLOW,OECD.ELS.SAE:DSD_POPULATION@DF_POP_HIST(1.0),Historical population data,I,POL,Poland,POP,Population,PS,Persons,F,Female,Y_GE50,50 years or over,H,Historical,1990,,5512785,,A,Normal value,0,Units,0,Zero
DATAFLOW,OECD.ELS.SAE:DSD_POPULATION@DF_POP_HIST(1.0),Historical population data,I,POL,Poland,POP,Population,PS,Persons,F,Female,Y_GE50,50 years or over,H,Historical,1991,,5574478,,A,Normal value,0,Units,0,Zero
DATAFLOW,OECD.ELS.SAE:DSD_POPULATION@DF_POP_HIST(1.0),Historical population data,I,POL,Poland,POP,Population,PS,Persons,F,Female,Y_GE50,50 years or over,H,Historical,1992,,5640534,,A,Normal value,0,Units,0,Zero
DATAFLOW,OECD.ELS.SAE:DSD_POPULATION@DF_POP_HIST(1.0),Historical population data,I,POL,Poland,POP,Population,PS,Persons,F,Female,Y_GE50,50 years or over,H,Historical,1993,,5708120,,A,Normal value,0,Units,0,Zero
DATAFLOW,OECD.ELS.SAE:DSD_POPULATION@DF_POP_HIST(1.0),Historical population data,I,POL,Poland,POP,Population,PS,Persons,F,Female,Y_GE50,50 years or over,H,Historical,1994,,5761759,,A,Normal value,0,Units,0,Zero
DATAFLOW,OECD.ELS.SAE:DSD_POPULATION@DF_POP_HIST(1.0),Historical population data,I,POL,Poland,POP,Population,PS,Persons,F,Female,Y_GE50,50 years or over,H,Historical,1995,,5806083,,A,Normal value,0,Units,0,Zero
DATAFLOW,OECD.ELS.SAE:DSD_POPULATION@DF_POP_HIST(1.0),Historical population data,I,POL,Poland,POP,Population,PS,Persons,F,Female,Y_GE50,50 years or over,H,Historical,1996,,5850642,,A,Normal value,0,Units,0,Zero
DATAFLOW,OECD.ELS.SAE:DSD_POPULATION@DF_POP_HIST(1.0),Historical population data,I,POL,Poland,POP,Population,PS,Persons,F,Female,Y_GE50,50 years or over,H,Historical,1997,,5895509,,A,Normal value,0,Units,0,Zero
DATAFLOW,OECD.ELS.SAE:DSD_POPULATION@DF_POP_HIST(1.0),Historical population data,I,POL,Poland,POP,Population,PS,Persons,F,Female,Y_GE50,50 years or over,H,Historical,1998,,5940727,,A,Normal value,0,Units,0,Zero
DATAFLOW,OECD.ELS.SAE:DSD_POPULATION@DF_POP_HIST(1.0),Historical population data,I,POL,Poland,POP,Population,PS,Persons,F,Female,Y_GE50,50 years or over,H,Historical,1999,,5942168,,A,Normal value,0,Units,0,Zero
DATAFLOW,OECD.ELS.SAE:DSD_POPULATION@DF_POP_HIST(1.0),Historical population data,I,POL,Poland,POP,Population,PS,Persons,F,Female,Y_GE50,50 years or over,H,Historical,2000,,5991898,,A,Normal value,0,Units,0,Zero
DATAFLOW,OECD.ELS.SAE:DSD_POPULATION@DF_POP_HIST(1.0),Historical population data,I,POL,Poland,POP,Population,PS,Persons,F,Female,Y_GE50,50 years or over,H,Historical,2001,,6136262,,A,Normal value,0,Units,0,Zero
DATAFLOW,OECD.ELS.SAE:DSD_POPULATION@DF_POP_HIST(1.0),Historical population data,I,POL,Poland,POP,Population,PS,Persons,F,Female,Y_GE50,50 years or over,H,Historical,2002,,6299897,,A,Normal value,0,Units,0,Zero
DATAFLOW,OECD.ELS.SAE:DSD_POPULATION@DF_POP_HIST(1.0),Historical population data,I,POL,Poland,POP,Population,PS,Persons,F,Female,Y_GE50,50 years or over,H,Historical,2003,,6430557,,A,Normal value,0,Units,0,Zero
DATAFLOW,OECD.ELS.SAE:DSD_POPULATION@DF_POP_HIST(1.0),Historical population data,I,POL,Poland,POP,Population,PS,Persons,F,Female,Y_GE50,50 years or over,H,Historical,2004,,6583965,,A,Normal value,0,Units,0,Zero
DATAFLOW,OECD.ELS.SAE:DSD_POPULATION@DF_POP_HIST(1.0),Historical population data,I,POL,Poland,POP,Population,PS,Persons,F,Female,Y_GE50,50 years or over,H,Historical,2005,,6737165,,A,Normal value,0,Units,0,Zero
DATAFLOW,OECD.ELS.SAE:DSD_POPULATION@DF_POP_HIST(1.0),Historical population data,I,POL,Poland,POP,Population,PS,Persons,F,Female,Y_GE50,50 years or over,H,Historical,2006,,6893535,,A,Normal value,0,Units,0,Zero
DATAFLOW,OECD.ELS.SAE:DSD_POPULATION@DF_POP_HIST(1.0),Historical population data,I,POL,Poland,POP,Population,PS,Persons,F,Female,Y_GE50,50 years or over,H,Historical,2007,,7046090,,A,Normal value,0,Units,0,Zero
DATAFLOW,OECD.ELS.SAE:DSD_POPULATION@DF_POP_HIST(1.0),Historical population data,I,POL,Poland,POP,Population,PS,Persons,F,Female,Y_GE50,50 years or over,H,Historical,2008,,7188667,,A,Normal value,0,Units,0,Zero
DATAFLOW,OECD.ELS.SAE:DSD_POPULATION@DF_POP_HIST(1.0),Historical population data,I,POL,Poland,POP,Population,PS,Persons,F,Female,Y_GE50,50 years or over,H,Historical,2009,,7318065,,A,Normal value,0,Units,0,Zero
DATAFLOW,OECD.ELS.SAE:DSD_POPULATION@DF_POP_HIST(1.0),Historical population data,I,POL,Poland,POP,Population,PS,Persons,F,Female,Y_GE50,50 years or over,H,Historical,2010,,7456168,,A,Normal value,0,Units,0,Zero
DATAFLOW,OECD.ELS.SAE:DSD_POPULATION@DF_POP_HIST(1.0),Historical population data,I,POL,Poland,POP,Population,PS,Persons,F,Female,Y_GE50,50 years or over,H,Historical,2011,,7551746,,A,Normal value,0,Units,0,Zero
DATAFLOW,OECD.ELS.SAE:DSD_POPULATION@DF_POP_HIST(1.0),Historical population data,I,POL,Poland,POP,Population,PS,Persons,F,Female,Y_GE50,50 years or over,H,Historical,2012,,7634697,,A,Normal value,0,Units,0,Zero
DATAFLOW,OECD.ELS.SAE:DSD_POPULATION@DF_POP_HIST(1.0),Historical population data,I,POL,Poland,POP,Population,PS,Persons,F,Female,Y_GE50,50 years or over,H,Historical,2013,,7700518,,A,Normal value,0,Units,0,Zero
DATAFLOW,OECD.ELS.SAE:DSD_POPULATION@DF_POP_HIST(1.0),Historical population data,I,POL,Poland,POP,Population,PS,Persons,F,Female,Y_GE50,50 years or over,H,Historical,2014,,7770289,,A,Normal value,0,Units,0,Zero
DATAFLOW,OECD.ELS.SAE:DSD_POPULATION@DF_POP_HIST(1.0),Historical population data,I,POL,Poland,POP,Population,PS,Persons,F,Female,Y_GE50,50 years or over,H,Historical,2015,,7822903,,A,Normal value,0,Units,0,Zero
DATAFLOW,OECD.ELS.SAE:DSD_POPULATION@DF_POP_HIST(1.0),Historical population data,I,POL,Poland,POP,Population,PS,Persons,F,Female,Y_GE50,50 years or over,H,Historical,2016,,7873468,,A,Normal value,0,Units,0,Zero
DATAFLOW,OECD.ELS.SAE:DSD_POPULATION@DF_POP_HIST(1.0),Historical population data,I,POL,Poland,POP,Population,PS,Persons,F,Female,Y_GE50,50 years or over,H,Historical,2017,,7913774,,A,Normal value,0,Units,0,Zero
DATAFLOW,OECD.ELS.SAE:DSD_POPULATION@DF_POP_HIST(1.0),Historical population data,I,POL,Poland,POP,Population,PS,Persons,F,Female,Y_GE50,50 years or over,H,Historical,2018,,7952042,,A,Normal value,0,Units,0,Zero
DATAFLOW,OECD.ELS.SAE:DSD_POPULATION@DF_POP_HIST(1.0),Historical population data,I,POL,Poland,POP,Population,PS,Persons,F,Female,Y_GE50,50 years or over,H,Historical,2019,,7991904,,A,Normal value,0,Units,0,Zero
DATAFLOW,OECD.ELS.SAE:DSD_POPULATION@DF_POP_HIST(1.0),Historical population data,I,POL,Poland,POP,Population,PS,Persons,F,Female,Y_GE50,50 years or over,H,Historical,2022,,7987558,,A,Normal value,0,Units,0,Zero
DATAFLOW,OECD.ELS.SAE:DSD_POPULATION@DF_POP_HIST(1.0),Historical population data,I,POL,Poland,POP,Population,PS,Persons,F,Female,Y80T84,From 80 to 84 years,H,Historical,1960,,93954,,A,Normal value,0,Units,0,Zero
DATAFLOW,OECD.ELS.SAE:DSD_POPULATION@DF_POP_HIST(1.0),Historical population data,I,POL,Poland,POP,Population,PS,Persons,F,Female,Y80T84,From 80 to 84 years,H,Historical,1961,,95830,,A,Normal value,0,Units,0,Zero
DATAFLOW,OECD.ELS.SAE:DSD_POPULATION@DF_POP_HIST(1.0),Historical population data,I,POL,Poland,POP,Population,PS,Persons,F,Female,Y80T84,From 80 to 84 years,H,Historical,1962,,98927,,A,Normal value,0,Units,0,Zero
DATAFLOW,OECD.ELS.SAE:DSD_POPULATION@DF_POP_HIST(1.0),Historical population data,I,POL,Poland,POP,Population,PS,Persons,F,Female,Y80T84,From 80 to 84 years,H,Historical,1963,,103257,,A,Normal value,0,Units,0,Zero
DATAFLOW,OECD.ELS.SAE:DSD_POPULATION@DF_POP_HIST(1.0),Historical population data,I,POL,Poland,POP,Population,PS,Persons,F,Female,Y80T84,From 80 to 84 years,H,Historical,1964,,107836,,A,Normal value,0,Units,0,Zero
DATAFLOW,OECD.ELS.SAE:DSD_POPULATION@DF_POP_HIST(1.0),Historical population data,I,POL,Poland,POP,Population,PS,Persons,F,Female,Y80T84,From 80 to 84 years,H,Historical,1965,,114200,,A,Normal value,0,Units,0,Zero
DATAFLOW,OECD.ELS.SAE:DSD_POPULATION@DF_POP_HIST(1.0),Historical population data,I,POL,Poland,POP,Population,PS,Persons,F,Female,Y80T84,From 80 to 84 years,H,Historical,1966,,122000,,A,Normal value,0,Units,0,Zero
DATAFLOW,OECD.ELS.SAE:DSD_POPULATION@DF_POP_HIST(1.0),Historical population data,I,POL,Poland,POP,Population,PS,Persons,F,Female,Y80T84,From 80 to 84 years,H,Historical,1967,,127100,,A,Normal value,0,Units,0,Zero
DATAFLOW,OECD.ELS.SAE:DSD_POPULATION@DF_POP_HIST(1.0),Historical population data,I,POL,Poland,POP,Population,PS,Persons,F,Female,Y80T84,From 80 to 84 years,H,Historical,1968,,151300,,A,Normal value,0,Units,0,Zero
DATAFLOW,OECD.ELS.SAE:DSD_POPULATION@DF_POP_HIST(1.0),Historical population data,I,POL,Poland,POP,Population,PS,Persons,F,Female,Y80T84,From 80 to 84 years,H,Historical,1969,,154500,,A,Normal value,0,Units,0,Zero
DATAFLOW,OECD.ELS.SAE:DSD_POPULATION@DF_POP_HIST(1.0),Historical population data,I,POL,Poland,POP,Population,PS,Persons,F,Female,Y80T84,From 80 to 84 years,H,Historical,1970,,155448,,A,Normal value,0,Units,0,Zero
DATAFLOW,OECD.ELS.SAE:DSD_POPULATION@DF_POP_HIST(1.0),Historical population data,I,POL,Poland,POP,Population,PS,Persons,F,Female,Y80T84,From 80 to 84 years,H,Historical,1971,,159074,,A,Normal value,0,Units,0,Zero
DATAFLOW,OECD.ELS.SAE:DSD_POPULATION@DF_POP_HIST(1.0),Historical population data,I,POL,Poland,POP,Population,PS,Persons,F,Female,Y80T84,From 80 to 84 years,H,Historical,1972,,158200,,A,Normal value,0,Units,0,Zero
DATAFLOW,OECD.ELS.SAE:DSD_POPULATION@DF_POP_HIST(1.0),Historical population data,I,POL,Poland,POP,Population,PS,Persons,F,Female,Y80T84,From 80 to 84 years,H,Historical,1973,,162600,,A,Normal value,0,Units,0,Zero
DATAFLOW,OECD.ELS.SAE:DSD_POPULATION@DF_POP_HIST(1.0),Historical population data,I,POL,Poland,POP,Population,PS,Persons,F,Female,Y80T84,From 80 to 84 years,H,Historical,1974,,170059,,A,Normal value,0,Units,0,Zero
DATAFLOW,OECD.ELS.SAE:DSD_POPULATION@DF_POP_HIST(1.0),Historical population data,I,POL,Poland,POP,Population,PS,Persons,F,Female,Y80T84,From 80 to 84 years,H,Historical,1975,,180482,,A,Normal value,0,Units,0,Zero
DATAFLOW,OECD.ELS.SAE:DSD_POPULATION@DF_POP_HIST(1.0),Historical population data,I,POL,Poland,POP,Population,PS,Persons,F,Female,Y80T84,From 80 to 84 years,H,Historical,1976,,190500,,A,Normal value,0,Units,0,Zero
DATAFLOW,OECD.ELS.SAE:DSD_POPULATION@DF_POP_HIST(1.0),Historical population data,I,POL,Poland,POP,Population,PS,Persons,F,Female,Y80T84,From 80 to 84 years,H,Historical,1977,,203924,,A,Normal value,0,Units,0,Zero
DATAFLOW,OECD.ELS.SAE:DSD_POPULATION@DF_POP_HIST(1.0),Historical population data,I,POL,Poland,POP,Population,PS,Persons,F,Female,Y80T84,From 80 to 84 years,H,Historical,1978,,215357,,A,Normal value,0,Units,0,Zero
DATAFLOW,OECD.ELS.SAE:DSD_POPULATION@DF_POP_HIST(1.0),Historical population data,I,POL,Poland,POP,Population,PS,Persons,F,Female,Y80T84,From 80 to 84 years,H,Historical,1979,,222434,,A,Normal value,0,Units,0,Zero
DATAFLOW,OECD.ELS.SAE:DSD_POPULATION@DF_POP_HIST(1.0),Historical population data,I,POL,Poland,POP,Population,PS,Persons,F,Female,Y80T84,From 80 to 84 years,H,Historical,1980,,234299,,A,Normal value,0,Units,0,Zero
DATAFLOW,OECD.ELS.SAE:DSD_POPULATION@DF_POP_HIST(1.0),Historical population data,I,POL,Poland,POP,Population,PS,Persons,F,Female,Y80T84,From 80 to 84 years,H,Historical,1981,,249938,,A,Normal value,0,Units,0,Zero
DATAFLOW,OECD.ELS.SAE:DSD_POPULATION@DF_POP_HIST(1.0),Historical population data,I,POL,Poland,POP,Population,PS,Persons,F,Female,Y80T84,From 80 to 84 years,H,Historical,1982,,264451,,A,Normal value,0,Units,0,Zero
DATAFLOW,OECD.ELS.SAE:DSD_POPULATION@DF_POP_HIST(1.0),Historical population data,I,POL,Poland,POP,Population,PS,Persons,F,Female,Y80T84,From 80 to 84 years,H,Historical,1983,,278878,,A,Normal value,0,Units,0,Zero
DATAFLOW,OECD.ELS.SAE:DSD_POPULATION@DF_POP_HIST(1.0),Historical population data,I,POL,Poland,POP,Population,PS,Persons,F,Female,Y80T84,From 80 to 84 years,H,Historical,1984,,292052,,A,Normal value,0,Units,0,Zero
DATAFLOW,OECD.ELS.SAE:DSD_POPULATION@DF_POP_HIST(1.0),Historical population data,I,POL,Poland,POP,Population,PS,Persons,F,Female,Y80T84,From 80 to 84 years,H,Historical,1985,,300293,,A,Normal value,0,Units,0,Zero
DATAFLOW,OECD.ELS.SAE:DSD_POPULATION@DF_POP_HIST(1.0),Historical population data,I,POL,Poland,POP,Population,PS,Persons,F,Female,Y80T84,From 80 to 84 years,H,Historical,1986,,306906,,A,Normal value,0,Units,0,Zero
DATAFLOW,OECD.ELS.SAE:DSD_POPULATION@DF_POP_HIST(1.0),Historical population data,I,POL,Poland,POP,Population,PS,Persons,F,Female,Y80T84,From 80 to 84 years,H,Historical,1987,,315988,,A,Normal value,0,Units,0,Zero
DATAFLOW,OECD.ELS.SAE:DSD_POPULATION@DF_POP_HIST(1.0),Historical population data,I,POL,Poland,POP,Population,PS,Persons,F,Female,Y80T84,From 80 to 84 years,H,Historical,1988,,325710,,A,Normal value,0,Units,0,Zero
DATAFLOW,OECD.ELS.SAE:DSD_POPULATION@DF_POP_HIST(1.0),Historical population data,I,POL,Poland,POP,Population,PS,Persons,F,Female,Y80T84,From 80 to 84 years,H,Historical,1989,,326840,,A,Normal value,0,Units,0,Zero
DATAFLOW,OECD.ELS.SAE:DSD_POPULATION@DF_POP_HIST(1.0),Historical population data,I,POL,Poland,POP,Population,PS,Persons,F,Female,Y80T84,From 80 to 84 years,H,Historical,1990,,319382,,A,Normal value,0,Units,0,Zero
DATAFLOW,OECD.ELS.SAE:DSD_POPULATION@DF_POP_HIST(1.0),Historical population data,I,POL,Poland,POP,Population,PS,Persons,F,Female,Y80T84,From 80 to 84 years,H,Historical,1991,,316543,,A,Normal value,0,Units,0,Zero
DATAFLOW,OECD.ELS.SAE:DSD_POPULATION@DF_POP_HIST(1.0),Historical population data,I,POL,Poland,POP,Population,PS,Persons,F,Female,Y80T84,From 80 to 84 years,H,Historical,1992,,315384,,A,Normal value,0,Units,0,Zero
DATAFLOW,OECD.ELS.SAE:DSD_POPULATION@DF_POP_HIST(1.0),Historical population data,I,POL,Poland,POP,Population,PS,Persons,F,Female,Y80T84,From 80 to 84 years,H,Historical,1993,,314628,,A,Normal value,0,Units,0,Zero
DATAFLOW,OECD.ELS.SAE:DSD_POPULATION@DF_POP_HIST(1.0),Historical population data,I,POL,Poland,POP,Population,PS,Persons,F,Female,Y80T84,From 80 to 84 years,H,Historical,1994,,311766,,A,Normal value,0,Units,0,Zero
DATAFLOW,OECD.ELS.SAE:DSD_POPULATION@DF_POP_HIST(1.0),Historical population data,I,POL,Poland,POP,Population,PS,Persons,F,Female,Y80T84,From 80 to 84 years,H,Historical,1995,,308295,,A,Normal value,0,Units,0,Zero
DATAFLOW,OECD.ELS.SAE:DSD_POPULATION@DF_POP_HIST(1.0),Historical population data,I,POL,Poland,POP,Population,PS,Persons,F,Female,Y80T84,From 80 to 84 years,H,Historical,1996,,304812,,A,Normal value,0,Units,0,Zero
DATAFLOW,OECD.ELS.SAE:DSD_POPULATION@DF_POP_HIST(1.0),Historical population data,I,POL,Poland,POP,Population,PS,Persons,F,Female,Y80T84,From 80 to 84 years,H,Historical,1997,,301037,,A,Normal value,0,Units,0,Zero
DATAFLOW,OECD.ELS.SAE:DSD_POPULATION@DF_POP_HIST(1.0),Historical population data,I,POL,Poland,POP,Population,PS,Persons,F,Female,Y80T84,From 80 to 84 years,H,Historical,1998,,297807,,A,Normal value,0,Units,0,Zero
DATAFLOW,OECD.ELS.SAE:DSD_POPULATION@DF_POP_HIST(1.0),Historical population data,I,POL,Poland,POP,Population,PS,Persons,F,Female,Y80T84,From 80 to 84 years,H,Historical,1999,,279255,,A,Normal value,0,Units,0,Zero
DATAFLOW,OECD.ELS.SAE:DSD_POPULATION@DF_POP_HIST(1.0),Historical population data,I,POL,Poland,POP,Population,PS,Persons,F,Female,Y80T84,From 80 to 84 years,H,Historical,2000,,275608,,A,Normal value,0,Units,0,Zero
DATAFLOW,OECD.ELS.SAE:DSD_POPULATION@DF_POP_HIST(1.0),Historical population data,I,POL,Poland,POP,Population,PS,Persons,F,Female,Y80T84,From 80 to 84 years,H,Historical,2001,,303085,,A,Normal value,0,Units,0,Zero
DATAFLOW,OECD.ELS.SAE:DSD_POPULATION@DF_POP_HIST(1.0),Historical population data,I,POL,Poland,POP,Population,PS,Persons,F,Female,Y80T84,From 80 to 84 years,H,Historical,2002,,340209,,A,Normal value,0,Units,0,Zero
DATAFLOW,OECD.ELS.SAE:DSD_POPULATION@DF_POP_HIST(1.0),Historical population data,I,POL,Poland,POP,Population,PS,Persons,F,Female,Y80T84,From 80 to 84 years,H,Historical,2003,,386098,,A,Normal value,0,Units,0,Zero
DATAFLOW,OECD.ELS.SAE:DSD_POPULATION@DF_POP_HIST(1.0),Historical population data,I,POL,Poland,POP,Population,PS,Persons,F,Female,Y80T84,From 80 to 84 years,H,Historical,2004,,423801,,A,Normal value,0,Units,0,Zero
DATAFLOW,OECD.ELS.SAE:DSD_POPULATION@DF_POP_HIST(1.0),Historical population data,I,POL,Poland,POP,Population,PS,Persons,F,Female,Y80T84,From 80 to 84 years,H,Historical,2005,,453587,,A,Normal value,0,Units,0,Zero
DATAFLOW,OECD.ELS.SAE:DSD_POPULATION@DF_POP_HIST(1.0),Historical population data,I,POL,Poland,POP,Population,PS,Persons,F,Female,Y80T84,From 80 to 84 years,H,Historical,2006,,480527,,A,Normal value,0,Units,0,Zero
DATAFLOW,OECD.ELS.SAE:DSD_POPULATION@DF_POP_HIST(1.0),Historical population data,I,POL,Poland,POP,Population,PS,Persons,F,Female,Y80T84,From 80 to 84 years,H,Historical,2007,,497222,,A,Normal value,0,Units,0,Zero
DATAFLOW,OECD.ELS.SAE:DSD_POPULATION@DF_POP_HIST(1.0),Historical population data,I,POL,Poland,POP,Population,PS,Persons,F,Female,Y80T84,From 80 to 84 years,H,Historical,2008,,508415,,A,Normal value,0,Units,0,Zero
DATAFLOW,OECD.ELS.SAE:DSD_POPULATION@DF_POP_HIST(1.0),Historical population data,I,POL,Poland,POP,Population,PS,Persons,F,Female,Y80T84,From 80 to 84 years,H,Historical,2009,,521259,,A,Normal value,0,Units,0,Zero
DATAFLOW,OECD.ELS.SAE:DSD_POPULATION@DF_POP_HIST(1.0),Historical population data,I,POL,Poland,POP,Population,PS,Persons,F,Female,Y80T84,From 80 to 84 years,H,Historical,2010,,538889,,A,Normal value,0,Units,0,Zero
DATAFLOW,OECD.ELS.SAE:DSD_POPULATION@DF_POP_HIST(1.0),Historical population data,I,POL,Poland,POP,Population,PS,Persons,F,Female,Y80T84,From 80 to 84 years,H,Historical,2011,,552733,,A,Normal value,0,Units,0,Zero
DATAFLOW,OECD.ELS.SAE:DSD_POPULATION@DF_POP_HIST(1.0),Historical population data,I,POL,Poland,POP,Population,PS,Persons,F,Female,Y80T84,From 80 to 84 years,H,Historical,2012,,566126,,A,Normal value,0,Units,0,Zero
DATAFLOW,OECD.ELS.SAE:DSD_POPULATION@DF_POP_HIST(1.0),Historical population data,I,POL,Poland,POP,Population,PS,Persons,F,Female,Y80T84,From 80 to 84 years,H,Historical,2013,,571952,,A,Normal value,0,Units,0,Zero
DATAFLOW,OECD.ELS.SAE:DSD_POPULATION@DF_POP_HIST(1.0),Historical population data,I,POL,Poland,POP,Population,PS,Persons,F,Female,Y80T84,From 80 to 84 years,H,Historical,2014,,574301,,A,Normal value,0,Units,0,Zero
DATAFLOW,OECD.ELS.SAE:DSD_POPULATION@DF_POP_HIST(1.0),Historical population data,I,POL,Poland,POP,Population,PS,Persons,F,Female,Y80T84,From 80 to 84 years,H,Historical,2015,,573415,,A,Normal value,0,Units,0,Zero
DATAFLOW,OECD.ELS.SAE:DSD_POPULATION@DF_POP_HIST(1.0),Historical population data,I,POL,Poland,POP,Population,PS,Persons,F,Female,Y80T84,From 80 to 84 years,H,Historical,2016,,574665,,A,Normal value,0,Units,0,Zero
DATAFLOW,OECD.ELS.SAE:DSD_POPULATION@DF_POP_HIST(1.0),Historical population data,I,POL,Poland,POP,Population,PS,Persons,F,Female,Y80T84,From 80 to 84 years,H,Historical,2017,,576039,,A,Normal value,0,Units,0,Zero
DATAFLOW,OECD.ELS.SAE:DSD_POPULATION@DF_POP_HIST(1.0),Historical population data,I,POL,Poland,POP,Population,PS,Persons,F,Female,Y80T84,From 80 to 84 years,H,Historical,2018,,578158,,A,Normal value,0,Units,0,Zero
DATAFLOW,OECD.ELS.SAE:DSD_POPULATION@DF_POP_HIST(1.0),Historical population data,I,POL,Poland,POP,Population,PS,Persons,F,Female,Y80T84,From 80 to 84 years,H,Historical,2019,,580101,,A,Normal value,0,Units,0,Zero
DATAFLOW,OECD.ELS.SAE:DSD_POPULATION@DF_POP_HIST(1.0),Historical population data,I,POL,Poland,POP,Population,PS,Persons,F,Female,Y80T84,From 80 to 84 years,H,Historical,2022,,537497,,A,Normal value,0,Units,0,Zero
DATAFLOW,OECD.ELS.SAE:DSD_POPULATION@DF_POP_HIST(1.0),Historical population data,I,POL,Poland,POP,Population,PS,Persons,F,Female,Y25T29,From 25 to 29 years,H,Historical,1960,,1148631,,A,Normal value,0,Units,0,Zero
DATAFLOW,OECD.ELS.SAE:DSD_POPULATION@DF_POP_HIST(1.0),Historical population data,I,POL,Poland,POP,Population,PS,Persons,F,Female,Y25T29,From 25 to 29 years,H,Historical,1961,,1157700,,A,Normal value,0,Units,0,Zero
DATAFLOW,OECD.ELS.SAE:DSD_POPULATION@DF_POP_HIST(1.0),Historical population data,I,POL,Poland,POP,Population,PS,Persons,F,Female,Y25T29,From 25 to 29 years,H,Historical,1962,,1145500,,A,Normal value,0,Units,0,Zero
DATAFLOW,OECD.ELS.SAE:DSD_POPULATION@DF_POP_HIST(1.0),Historical population data,I,POL,Poland,POP,Population,PS,Persons,F,Female,Y25T29,From 25 to 29 years,H,Historical,1963,,1118000,,A,Normal value,0,Units,0,Zero
DATAFLOW,OECD.ELS.SAE:DSD_POPULATION@DF_POP_HIST(1.0),Historical population data,I,POL,Poland,POP,Population,PS,Persons,F,Female,Y25T29,From 25 to 29 years,H,Historical,1964,,1114800,,A,Normal value,0,Units,0,Zero
DATAFLOW,OECD.ELS.SAE:DSD_POPULATION@DF_POP_HIST(1.0),Historical population data,I,POL,Poland,POP,Population,PS,Persons,F,Female,Y25T29,From 25 to 29 years,H,Historical,1965,,1105100,,A,Normal value,0,Units,0,Zero
DATAFLOW,OECD.ELS.SAE:DSD_POPULATION@DF_POP_HIST(1.0),Historical population data,I,POL,Poland,POP,Population,PS,Persons,F,Female,Y25T29,From 25 to 29 years,H,Historical,1966,,1075700,,A,Normal value,0,Units,0,Zero
DATAFLOW,OECD.ELS.SAE:DSD_POPULATION@DF_POP_HIST(1.0),Historical population data,I,POL,Poland,POP,Population,PS,Persons,F,Female,Y25T29,From 25 to 29 years,H,Historical,1967,,1039300,,A,Normal value,0,Units,0,Zero
DATAFLOW,OECD.ELS.SAE:DSD_POPULATION@DF_POP_HIST(1.0),Historical population data,I,POL,Poland,POP,Population,PS,Persons,F,Female,Y25T29,From 25 to 29 years,H,Historical,1968,,1033000,,A,Normal value,0,Units,0,Zero
DATAFLOW,OECD.ELS.SAE:DSD_POPULATION@DF_POP_HIST(1.0),Historical population data,I,POL,Poland,POP,Population,PS,Persons,F,Female,Y25T29,From 25 to 29 years,H,Historical,1969,,1008100,,A,Normal value,0,Units,0,Zero
DATAFLOW,OECD.ELS.SAE:DSD_POPULATION@DF_POP_HIST(1.0),Historical population data,I,POL,Poland,POP,Population,PS,Persons,F,Female,Y25T29,From 25 to 29 years,H,Historical,1970,,939442,,A,Normal value,0,Units,0,Zero
DATAFLOW,OECD.ELS.SAE:DSD_POPULATION@DF_POP_HIST(1.0),Historical population data,I,POL,Poland,POP,Population,PS,Persons,F,Female,Y25T29,From 25 to 29 years,H,Historical,1971,,973100,,A,Normal value,0,Units,0,Zero
DATAFLOW,OECD.ELS.SAE:DSD_POPULATION@DF_POP_HIST(1.0),Historical population data,I,POL,Poland,POP,Population,PS,Persons,F,Female,Y25T29,From 25 to 29 years,H,Historical,1972,,1046500,,A,Normal value,0,Units,0,Zero
DATAFLOW,OECD.ELS.SAE:DSD_POPULATION@DF_POP_HIST(1.0),Historical population data,I,POL,Poland,POP,Population,PS,Persons,F,Female,Y25T29,From 25 to 29 years,H,Historical,1973,,1150700,,A,Normal value,0,Units,0,Zero
DATAFLOW,OECD.ELS.SAE:DSD_POPULATION@DF_POP_HIST(1.0),Historical population data,I,POL,Poland,POP,Population,PS,Persons,F,Female,Y25T29,From 25 to 29 years,H,Historical,1974,,1263245,,A,Normal value,0,Units,0,Zero
DATAFLOW,OECD.ELS.SAE:DSD_POPULATION@DF_POP_HIST(1.0),Historical population data,I,POL,Poland,POP,Population,PS,Persons,F,Female,Y25T29,From 25 to 29 years,H,Historical,1975,,1384379,,A,Normal value,0,Units,0,Zero
DATAFLOW,OECD.ELS.SAE:DSD_POPULATION@DF_POP_HIST(1.0),Historical population data,I,POL,Poland,POP,Population,PS,Persons,F,Female,Y25T29,From 25 to 29 years,H,Historical,1976,,1487152,,A,Normal value,0,Units,0,Zero
DATAFLOW,OECD.ELS.SAE:DSD_POPULATION@DF_POP_HIST(1.0),Historical population data,I,POL,Poland,POP,Population,PS,Persons,F,Female,Y25T29,From 25 to 29 years,H,Historical,1977,,1552678,,A,Normal value,0,Units,0,Zero
DATAFLOW,OECD.ELS.SAE:DSD_POPULATION@DF_POP_HIST(1.0),Historical population data,I,POL,Poland,POP,Population,PS,Persons,F,Female,Y25T29,From 25 to 29 years,H,Historical,1978,,1600488,,A,Normal value,0,Units,0,Zero
DATAFLOW,OECD.ELS.SAE:DSD_POPULATION@DF_POP_HIST(1.0),Historical population data,I,POL,Poland,POP,Population,PS,Persons,F,Female,Y25T29,From 25 to 29 years,H,Historical,1979,,1623203,,A,Normal value,0,Units,0,Zero
DATAFLOW,OECD.ELS.SAE:DSD_POPULATION@DF_POP_HIST(1.0),Historical population data,I,POL,Poland,POP,Population,PS,Persons,F,Female,Y25T29,From 25 to 29 years,H,Historical,1980,,1650853,,A,Normal value,0,Units,0,Zero
DATAFLOW,OECD.ELS.SAE:DSD_POPULATION@DF_POP_HIST(1.0),Historical population data,I,POL,Poland,POP,Population,PS,Persons,F,Female,Y25T29,From 25 to 29 years,H,Historical,1981,,1667784,,A,Normal value,0,Units,0,Zero
DATAFLOW,OECD.ELS.SAE:DSD_POPULATION@DF_POP_HIST(1.0),Historical population data,I,POL,Poland,POP,Population,PS,Persons,F,Female,Y25T29,From 25 to 29 years,H,Historical,1982,,1673052,,A,Normal value,0,Units,0,Zero
DATAFLOW,OECD.ELS.SAE:DSD_POPULATION@DF_POP_HIST(1.0),Historical population data,I,POL,Poland,POP,Population,PS,Persons,F,Female,Y25T29,From 25 to 29 years,H,Historical,1983,,1670062,,A,Normal value,0,Units,0,Zero
DATAFLOW,OECD.ELS.SAE:DSD_POPULATION@DF_POP_HIST(1.0),Historical population data,I,POL,Poland,POP,Population,PS,Persons,F,Female,Y25T29,From 25 to 29 years,H,Historical,1984,,1653183,,A,Normal value,0,Units,0,Zero
DATAFLOW,OECD.ELS.SAE:DSD_POPULATION@DF_POP_HIST(1.0),Historical population data,I,POL,Poland,POP,Population,PS,Persons,F,Female,Y25T29,From 25 to 29 years,H,Historical,1985,,1617250,,A,Normal value,0,Units,0,Zero
DATAFLOW,OECD.ELS.SAE:DSD_POPULATION@DF_POP_HIST(1.0),Historical population data,I,POL,Poland,POP,Population,PS,Persons,F,Female,Y25T29,From 25 to 29 years,H,Historical,1986,,1564117,,A,Normal value,0,Units,0,Zero
DATAFLOW,OECD.ELS.SAE:DSD_POPULATION@DF_POP_HIST(1.0),Historical population data,I,POL,Poland,POP,Population,PS,Persons,F,Female,Y25T29,From 25 to 29 years,H,Historical,1987,,1500388,,A,Normal value,0,Units,0,Zero
DATAFLOW,OECD.ELS.SAE:DSD_POPULATION@DF_POP_HIST(1.0),Historical population data,I,POL,Poland,POP,Population,PS,Persons,F,Female,Y25T29,From 25 to 29 years,H,Historical,1988,,1435311,,A,Normal value,0,Units,0,Zero
DATAFLOW,OECD.ELS.SAE:DSD_POPULATION@DF_POP_HIST(1.0),Historical population data,I,POL,Poland,POP,Population,PS,Persons,F,Female,Y25T29,From 25 to 29 years,H,Historical,1989,,1373296,,A,Normal value,0,Units,0,Zero
DATAFLOW,OECD.ELS.SAE:DSD_POPULATION@DF_POP_HIST(1.0),Historical population data,I,POL,Poland,POP,Population,PS,Persons,F,Female,Y25T29,From 25 to 29 years,H,Historical,1990,,1401086,,A,Normal value,0,Units,0,Zero
DATAFLOW,OECD.ELS.SAE:DSD_POPULATION@DF_POP_HIST(1.0),Historical population data,I,POL,Poland,POP,Population,PS,Persons,F,Female,Y25T29,From 25 to 29 years,H,Historical,1991,,1399952,,A,Normal value,0,Units,0,Zero
DATAFLOW,OECD.ELS.SAE:DSD_POPULATION@DF_POP_HIST(1.0),Historical population data,I,POL,Poland,POP,Population,PS,Persons,F,Female,Y25T29,From 25 to 29 years,H,Historical,1992,,1397086,,A,Normal value,0,Units,0,Zero
DATAFLOW,OECD.ELS.SAE:DSD_POPULATION@DF_POP_HIST(1.0),Historical population data,I,POL,Poland,POP,Population,PS,Persons,F,Female,Y25T29,From 25 to 29 years,H,Historical,1993,,1392370,,A,Normal value,0,Units,0,Zero
DATAFLOW,OECD.ELS.SAE:DSD_POPULATION@DF_POP_HIST(1.0),Historical population data,I,POL,Poland,POP,Population,PS,Persons,F,Female,Y25T29,From 25 to 29 years,H,Historical,1994,,1386283,,A,Normal value,0,Units,0,Zero
DATAFLOW,OECD.ELS.SAE:DSD_POPULATION@DF_POP_HIST(1.0),Historical population data,I,POL,Poland,POP,Population,PS,Persons,F,Female,Y25T29,From 25 to 29 years,H,Historical,1995,,1381165,,A,Normal value,0,Units,0,Zero
DATAFLOW,OECD.ELS.SAE:DSD_POPULATION@DF_POP_HIST(1.0),Historical population data,I,POL,Poland,POP,Population,PS,Persons,F,Female,Y25T29,From 25 to 29 years,H,Historical,1996,,1377840,,A,Normal value,0,Units,0,Zero
DATAFLOW,OECD.ELS.SAE:DSD_POPULATION@DF_POP_HIST(1.0),Historical population data,I,POL,Poland,POP,Population,PS,Persons,F,Female,Y25T29,From 25 to 29 years,H,Historical,1997,,1374855,,A,Normal value,0,Units,0,Zero
DATAFLOW,OECD.ELS.SAE:DSD_POPULATION@DF_POP_HIST(1.0),Historical population data,I,POL,Poland,POP,Population,PS,Persons,F,Female,Y25T29,From 25 to 29 years,H,Historical,1998,,1372865,,A,Normal value,0,Units,0,Zero
DATAFLOW,OECD.ELS.SAE:DSD_POPULATION@DF_POP_HIST(1.0),Historical population data,I,POL,Poland,POP,Population,PS,Persons,F,Female,Y25T29,From 25 to 29 years,H,Historical,1999,,1346650,,A,Normal value,0,Units,0,Zero
DATAFLOW,OECD.ELS.SAE:DSD_POPULATION@DF_POP_HIST(1.0),Historical population data,I,POL,Poland,POP,Population,PS,Persons,F,Female,Y25T29,From 25 to 29 years,H,Historical,2000,,1343482,,A,Normal value,0,Units,0,Zero
DATAFLOW,OECD.ELS.SAE:DSD_POPULATION@DF_POP_HIST(1.0),Historical population data,I,POL,Poland,POP,Population,PS,Persons,F,Female,Y25T29,From 25 to 29 years,H,Historical,2001,,1390232,,A,Normal value,0,Units,0,Zero
DATAFLOW,OECD.ELS.SAE:DSD_POPULATION@DF_POP_HIST(1.0),Historical population data,I,POL,Poland,POP,Population,PS,Persons,F,Female,Y25T29,From 25 to 29 years,H,Historical,2002,,1431494,,A,Normal value,0,Units,0,Zero
DATAFLOW,OECD.ELS.SAE:DSD_POPULATION@DF_POP_HIST(1.0),Historical population data,I,POL,Poland,POP,Population,PS,Persons,F,Female,Y25T29,From 25 to 29 years,H,Historical,2003,,1464714,,A,Normal value,0,Units,0,Zero
DATAFLOW,OECD.ELS.SAE:DSD_POPULATION@DF_POP_HIST(1.0),Historical population data,I,POL,Poland,POP,Population,PS,Persons,F,Female,Y25T29,From 25 to 29 years,H,Historical,2004,,1494793,,A,Normal value,0,Units,0,Zero
DATAFLOW,OECD.ELS.SAE:DSD_POPULATION@DF_POP_HIST(1.0),Historical population data,I,POL,Poland,POP,Population,PS,Persons,F,Female,Y25T29,From 25 to 29 years,H,Historical,2005,,1520692,,A,Normal value,0,Units,0,Zero
DATAFLOW,OECD.ELS.SAE:DSD_POPULATION@DF_POP_HIST(1.0),Historical population data,I,POL,Poland,POP,Population,PS,Persons,F,Female,Y25T29,From 25 to 29 years,H,Historical,2006,,1534413,,A,Normal value,0,Units,0,Zero
DATAFLOW,OECD.ELS.SAE:DSD_POPULATION@DF_POP_HIST(1.0),Historical population data,I,POL,Poland,POP,Population,PS,Persons,F,Female,Y25T29,From 25 to 29 years,H,Historical,2007,,1549616,,A,Normal value,0,Units,0,Zero
DATAFLOW,OECD.ELS.SAE:DSD_POPULATION@DF_POP_HIST(1.0),Historical population data,I,POL,Poland,POP,Population,PS,Persons,F,Female,Y25T29,From 25 to 29 years,H,Historical,2008,,1578730,,A,Normal value,0,Units,0,Zero
DATAFLOW,OECD.ELS.SAE:DSD_POPULATION@DF_POP_HIST(1.0),Historical population data,I,POL,Poland,POP,Population,PS,Persons,F,Female,Y25T29,From 25 to 29 years,H,Historical,2009,,1605707,,A,Normal value,0,Units,0,Zero
DATAFLOW,OECD.ELS.SAE:DSD_POPULATION@DF_POP_HIST(1.0),Historical population data,I,POL,Poland,POP,Population,PS,Persons,F,Female,Y25T29,From 25 to 29 years,H,Historical,2010,,1612667,,A,Normal value,0,Units,0,Zero
DATAFLOW,OECD.ELS.SAE:DSD_POPULATION@DF_POP_HIST(1.0),Historical population data,I,POL,Poland,POP,Population,PS,Persons,F,Female,Y25T29,From 25 to 29 years,H,Historical,2011,,1603585,,A,Normal value,0,Units,0,Zero
DATAFLOW,OECD.ELS.SAE:DSD_POPULATION@DF_POP_HIST(1.0),Historical population data,I,POL,Poland,POP,Population,PS,Persons,F,Female,Y25T29,From 25 to 29 years,H,Historical,2012,,1575546,,A,Normal value,0,Units,0,Zero
DATAFLOW,OECD.ELS.SAE:DSD_POPULATION@DF_POP_HIST(1.0),Historical population data,I,POL,Poland,POP,Population,PS,Persons,F,Female,Y25T29,From 25 to 29 years,H,Historical,2013,,1525626,,A,Normal value,0,Units,0,Zero
DATAFLOW,OECD.ELS.SAE:DSD_POPULATION@DF_POP_HIST(1.0),Historical population data,I,POL,Poland,POP,Population,PS,Persons,F,Female,Y25T29,From 25 to 29 years,H,Historical,2014,,1468864,,A,Normal value,0,Units,0,Zero
DATAFLOW,OECD.ELS.SAE:DSD_POPULATION@DF_POP_HIST(1.0),Historical population data,I,POL,Poland,POP,Population,PS,Persons,F,Female,Y25T29,From 25 to 29 years,H,Historical,2015,,1417040,,A,Normal value,0,Units,0,Zero
DATAFLOW,OECD.ELS.SAE:DSD_POPULATION@DF_POP_HIST(1.0),Historical population data,I,POL,Poland,POP,Population,PS,Persons,F,Female,Y25T29,From 25 to 29 years,H,Historical,2016,,1373836,,A,Normal value,0,Units,0,Zero
DATAFLOW,OECD.ELS.SAE:DSD_POPULATION@DF_POP_HIST(1.0),Historical population data,I,POL,Poland,POP,Population,PS,Persons,F,Female,Y25T29,From 25 to 29 years,H,Historical,2017,,1336564,,A,Normal value,0,Units,0,Zero
DATAFLOW,OECD.ELS.SAE:DSD_POPULATION@DF_POP_HIST(1.0),Historical population data,I,POL,Poland,POP,Population,PS,Persons,F,Female,Y25T29,From 25 to 29 years,H,Historical,2018,,1296586,,A,Normal value,0,Units,0,Zero
DATAFLOW,OECD.ELS.SAE:DSD_POPULATION@DF_POP_HIST(1.0),Historical population data,I,POL,Poland,POP,Population,PS,Persons,F,Female,Y25T29,From 25 to 29 years,H,Historical,2019,,1254588,,A,Normal value,0,Units,0,Zero
DATAFLOW,OECD.ELS.SAE:DSD_POPULATION@DF_POP_HIST(1.0),Historical population data,I,POL,Poland,POP,Population,PS,Persons,F,Female,Y25T29,From 25 to 29 years,H,Historical,2022,,1094583,,A,Normal value,0,Units,0,Zero
DATAFLOW,OECD.ELS.SAE:DSD_POPULATION@DF_POP_HIST(1.0),Historical population data,I,POL,Poland,POP,Population,PS,Persons,F,Female,Y_LT20,Less than 20 years,H,Historical,1960,,5823645,,A,Normal value,0,Units,0,Zero
DATAFLOW,OECD.ELS.SAE:DSD_POPULATION@DF_POP_HIST(1.0),Historical population data,I,POL,Poland,POP,Population,PS,Persons,F,Female,Y_LT20,Less than 20 years,H,Historical,1961,,5889200,,A,Normal value,0,Units,0,Zero
DATAFLOW,OECD.ELS.SAE:DSD_POPULATION@DF_POP_HIST(1.0),Historical population data,I,POL,Poland,POP,Population,PS,Persons,F,Female,Y_LT20,Less than 20 years,H,Historical,1962,,5968300,,A,Normal value,0,Units,0,Zero
DATAFLOW,OECD.ELS.SAE:DSD_POPULATION@DF_POP_HIST(1.0),Historical population data,I,POL,Poland,POP,Population,PS,Persons,F,Female,Y_LT20,Less than 20 years,H,Historical,1963,,6064200,,A,Normal value,0,Units,0,Zero
DATAFLOW,OECD.ELS.SAE:DSD_POPULATION@DF_POP_HIST(1.0),Historical population data,I,POL,Poland,POP,Population,PS,Persons,F,Female,Y_LT20,Less than 20 years,H,Historical,1964,,6159800,,A,Normal value,0,Units,0,Zero
DATAFLOW,OECD.ELS.SAE:DSD_POPULATION@DF_POP_HIST(1.0),Historical population data,I,POL,Poland,POP,Population,PS,Persons,F,Female,Y_LT20,Less than 20 years,H,Historical,1965,,6199200,,A,Normal value,0,Units,0,Zero
DATAFLOW,OECD.ELS.SAE:DSD_POPULATION@DF_POP_HIST(1.0),Historical population data,I,POL,Poland,POP,Population,PS,Persons,F,Female,Y_LT20,Less than 20 years,H,Historical,1966,,6196300,,A,Normal value,0,Units,0,Zero
DATAFLOW,OECD.ELS.SAE:DSD_POPULATION@DF_POP_HIST(1.0),Historical population data,I,POL,Poland,POP,Population,PS,Persons,F,Female,Y_LT20,Less than 20 years,H,Historical,1967,,6162400,,A,Normal value,0,Units,0,Zero
DATAFLOW,OECD.ELS.SAE:DSD_POPULATION@DF_POP_HIST(1.0),Historical population data,I,POL,Poland,POP,Population,PS,Persons,F,Female,Y_LT20,Less than 20 years,H,Historical,1968,,6119800,,A,Normal value,0,Units,0,Zero
DATAFLOW,OECD.ELS.SAE:DSD_POPULATION@DF_POP_HIST(1.0),Historical population data,I,POL,Poland,POP,Population,PS,Persons,F,Female,Y_LT20,Less than 20 years,H,Historical,1969,,6047800,,A,Normal value,0,Units,0,Zero
DATAFLOW,OECD.ELS.SAE:DSD_POPULATION@DF_POP_HIST(1.0),Historical population data,I,POL,Poland,POP,Population,PS,Persons,F,Female,Y_LT20,Less than 20 years,H,Historical,1970,,5923888,,A,Normal value,0,Units,0,Zero
DATAFLOW,OECD.ELS.SAE:DSD_POPULATION@DF_POP_HIST(1.0),Historical population data,I,POL,Poland,POP,Population,PS,Persons,F,Female,Y_LT20,Less than 20 years,H,Historical,1971,,5899600,,A,Normal value,0,Units,0,Zero
DATAFLOW,OECD.ELS.SAE:DSD_POPULATION@DF_POP_HIST(1.0),Historical population data,I,POL,Poland,POP,Population,PS,Persons,F,Female,Y_LT20,Less than 20 years,H,Historical,1972,,5837000,,A,Normal value,0,Units,0,Zero
DATAFLOW,OECD.ELS.SAE:DSD_POPULATION@DF_POP_HIST(1.0),Historical population data,I,POL,Poland,POP,Population,PS,Persons,F,Female,Y_LT20,Less than 20 years,H,Historical,1973,,5770300,,A,Normal value,0,Units,0,Zero
DATAFLOW,OECD.ELS.SAE:DSD_POPULATION@DF_POP_HIST(1.0),Historical population data,I,POL,Poland,POP,Population,PS,Persons,F,Female,Y_LT20,Less than 20 years,H,Historical,1974,,5714323,,A,Normal value,0,Units,0,Zero
DATAFLOW,OECD.ELS.SAE:DSD_POPULATION@DF_POP_HIST(1.0),Historical population data,I,POL,Poland,POP,Population,PS,Persons,F,Female,Y_LT20,Less than 20 years,H,Historical,1975,,5664810,,A,Normal value,0,Units,0,Zero
DATAFLOW,OECD.ELS.SAE:DSD_POPULATION@DF_POP_HIST(1.0),Historical population data,I,POL,Poland,POP,Population,PS,Persons,F,Female,Y_LT20,Less than 20 years,H,Historical,1976,,5623475,,A,Normal value,0,Units,0,Zero
DATAFLOW,OECD.ELS.SAE:DSD_POPULATION@DF_POP_HIST(1.0),Historical population data,I,POL,Poland,POP,Population,PS,Persons,F,Female,Y_LT20,Less than 20 years,H,Historical,1977,,5589558,,A,Normal value,0,Units,0,Zero
DATAFLOW,OECD.ELS.SAE:DSD_POPULATION@DF_POP_HIST(1.0),Historical population data,I,POL,Poland,POP,Population,PS,Persons,F,Female,Y_LT20,Less than 20 years,H,Historical,1978,,5556923,,A,Normal value,0,Units,0,Zero
DATAFLOW,OECD.ELS.SAE:DSD_POPULATION@DF_POP_HIST(1.0),Historical population data,I,POL,Poland,POP,Population,PS,Persons,F,Female,Y_LT20,Less than 20 years,H,Historical,1979,,5548575,,A,Normal value,0,Units,0,Zero
DATAFLOW,OECD.ELS.SAE:DSD_POPULATION@DF_POP_HIST(1.0),Historical population data,I,POL,Poland,POP,Population,PS,Persons,F,Female,Y_LT20,Less than 20 years,H,Historical,1980,,5568568,,A,Normal value,0,Units,0,Zero
DATAFLOW,OECD.ELS.SAE:DSD_POPULATION@DF_POP_HIST(1.0),Historical population data,I,POL,Poland,POP,Population,PS,Persons,F,Female,Y_LT20,Less than 20 years,H,Historical,1981,,5600167,,A,Normal value,0,Units,0,Zero
DATAFLOW,OECD.ELS.SAE:DSD_POPULATION@DF_POP_HIST(1.0),Historical population data,I,POL,Poland,POP,Population,PS,Persons,F,Female,Y_LT20,Less than 20 years,H,Historical,1982,,5649067,,A,Normal value,0,Units,0,Zero
DATAFLOW,OECD.ELS.SAE:DSD_POPULATION@DF_POP_HIST(1.0),Historical population data,I,POL,Poland,POP,Population,PS,Persons,F,Female,Y_LT20,Less than 20 years,H,Historical,1983,,5716453,,A,Normal value,0,Units,0,Zero
DATAFLOW,OECD.ELS.SAE:DSD_POPULATION@DF_POP_HIST(1.0),Historical population data,I,POL,Poland,POP,Population,PS,Persons,F,Female,Y_LT20,Less than 20 years,H,Historical,1984,,5792710,,A,Normal value,0,Units,0,Zero
DATAFLOW,OECD.ELS.SAE:DSD_POPULATION@DF_POP_HIST(1.0),Historical population data,I,POL,Poland,POP,Population,PS,Persons,F,Female,Y_LT20,Less than 20 years,H,Historical,1985,,5864189,,A,Normal value,0,Units,0,Zero
DATAFLOW,OECD.ELS.SAE:DSD_POPULATION@DF_POP_HIST(1.0),Historical population data,I,POL,Poland,POP,Population,PS,Persons,F,Female,Y_LT20,Less than 20 years,H,Historical,1986,,5928708,,A,Normal value,0,Units,0,Zero
DATAFLOW,OECD.ELS.SAE:DSD_POPULATION@DF_POP_HIST(1.0),Historical population data,I,POL,Poland,POP,Population,PS,Persons,F,Female,Y_LT20,Less than 20 years,H,Historical,1987,,5975102,,A,Normal value,0,Units,0,Zero
DATAFLOW,OECD.ELS.SAE:DSD_POPULATION@DF_POP_HIST(1.0),Historical population data,I,POL,Poland,POP,Population,PS,Persons,F,Female,Y_LT20,Less than 20 years,H,Historical,1988,,6014660,,A,Normal value,0,Units,0,Zero
DATAFLOW,OECD.ELS.SAE:DSD_POPULATION@DF_POP_HIST(1.0),Historical population data,I,POL,Poland,POP,Population,PS,Persons,F,Female,Y_LT20,Less than 20 years,H,Historical,1989,,6056428,,A,Normal value,0,Units,0,Zero
DATAFLOW,OECD.ELS.SAE:DSD_POPULATION@DF_POP_HIST(1.0),Historical population data,I,POL,Poland,POP,Population,PS,Persons,F,Female,Y_LT20,Less than 20 years,H,Historical,1990,,5950491,,A,Normal value,0,Units,0,Zero
DATAFLOW,OECD.ELS.SAE:DSD_POPULATION@DF_POP_HIST(1.0),Historical population data,I,POL,Poland,POP,Population,PS,Persons,F,Female,Y_LT20,Less than 20 years,H,Historical,1991,,5878704,,A,Normal value,0,Units,0,Zero
DATAFLOW,OECD.ELS.SAE:DSD_POPULATION@DF_POP_HIST(1.0),Historical population data,I,POL,Poland,POP,Population,PS,Persons,F,Female,Y_LT20,Less than 20 years,H,Historical,1992,,5802298,,A,Normal value,0,Units,0,Zero
DATAFLOW,OECD.ELS.SAE:DSD_POPULATION@DF_POP_HIST(1.0),Historical population data,I,POL,Poland,POP,Population,PS,Persons,F,Female,Y_LT20,Less than 20 years,H,Historical,1993,,5722242,,A,Normal value,0,Units,0,Zero
DATAFLOW,OECD.ELS.SAE:DSD_POPULATION@DF_POP_HIST(1.0),Historical population data,I,POL,Poland,POP,Population,PS,Persons,F,Female,Y_LT20,Less than 20 years,H,Historical,1994,,5650756,,A,Normal value,0,Units,0,Zero
DATAFLOW,OECD.ELS.SAE:DSD_POPULATION@DF_POP_HIST(1.0),Historical population data,I,POL,Poland,POP,Population,PS,Persons,F,Female,Y_LT20,Less than 20 years,H,Historical,1995,,5584588,,A,Normal value,0,Units,0,Zero
DATAFLOW,OECD.ELS.SAE:DSD_POPULATION@DF_POP_HIST(1.0),Historical population data,I,POL,Poland,POP,Population,PS,Persons,F,Female,Y_LT20,Less than 20 years,H,Historical,1996,,5516273,,A,Normal value,0,Units,0,Zero
DATAFLOW,OECD.ELS.SAE:DSD_POPULATION@DF_POP_HIST(1.0),Historical population data,I,POL,Poland,POP,Population,PS,Persons,F,Female,Y_LT20,Less than 20 years,H,Historical,1997,,5447707,,A,Normal value,0,Units,0,Zero
DATAFLOW,OECD.ELS.SAE:DSD_POPULATION@DF_POP_HIST(1.0),Historical population data,I,POL,Poland,POP,Population,PS,Persons,F,Female,Y_LT20,Less than 20 years,H,Historical,1998,,5376733,,A,Normal value,0,Units,0,Zero
DATAFLOW,OECD.ELS.SAE:DSD_POPULATION@DF_POP_HIST(1.0),Historical population data,I,POL,Poland,POP,Population,PS,Persons,F,Female,Y_LT20,Less than 20 years,H,Historical,1999,,5341237,,A,Normal value,0,Units,0,Zero
DATAFLOW,OECD.ELS.SAE:DSD_POPULATION@DF_POP_HIST(1.0),Historical population data,I,POL,Poland,POP,Population,PS,Persons,F,Female,Y_LT20,Less than 20 years,H,Historical,2000,,5268650,,A,Normal value,0,Units,0,Zero
DATAFLOW,OECD.ELS.SAE:DSD_POPULATION@DF_POP_HIST(1.0),Historical population data,I,POL,Poland,POP,Population,PS,Persons,F,Female,Y_LT20,Less than 20 years,H,Historical,2001,,5126529,,A,Normal value,0,Units,0,Zero
DATAFLOW,OECD.ELS.SAE:DSD_POPULATION@DF_POP_HIST(1.0),Historical population data,I,POL,Poland,POP,Population,PS,Persons,F,Female,Y_LT20,Less than 20 years,H,Historical,2002,,4976141,,A,Normal value,0,Units,0,Zero
DATAFLOW,OECD.ELS.SAE:DSD_POPULATION@DF_POP_HIST(1.0),Historical population data,I,POL,Poland,POP,Population,PS,Persons,F,Female,Y_LT20,Less than 20 years,H,Historical,2003,,4813487,,A,Normal value,0,Units,0,Zero
DATAFLOW,OECD.ELS.SAE:DSD_POPULATION@DF_POP_HIST(1.0),Historical population data,I,POL,Poland,POP,Population,PS,Persons,F,Female,Y_LT20,Less than 20 years,H,Historical,2004,,4647326,,A,Normal value,0,Units,0,Zero
DATAFLOW,OECD.ELS.SAE:DSD_POPULATION@DF_POP_HIST(1.0),Historical population data,I,POL,Poland,POP,Population,PS,Persons,F,Female,Y_LT20,Less than 20 years,H,Historical,2005,,4494323,,A,Normal value,0,Units,0,Zero
DATAFLOW,OECD.ELS.SAE:DSD_POPULATION@DF_POP_HIST(1.0),Historical population data,I,POL,Poland,POP,Population,PS,Persons,F,Female,Y_LT20,Less than 20 years,H,Historical,2006,,4357987,,A,Normal value,0,Units,0,Zero
DATAFLOW,OECD.ELS.SAE:DSD_POPULATION@DF_POP_HIST(1.0),Historical population data,I,POL,Poland,POP,Population,PS,Persons,F,Female,Y_LT20,Less than 20 years,H,Historical,2007,,4247570,,A,Normal value,0,Units,0,Zero
DATAFLOW,OECD.ELS.SAE:DSD_POPULATION@DF_POP_HIST(1.0),Historical population data,I,POL,Poland,POP,Population,PS,Persons,F,Female,Y_LT20,Less than 20 years,H,Historical,2008,,4158409,,A,Normal value,0,Units,0,Zero
DATAFLOW,OECD.ELS.SAE:DSD_POPULATION@DF_POP_HIST(1.0),Historical population data,I,POL,Poland,POP,Population,PS,Persons,F,Female,Y_LT20,Less than 20 years,H,Historical,2009,,4090645,,A,Normal value,0,Units,0,Zero
DATAFLOW,OECD.ELS.SAE:DSD_POPULATION@DF_POP_HIST(1.0),Historical population data,I,POL,Poland,POP,Population,PS,Persons,F,Female,Y_LT20,Less than 20 years,H,Historical,2010,,4073897,,A,Normal value,0,Units,0,Zero
DATAFLOW,OECD.ELS.SAE:DSD_POPULATION@DF_POP_HIST(1.0),Historical population data,I,POL,Poland,POP,Population,PS,Persons,F,Female,Y_LT20,Less than 20 years,H,Historical,2011,,4000433,,A,Normal value,0,Units,0,Zero
DATAFLOW,OECD.ELS.SAE:DSD_POPULATION@DF_POP_HIST(1.0),Historical population data,I,POL,Poland,POP,Population,PS,Persons,F,Female,Y_LT20,Less than 20 years,H,Historical,2012,,3936565,,A,Normal value,0,Units,0,Zero
DATAFLOW,OECD.ELS.SAE:DSD_POPULATION@DF_POP_HIST(1.0),Historical population data,I,POL,Poland,POP,Population,PS,Persons,F,Female,Y_LT20,Less than 20 years,H,Historical,2013,,3876193,,A,Normal value,0,Units,0,Zero
DATAFLOW,OECD.ELS.SAE:DSD_POPULATION@DF_POP_HIST(1.0),Historical population data,I,POL,Poland,POP,Population,PS,Persons,F,Female,Y_LT20,Less than 20 years,H,Historical,2014,,3822742,,A,Normal value,0,Units,0,Zero
DATAFLOW,OECD.ELS.SAE:DSD_POPULATION@DF_POP_HIST(1.0),Historical population data,I,POL,Poland,POP,Population,PS,Persons,F,Female,Y_LT20,Less than 20 years,H,Historical,2015,,3782232,,A,Normal value,0,Units,0,Zero
DATAFLOW,OECD.ELS.SAE:DSD_POPULATION@DF_POP_HIST(1.0),Historical population data,I,POL,Poland,POP,Population,PS,Persons,F,Female,Y_LT20,Less than 20 years,H,Historical,2016,,3753540,,A,Normal value,0,Units,0,Zero
DATAFLOW,OECD.ELS.SAE:DSD_POPULATION@DF_POP_HIST(1.0),Historical population data,I,POL,Poland,POP,Population,PS,Persons,F,Female,Y_LT20,Less than 20 years,H,Historical,2017,,3745279,,A,Normal value,0,Units,0,Zero
DATAFLOW,OECD.ELS.SAE:DSD_POPULATION@DF_POP_HIST(1.0),Historical population data,I,POL,Poland,POP,Population,PS,Persons,F,Female,Y_LT20,Less than 20 years,H,Historical,2018,,3744042,,A,Normal value,0,Units,0,Zero
DATAFLOW,OECD.ELS.SAE:DSD_POPULATION@DF_POP_HIST(1.0),Historical population data,I,POL,Poland,POP,Population,PS,Persons,F,Female,Y_LT20,Less than 20 years,H,Historical,2019,,3741610,,A,Normal value,0,Units,0,Zero
DATAFLOW,OECD.ELS.SAE:DSD_POPULATION@DF_POP_HIST(1.0),Historical population data,I,POL,Poland,POP,Population,PS,Persons,F,Female,Y_LT20,Less than 20 years,H,Historical,2022,,3732142,,A,Normal value,0,Units,0,Zero
DATAFLOW,OECD.ELS.SAE:DSD_POPULATION@DF_POP_HIST(1.0),Historical population data,I,POL,Poland,POP,Population,PS,Persons,F,Female,Y15T64,From 15 to 64 years,H,Historical,1960,,9381565,,A,Normal value,0,Units,0,Zero
DATAFLOW,OECD.ELS.SAE:DSD_POPULATION@DF_POP_HIST(1.0),Historical population data,I,POL,Poland,POP,Population,PS,Persons,F,Female,Y15T64,From 15 to 64 years,H,Historical,1961,,9464600,,A,Normal value,0,Units,0,Zero
DATAFLOW,OECD.ELS.SAE:DSD_POPULATION@DF_POP_HIST(1.0),Historical population data,I,POL,Poland,POP,Population,PS,Persons,F,Female,Y15T64,From 15 to 64 years,H,Historical,1962,,9591000,,A,Normal value,0,Units,0,Zero
DATAFLOW,OECD.ELS.SAE:DSD_POPULATION@DF_POP_HIST(1.0),Historical population data,I,POL,Poland,POP,Population,PS,Persons,F,Female,Y15T64,From 15 to 64 years,H,Historical,1963,,9721500,,A,Normal value,0,Units,0,Zero
DATAFLOW,OECD.ELS.SAE:DSD_POPULATION@DF_POP_HIST(1.0),Historical population data,I,POL,Poland,POP,Population,PS,Persons,F,Female,Y15T64,From 15 to 64 years,H,Historical,1964,,9930000,,A,Normal value,0,Units,0,Zero
DATAFLOW,OECD.ELS.SAE:DSD_POPULATION@DF_POP_HIST(1.0),Historical population data,I,POL,Poland,POP,Population,PS,Persons,F,Female,Y15T64,From 15 to 64 years,H,Historical,1965,,10111700,,A,Normal value,0,Units,0,Zero
DATAFLOW,OECD.ELS.SAE:DSD_POPULATION@DF_POP_HIST(1.0),Historical population data,I,POL,Poland,POP,Population,PS,Persons,F,Female,Y15T64,From 15 to 64 years,H,Historical,1966,,10244500,,A,Normal value,0,Units,0,Zero
DATAFLOW,OECD.ELS.SAE:DSD_POPULATION@DF_POP_HIST(1.0),Historical population data,I,POL,Poland,POP,Population,PS,Persons,F,Female,Y15T64,From 15 to 64 years,H,Historical,1967,,10404100,,A,Normal value,0,Units,0,Zero
DATAFLOW,OECD.ELS.SAE:DSD_POPULATION@DF_POP_HIST(1.0),Historical population data,I,POL,Poland,POP,Population,PS,Persons,F,Female,Y15T64,From 15 to 64 years,H,Historical,1968,,10588000,,A,Normal value,0,Units,0,Zero
DATAFLOW,OECD.ELS.SAE:DSD_POPULATION@DF_POP_HIST(1.0),Historical population data,I,POL,Poland,POP,Population,PS,Persons,F,Female,Y15T64,From 15 to 64 years,H,Historical,1969,,10751300,,A,Normal value,0,Units,0,Zero
DATAFLOW,OECD.ELS.SAE:DSD_POPULATION@DF_POP_HIST(1.0),Historical population data,I,POL,Poland,POP,Population,PS,Persons,F,Female,Y15T64,From 15 to 64 years,H,Historical,1970,,10886287,,A,Normal value,0,Units,0,Zero
DATAFLOW,OECD.ELS.SAE:DSD_POPULATION@DF_POP_HIST(1.0),Historical population data,I,POL,Poland,POP,Population,PS,Persons,F,Female,Y15T64,From 15 to 64 years,H,Historical,1971,,10934100,,A,Normal value,0,Units,0,Zero
DATAFLOW,OECD.ELS.SAE:DSD_POPULATION@DF_POP_HIST(1.0),Historical population data,I,POL,Poland,POP,Population,PS,Persons,F,Female,Y15T64,From 15 to 64 years,H,Historical,1972,,11114000,,A,Normal value,0,Units,0,Zero
DATAFLOW,OECD.ELS.SAE:DSD_POPULATION@DF_POP_HIST(1.0),Historical population data,I,POL,Poland,POP,Population,PS,Persons,F,Female,Y15T64,From 15 to 64 years,H,Historical,1973,,11262100,,A,Normal value,0,Units,0,Zero
DATAFLOW,OECD.ELS.SAE:DSD_POPULATION@DF_POP_HIST(1.0),Historical population data,I,POL,Poland,POP,Population,PS,Persons,F,Female,Y15T64,From 15 to 64 years,H,Historical,1974,,11397673,,A,Normal value,0,Units,0,Zero
DATAFLOW,OECD.ELS.SAE:DSD_POPULATION@DF_POP_HIST(1.0),Historical population data,I,POL,Poland,POP,Population,PS,Persons,F,Female,Y15T64,From 15 to 64 years,H,Historical,1975,,11510215,,A,Normal value,0,Units,0,Zero
DATAFLOW,OECD.ELS.SAE:DSD_POPULATION@DF_POP_HIST(1.0),Historical population data,I,POL,Poland,POP,Population,PS,Persons,F,Female,Y15T64,From 15 to 64 years,H,Historical,1976,,11604118,,A,Normal value,0,Units,0,Zero
DATAFLOW,OECD.ELS.SAE:DSD_POPULATION@DF_POP_HIST(1.0),Historical population data,I,POL,Poland,POP,Population,PS,Persons,F,Female,Y15T64,From 15 to 64 years,H,Historical,1977,,11674301,,A,Normal value,0,Units,0,Zero
DATAFLOW,OECD.ELS.SAE:DSD_POPULATION@DF_POP_HIST(1.0),Historical population data,I,POL,Poland,POP,Population,PS,Persons,F,Female,Y15T64,From 15 to 64 years,H,Historical,1978,,11736985,,A,Normal value,0,Units,0,Zero
DATAFLOW,OECD.ELS.SAE:DSD_POPULATION@DF_POP_HIST(1.0),Historical population data,I,POL,Poland,POP,Population,PS,Persons,F,Female,Y15T64,From 15 to 64 years,H,Historical,1979,,11743892,,A,Normal value,0,Units,0,Zero
DATAFLOW,OECD.ELS.SAE:DSD_POPULATION@DF_POP_HIST(1.0),Historical population data,I,POL,Poland,POP,Population,PS,Persons,F,Female,Y15T64,From 15 to 64 years,H,Historical,1980,,11815628,,A,Normal value,0,Units,0,Zero
DATAFLOW,OECD.ELS.SAE:DSD_POPULATION@DF_POP_HIST(1.0),Historical population data,I,POL,Poland,POP,Population,PS,Persons,F,Female,Y15T64,From 15 to 64 years,H,Historical,1981,,11908817,,A,Normal value,0,Units,0,Zero
DATAFLOW,OECD.ELS.SAE:DSD_POPULATION@DF_POP_HIST(1.0),Historical population data,I,POL,Poland,POP,Population,PS,Persons,F,Female,Y15T64,From 15 to 64 years,H,Historical,1982,,12003402,,A,Normal value,0,Units,0,Zero
DATAFLOW,OECD.ELS.SAE:DSD_POPULATION@DF_POP_HIST(1.0),Historical population data,I,POL,Poland,POP,Population,PS,Persons,F,Female,Y15T64,From 15 to 64 years,H,Historical,1983,,12098311,,A,Normal value,0,Units,0,Zero
DATAFLOW,OECD.ELS.SAE:DSD_POPULATION@DF_POP_HIST(1.0),Historical population data,I,POL,Poland,POP,Population,PS,Persons,F,Female,Y15T64,From 15 to 64 years,H,Historical,1984,,12176090,,A,Normal value,0,Units,0,Zero
DATAFLOW,OECD.ELS.SAE:DSD_POPULATION@DF_POP_HIST(1.0),Historical population data,I,POL,Poland,POP,Population,PS,Persons,F,Female,Y15T64,From 15 to 64 years,H,Historical,1985,,12234163,,A,Normal value,0,Units,0,Zero
DATAFLOW,OECD.ELS.SAE:DSD_POPULATION@DF_POP_HIST(1.0),Historical population data,I,POL,Poland,POP,Population,PS,Persons,F,Female,Y15T64,From 15 to 64 years,H,Historical,1986,,12287510,,A,Normal value,0,Units,0,Zero
DATAFLOW,OECD.ELS.SAE:DSD_POPULATION@DF_POP_HIST(1.0),Historical population data,I,POL,Poland,POP,Population,PS,Persons,F,Female,Y15T64,From 15 to 64 years,H,Historical,1987,,12336500,,A,Normal value,0,Units,0,Zero
DATAFLOW,OECD.ELS.SAE:DSD_POPULATION@DF_POP_HIST(1.0),Historical population data,I,POL,Poland,POP,Population,PS,Persons,F,Female,Y15T64,From 15 to 64 years,H,Historical,1988,,12376533,,A,Normal value,0,Units,0,Zero
DATAFLOW,OECD.ELS.SAE:DSD_POPULATION@DF_POP_HIST(1.0),Historical population data,I,POL,Poland,POP,Population,PS,Persons,F,Female,Y15T64,From 15 to 64 years,H,Historical,1989,,12407103,,A,Normal value,0,Units,0,Zero
DATAFLOW,OECD.ELS.SAE:DSD_POPULATION@DF_POP_HIST(1.0),Historical population data,I,POL,Poland,POP,Population,PS,Persons,F,Female,Y15T64,From 15 to 64 years,H,Historical,1990,,12504249,,A,Normal value,0,Units,0,Zero
DATAFLOW,OECD.ELS.SAE:DSD_POPULATION@DF_POP_HIST(1.0),Historical population data,I,POL,Poland,POP,Population,PS,Persons,F,Female,Y15T64,From 15 to 64 years,H,Historical,1991,,12590410,,A,Normal value,0,Units,0,Zero
DATAFLOW,OECD.ELS.SAE:DSD_POPULATION@DF_POP_HIST(1.0),Historical population data,I,POL,Poland,POP,Population,PS,Persons,F,Female,Y15T64,From 15 to 64 years,H,Historical,1992,,12674468,,A,Normal value,0,Units,0,Zero
DATAFLOW,OECD.ELS.SAE:DSD_POPULATION@DF_POP_HIST(1.0),Historical population data,I,POL,Poland,POP,Population,PS,Persons,F,Female,Y15T64,From 15 to 64 years,H,Historical,1993,,12750960,,A,Normal value,0,Units,0,Zero
DATAFLOW,OECD.ELS.SAE:DSD_POPULATION@DF_POP_HIST(1.0),Historical population data,I,POL,Poland,POP,Population,PS,Persons,F,Female,Y15T64,From 15 to 64 years,H,Historical,1994,,12819979,,A,Normal value,0,Units,0,Zero
DATAFLOW,OECD.ELS.SAE:DSD_POPULATION@DF_POP_HIST(1.0),Historical population data,I,POL,Poland,POP,Population,PS,Persons,F,Female,Y15T64,From 15 to 64 years,H,Historical,1995,,12889263,,A,Normal value,0,Units,0,Zero
DATAFLOW,OECD.ELS.SAE:DSD_POPULATION@DF_POP_HIST(1.0),Historical population data,I,POL,Poland,POP,Population,PS,Persons,F,Female,Y15T64,From 15 to 64 years,H,Historical,1996,,12956758,,A,Normal value,0,Units,0,Zero
DATAFLOW,OECD.ELS.SAE:DSD_POPULATION@DF_POP_HIST(1.0),Historical population data,I,POL,Poland,POP,Population,PS,Persons,F,Female,Y15T64,From 15 to 64 years,H,Historical,1997,,13021590,,A,Normal value,0,Units,0,Zero
DATAFLOW,OECD.ELS.SAE:DSD_POPULATION@DF_POP_HIST(1.0),Historical population data,I,POL,Poland,POP,Population,PS,Persons,F,Female,Y15T64,From 15 to 64 years,H,Historical,1998,,13083187,,A,Normal value,0,Units,0,Zero
DATAFLOW,OECD.ELS.SAE:DSD_POPULATION@DF_POP_HIST(1.0),Historical population data,I,POL,Poland,POP,Population,PS,Persons,F,Female,Y15T64,From 15 to 64 years,H,Historical,1999,,13123363,,A,Normal value,0,Units,0,Zero
DATAFLOW,OECD.ELS.SAE:DSD_POPULATION@DF_POP_HIST(1.0),Historical population data,I,POL,Poland,POP,Population,PS,Persons,F,Female,Y15T64,From 15 to 64 years,H,Historical,2000,,13175531,,A,Normal value,0,Units,0,Zero
DATAFLOW,OECD.ELS.SAE:DSD_POPULATION@DF_POP_HIST(1.0),Historical population data,I,POL,Poland,POP,Population,PS,Persons,F,Female,Y15T64,From 15 to 64 years,H,Historical,2001,,13255159,,A,Normal value,0,Units,0,Zero
DATAFLOW,OECD.ELS.SAE:DSD_POPULATION@DF_POP_HIST(1.0),Historical population data,I,POL,Poland,POP,Population,PS,Persons,F,Female,Y15T64,From 15 to 64 years,H,Historical,2002,,13321331,,A,Normal value,0,Units,0,Zero
DATAFLOW,OECD.ELS.SAE:DSD_POPULATION@DF_POP_HIST(1.0),Historical population data,I,POL,Poland,POP,Population,PS,Persons,F,Female,Y15T64,From 15 to 64 years,H,Historical,2003,,13385311,,A,Normal value,0,Units,0,Zero
DATAFLOW,OECD.ELS.SAE:DSD_POPULATION@DF_POP_HIST(1.0),Historical population data,I,POL,Poland,POP,Population,PS,Persons,F,Female,Y15T64,From 15 to 64 years,H,Historical,2004,,13445333,,A,Normal value,0,Units,0,Zero
DATAFLOW,OECD.ELS.SAE:DSD_POPULATION@DF_POP_HIST(1.0),Historical population data,I,POL,Poland,POP,Population,PS,Persons,F,Female,Y15T64,From 15 to 64 years,H,Historical,2005,,13501583,,A,Normal value,0,Units,0,Zero
DATAFLOW,OECD.ELS.SAE:DSD_POPULATION@DF_POP_HIST(1.0),Historical population data,I,POL,Poland,POP,Population,PS,Persons,F,Female,Y15T64,From 15 to 64 years,H,Historical,2006,,13553607,,A,Normal value,0,Units,0,Zero
DATAFLOW,OECD.ELS.SAE:DSD_POPULATION@DF_POP_HIST(1.0),Historical population data,I,POL,Poland,POP,Population,PS,Persons,F,Female,Y15T64,From 15 to 64 years,H,Historical,2007,,13607408,,A,Normal value,0,Units,0,Zero
DATAFLOW,OECD.ELS.SAE:DSD_POPULATION@DF_POP_HIST(1.0),Historical population data,I,POL,Poland,POP,Population,PS,Persons,F,Female,Y15T64,From 15 to 64 years,H,Historical,2008,,13654337,,A,Normal value,0,Units,0,Zero
DATAFLOW,OECD.ELS.SAE:DSD_POPULATION@DF_POP_HIST(1.0),Historical population data,I,POL,Poland,POP,Population,PS,Persons,F,Female,Y15T64,From 15 to 64 years,H,Historical,2009,,13691090,,A,Normal value,0,Units,0,Zero
DATAFLOW,OECD.ELS.SAE:DSD_POPULATION@DF_POP_HIST(1.0),Historical population data,I,POL,Poland,POP,Population,PS,Persons,F,Female,Y15T64,From 15 to 64 years,H,Historical,2010,,13783612,,A,Normal value,0,Units,0,Zero
DATAFLOW,OECD.ELS.SAE:DSD_POPULATION@DF_POP_HIST(1.0),Historical population data,I,POL,Poland,POP,Population,PS,Persons,F,Female,Y15T64,From 15 to 64 years,H,Historical,2011,,13768968,,A,Normal value,0,Units,0,Zero
DATAFLOW,OECD.ELS.SAE:DSD_POPULATION@DF_POP_HIST(1.0),Historical population data,I,POL,Poland,POP,Population,PS,Persons,F,Female,Y15T64,From 15 to 64 years,H,Historical,2012,,13707173,,A,Normal value,0,Units,0,Zero
DATAFLOW,OECD.ELS.SAE:DSD_POPULATION@DF_POP_HIST(1.0),Historical population data,I,POL,Poland,POP,Population,PS,Persons,F,Female,Y15T64,From 15 to 64 years,H,Historical,2013,,13615975,,A,Normal value,0,Units,0,Zero
DATAFLOW,OECD.ELS.SAE:DSD_POPULATION@DF_POP_HIST(1.0),Historical population data,I,POL,Poland,POP,Population,PS,Persons,F,Female,Y15T64,From 15 to 64 years,H,Historical,2014,,13508907,,A,Normal value,0,Units,0,Zero
DATAFLOW,OECD.ELS.SAE:DSD_POPULATION@DF_POP_HIST(1.0),Historical population data,I,POL,Poland,POP,Population,PS,Persons,F,Female,Y15T64,From 15 to 64 years,H,Historical,2015,,13393808,,A,Normal value,0,Units,0,Zero
DATAFLOW,OECD.ELS.SAE:DSD_POPULATION@DF_POP_HIST(1.0),Historical population data,I,POL,Poland,POP,Population,PS,Persons,F,Female,Y15T64,From 15 to 64 years,H,Historical,2016,,13262645,,A,Normal value,0,Units,0,Zero
DATAFLOW,OECD.ELS.SAE:DSD_POPULATION@DF_POP_HIST(1.0),Historical population data,I,POL,Poland,POP,Population,PS,Persons,F,Female,Y15T64,From 15 to 64 years,H,Historical,2017,,13125681,,A,Normal value,0,Units,0,Zero
DATAFLOW,OECD.ELS.SAE:DSD_POPULATION@DF_POP_HIST(1.0),Historical population data,I,POL,Poland,POP,Population,PS,Persons,F,Female,Y15T64,From 15 to 64 years,H,Historical,2018,,12983329,,A,Normal value,0,Units,0,Zero
DATAFLOW,OECD.ELS.SAE:DSD_POPULATION@DF_POP_HIST(1.0),Historical population data,I,POL,Poland,POP,Population,PS,Persons,F,Female,Y15T64,From 15 to 64 years,H,Historical,2019,,12841126,,A,Normal value,0,Units,0,Zero
DATAFLOW,OECD.ELS.SAE:DSD_POPULATION@DF_POP_HIST(1.0),Historical population data,I,POL,Poland,POP,Population,PS,Persons,F,Female,Y15T64,From 15 to 64 years,H,Historical,2022,,12344517,,A,Normal value,0,Units,0,Zero
DATAFLOW,OECD.ELS.SAE:DSD_POPULATION@DF_POP_HIST(1.0),Historical population data,I,POL,Poland,POP,Population,PS,Persons,F,Female,Y20T64,From 20 to 64 years,H,Historical,1960,,8425067,,A,Normal value,0,Units,0,Zero
DATAFLOW,OECD.ELS.SAE:DSD_POPULATION@DF_POP_HIST(1.0),Historical population data,I,POL,Poland,POP,Population,PS,Persons,F,Female,Y20T64,From 20 to 64 years,H,Historical,1961,,8476800,,A,Normal value,0,Units,0,Zero
DATAFLOW,OECD.ELS.SAE:DSD_POPULATION@DF_POP_HIST(1.0),Historical population data,I,POL,Poland,POP,Population,PS,Persons,F,Female,Y20T64,From 20 to 64 years,H,Historical,1962,,8520500,,A,Normal value,0,Units,0,Zero
DATAFLOW,OECD.ELS.SAE:DSD_POPULATION@DF_POP_HIST(1.0),Historical population data,I,POL,Poland,POP,Population,PS,Persons,F,Female,Y20T64,From 20 to 64 years,H,Historical,1963,,8540900,,A,Normal value,0,Units,0,Zero
DATAFLOW,OECD.ELS.SAE:DSD_POPULATION@DF_POP_HIST(1.0),Historical population data,I,POL,Poland,POP,Population,PS,Persons,F,Female,Y20T64,From 20 to 64 years,H,Historical,1964,,8623400,,A,Normal value,0,Units,0,Zero
DATAFLOW,OECD.ELS.SAE:DSD_POPULATION@DF_POP_HIST(1.0),Historical population data,I,POL,Poland,POP,Population,PS,Persons,F,Female,Y20T64,From 20 to 64 years,H,Historical,1965,,8690400,,A,Normal value,0,Units,0,Zero
DATAFLOW,OECD.ELS.SAE:DSD_POPULATION@DF_POP_HIST(1.0),Historical population data,I,POL,Poland,POP,Population,PS,Persons,F,Female,Y20T64,From 20 to 64 years,H,Historical,1966,,8724500,,A,Normal value,0,Units,0,Zero
DATAFLOW,OECD.ELS.SAE:DSD_POPULATION@DF_POP_HIST(1.0),Historical population data,I,POL,Poland,POP,Population,PS,Persons,F,Female,Y20T64,From 20 to 64 years,H,Historical,1967,,8821600,,A,Normal value,0,Units,0,Zero
DATAFLOW,OECD.ELS.SAE:DSD_POPULATION@DF_POP_HIST(1.0),Historical population data,I,POL,Poland,POP,Population,PS,Persons,F,Female,Y20T64,From 20 to 64 years,H,Historical,1968,,8956900,,A,Normal value,0,Units,0,Zero
DATAFLOW,OECD.ELS.SAE:DSD_POPULATION@DF_POP_HIST(1.0),Historical population data,I,POL,Poland,POP,Population,PS,Persons,F,Female,Y20T64,From 20 to 64 years,H,Historical,1969,,9089200,,A,Normal value,0,Units,0,Zero
DATAFLOW,OECD.ELS.SAE:DSD_POPULATION@DF_POP_HIST(1.0),Historical population data,I,POL,Poland,POP,Population,PS,Persons,F,Female,Y20T64,From 20 to 64 years,H,Historical,1970,,9180677,,A,Normal value,0,Units,0,Zero
DATAFLOW,OECD.ELS.SAE:DSD_POPULATION@DF_POP_HIST(1.0),Historical population data,I,POL,Poland,POP,Population,PS,Persons,F,Female,Y20T64,From 20 to 64 years,H,Historical,1971,,9233700,,A,Normal value,0,Units,0,Zero
DATAFLOW,OECD.ELS.SAE:DSD_POPULATION@DF_POP_HIST(1.0),Historical population data,I,POL,Poland,POP,Population,PS,Persons,F,Female,Y20T64,From 20 to 64 years,H,Historical,1972,,9393800,,A,Normal value,0,Units,0,Zero
DATAFLOW,OECD.ELS.SAE:DSD_POPULATION@DF_POP_HIST(1.0),Historical population data,I,POL,Poland,POP,Population,PS,Persons,F,Female,Y20T64,From 20 to 64 years,H,Historical,1973,,9539600,,A,Normal value,0,Units,0,Zero
DATAFLOW,OECD.ELS.SAE:DSD_POPULATION@DF_POP_HIST(1.0),Historical population data,I,POL,Poland,POP,Population,PS,Persons,F,Female,Y20T64,From 20 to 64 years,H,Historical,1974,,9687309,,A,Normal value,0,Units,0,Zero
DATAFLOW,OECD.ELS.SAE:DSD_POPULATION@DF_POP_HIST(1.0),Historical population data,I,POL,Poland,POP,Population,PS,Persons,F,Female,Y20T64,From 20 to 64 years,H,Historical,1975,,9834257,,A,Normal value,0,Units,0,Zero
DATAFLOW,OECD.ELS.SAE:DSD_POPULATION@DF_POP_HIST(1.0),Historical population data,I,POL,Poland,POP,Population,PS,Persons,F,Female,Y20T64,From 20 to 64 years,H,Historical,1976,,9983266,,A,Normal value,0,Units,0,Zero
DATAFLOW,OECD.ELS.SAE:DSD_POPULATION@DF_POP_HIST(1.0),Historical population data,I,POL,Poland,POP,Population,PS,Persons,F,Female,Y20T64,From 20 to 64 years,H,Historical,1977,,10124946,,A,Normal value,0,Units,0,Zero
DATAFLOW,OECD.ELS.SAE:DSD_POPULATION@DF_POP_HIST(1.0),Historical population data,I,POL,Poland,POP,Population,PS,Persons,F,Female,Y20T64,From 20 to 64 years,H,Historical,1978,,10263336,,A,Normal value,0,Units,0,Zero
DATAFLOW,OECD.ELS.SAE:DSD_POPULATION@DF_POP_HIST(1.0),Historical population data,I,POL,Poland,POP,Population,PS,Persons,F,Female,Y20T64,From 20 to 64 years,H,Historical,1979,,10344121,,A,Normal value,0,Units,0,Zero
DATAFLOW,OECD.ELS.SAE:DSD_POPULATION@DF_POP_HIST(1.0),Historical population data,I,POL,Poland,POP,Population,PS,Persons,F,Female,Y20T64,From 20 to 64 years,H,Historical,1980,,10467578,,A,Normal value,0,Units,0,Zero
DATAFLOW,OECD.ELS.SAE:DSD_POPULATION@DF_POP_HIST(1.0),Historical population data,I,POL,Poland,POP,Population,PS,Persons,F,Female,Y20T64,From 20 to 64 years,H,Historical,1981,,10602729,,A,Normal value,0,Units,0,Zero
DATAFLOW,OECD.ELS.SAE:DSD_POPULATION@DF_POP_HIST(1.0),Historical population data,I,POL,Poland,POP,Population,PS,Persons,F,Female,Y20T64,From 20 to 64 years,H,Historical,1982,,10729677,,A,Normal value,0,Units,0,Zero
DATAFLOW,OECD.ELS.SAE:DSD_POPULATION@DF_POP_HIST(1.0),Historical population data,I,POL,Poland,POP,Population,PS,Persons,F,Female,Y20T64,From 20 to 64 years,H,Historical,1983,,10850631,,A,Normal value,0,Units,0,Zero
DATAFLOW,OECD.ELS.SAE:DSD_POPULATION@DF_POP_HIST(1.0),Historical population data,I,POL,Poland,POP,Population,PS,Persons,F,Female,Y20T64,From 20 to 64 years,H,Historical,1984,,10945694,,A,Normal value,0,Units,0,Zero
DATAFLOW,OECD.ELS.SAE:DSD_POPULATION@DF_POP_HIST(1.0),Historical population data,I,POL,Poland,POP,Population,PS,Persons,F,Female,Y20T64,From 20 to 64 years,H,Historical,1985,,11007094,,A,Normal value,0,Units,0,Zero
DATAFLOW,OECD.ELS.SAE:DSD_POPULATION@DF_POP_HIST(1.0),Historical population data,I,POL,Poland,POP,Population,PS,Persons,F,Female,Y20T64,From 20 to 64 years,H,Historical,1986,,11050127,,A,Normal value,0,Units,0,Zero
DATAFLOW,OECD.ELS.SAE:DSD_POPULATION@DF_POP_HIST(1.0),Historical population data,I,POL,Poland,POP,Population,PS,Persons,F,Female,Y20T64,From 20 to 64 years,H,Historical,1987,,11074061,,A,Normal value,0,Units,0,Zero
DATAFLOW,OECD.ELS.SAE:DSD_POPULATION@DF_POP_HIST(1.0),Historical population data,I,POL,Poland,POP,Population,PS,Persons,F,Female,Y20T64,From 20 to 64 years,H,Historical,1988,,11079168,,A,Normal value,0,Units,0,Zero
DATAFLOW,OECD.ELS.SAE:DSD_POPULATION@DF_POP_HIST(1.0),Historical population data,I,POL,Poland,POP,Population,PS,Persons,F,Female,Y20T64,From 20 to 64 years,H,Historical,1989,,11065561,,A,Normal value,0,Units,0,Zero
DATAFLOW,OECD.ELS.SAE:DSD_POPULATION@DF_POP_HIST(1.0),Historical population data,I,POL,Poland,POP,Population,PS,Persons,F,Female,Y20T64,From 20 to 64 years,H,Historical,1990,,11142777,,A,Normal value,0,Units,0,Zero
DATAFLOW,OECD.ELS.SAE:DSD_POPULATION@DF_POP_HIST(1.0),Historical population data,I,POL,Poland,POP,Population,PS,Persons,F,Female,Y20T64,From 20 to 64 years,H,Historical,1991,,11199687,,A,Normal value,0,Units,0,Zero
DATAFLOW,OECD.ELS.SAE:DSD_POPULATION@DF_POP_HIST(1.0),Historical population data,I,POL,Poland,POP,Population,PS,Persons,F,Female,Y20T64,From 20 to 64 years,H,Historical,1992,,11256128,,A,Normal value,0,Units,0,Zero
DATAFLOW,OECD.ELS.SAE:DSD_POPULATION@DF_POP_HIST(1.0),Historical population data,I,POL,Poland,POP,Population,PS,Persons,F,Female,Y20T64,From 20 to 64 years,H,Historical,1993,,11306224,,A,Normal value,0,Units,0,Zero
DATAFLOW,OECD.ELS.SAE:DSD_POPULATION@DF_POP_HIST(1.0),Historical population data,I,POL,Poland,POP,Population,PS,Persons,F,Female,Y20T64,From 20 to 64 years,H,Historical,1994,,11348585,,A,Normal value,0,Units,0,Zero
DATAFLOW,OECD.ELS.SAE:DSD_POPULATION@DF_POP_HIST(1.0),Historical population data,I,POL,Poland,POP,Population,PS,Persons,F,Female,Y20T64,From 20 to 64 years,H,Historical,1995,,11390982,,A,Normal value,0,Units,0,Zero
DATAFLOW,OECD.ELS.SAE:DSD_POPULATION@DF_POP_HIST(1.0),Historical population data,I,POL,Poland,POP,Population,PS,Persons,F,Female,Y20T64,From 20 to 64 years,H,Historical,1996,,11431700,,A,Normal value,0,Units,0,Zero
DATAFLOW,OECD.ELS.SAE:DSD_POPULATION@DF_POP_HIST(1.0),Historical population data,I,POL,Poland,POP,Population,PS,Persons,F,Female,Y20T64,From 20 to 64 years,H,Historical,1997,,11469704,,A,Normal value,0,Units,0,Zero
DATAFLOW,OECD.ELS.SAE:DSD_POPULATION@DF_POP_HIST(1.0),Historical population data,I,POL,Poland,POP,Population,PS,Persons,F,Female,Y20T64,From 20 to 64 years,H,Historical,1998,,11504845,,A,Normal value,0,Units,0,Zero
DATAFLOW,OECD.ELS.SAE:DSD_POPULATION@DF_POP_HIST(1.0),Historical population data,I,POL,Poland,POP,Population,PS,Persons,F,Female,Y20T64,From 20 to 64 years,H,Historical,1999,,11508419,,A,Normal value,0,Units,0,Zero
DATAFLOW,OECD.ELS.SAE:DSD_POPULATION@DF_POP_HIST(1.0),Historical population data,I,POL,Poland,POP,Population,PS,Persons,F,Female,Y20T64,From 20 to 64 years,H,Historical,2000,,11538639,,A,Normal value,0,Units,0,Zero
DATAFLOW,OECD.ELS.SAE:DSD_POPULATION@DF_POP_HIST(1.0),Historical population data,I,POL,Poland,POP,Population,PS,Persons,F,Female,Y20T64,From 20 to 64 years,H,Historical,2001,,11625864,,A,Normal value,0,Units,0,Zero
DATAFLOW,OECD.ELS.SAE:DSD_POPULATION@DF_POP_HIST(1.0),Historical population data,I,POL,Poland,POP,Population,PS,Persons,F,Female,Y20T64,From 20 to 64 years,H,Historical,2002,,11719378,,A,Normal value,0,Units,0,Zero
DATAFLOW,OECD.ELS.SAE:DSD_POPULATION@DF_POP_HIST(1.0),Historical population data,I,POL,Poland,POP,Population,PS,Persons,F,Female,Y20T64,From 20 to 64 years,H,Historical,2003,,11835813,,A,Normal value,0,Units,0,Zero
DATAFLOW,OECD.ELS.SAE:DSD_POPULATION@DF_POP_HIST(1.0),Historical population data,I,POL,Poland,POP,Population,PS,Persons,F,Female,Y20T64,From 20 to 64 years,H,Historical,2004,,11957902,,A,Normal value,0,Units,0,Zero
DATAFLOW,OECD.ELS.SAE:DSD_POPULATION@DF_POP_HIST(1.0),Historical population data,I,POL,Poland,POP,Population,PS,Persons,F,Female,Y20T64,From 20 to 64 years,H,Historical,2005,,12072276,,A,Normal value,0,Units,0,Zero
DATAFLOW,OECD.ELS.SAE:DSD_POPULATION@DF_POP_HIST(1.0),Historical population data,I,POL,Poland,POP,Population,PS,Persons,F,Female,Y20T64,From 20 to 64 years,H,Historical,2006,,12171629,,A,Normal value,0,Units,0,Zero
DATAFLOW,OECD.ELS.SAE:DSD_POPULATION@DF_POP_HIST(1.0),Historical population data,I,POL,Poland,POP,Population,PS,Persons,F,Female,Y20T64,From 20 to 64 years,H,Historical,2007,,12264196,,A,Normal value,0,Units,0,Zero
DATAFLOW,OECD.ELS.SAE:DSD_POPULATION@DF_POP_HIST(1.0),Historical population data,I,POL,Poland,POP,Population,PS,Persons,F,Female,Y20T64,From 20 to 64 years,H,Historical,2008,,12351814,,A,Normal value,0,Units,0,Zero
DATAFLOW,OECD.ELS.SAE:DSD_POPULATION@DF_POP_HIST(1.0),Historical population data,I,POL,Poland,POP,Population,PS,Persons,F,Female,Y20T64,From 20 to 64 years,H,Historical,2009,,12432209,,A,Normal value,0,Units,0,Zero
DATAFLOW,OECD.ELS.SAE:DSD_POPULATION@DF_POP_HIST(1.0),Historical population data,I,POL,Poland,POP,Population,PS,Persons,F,Female,Y20T64,From 20 to 64 years,H,Historical,2010,,12570767,,A,Normal value,0,Units,0,Zero
DATAFLOW,OECD.ELS.SAE:DSD_POPULATION@DF_POP_HIST(1.0),Historical population data,I,POL,Poland,POP,Population,PS,Persons,F,Female,Y20T64,From 20 to 64 years,H,Historical,2011,,12610019,,A,Normal value,0,Units,0,Zero
DATAFLOW,OECD.ELS.SAE:DSD_POPULATION@DF_POP_HIST(1.0),Historical population data,I,POL,Poland,POP,Population,PS,Persons,F,Female,Y20T64,From 20 to 64 years,H,Historical,2012,,12598906,,A,Normal value,0,Units,0,Zero
DATAFLOW,OECD.ELS.SAE:DSD_POPULATION@DF_POP_HIST(1.0),Historical population data,I,POL,Poland,POP,Population,PS,Persons,F,Female,Y20T64,From 20 to 64 years,H,Historical,2013,,12554907,,A,Normal value,0,Units,0,Zero
DATAFLOW,OECD.ELS.SAE:DSD_POPULATION@DF_POP_HIST(1.0),Historical population data,I,POL,Poland,POP,Population,PS,Persons,F,Female,Y20T64,From 20 to 64 years,H,Historical,2014,,12492767,,A,Normal value,0,Units,0,Zero
DATAFLOW,OECD.ELS.SAE:DSD_POPULATION@DF_POP_HIST(1.0),Historical population data,I,POL,Poland,POP,Population,PS,Persons,F,Female,Y20T64,From 20 to 64 years,H,Historical,2015,,12414223,,A,Normal value,0,Units,0,Zero
DATAFLOW,OECD.ELS.SAE:DSD_POPULATION@DF_POP_HIST(1.0),Historical population data,I,POL,Poland,POP,Population,PS,Persons,F,Female,Y20T64,From 20 to 64 years,H,Historical,2016,,12312556,,A,Normal value,0,Units,0,Zero
DATAFLOW,OECD.ELS.SAE:DSD_POPULATION@DF_POP_HIST(1.0),Historical population data,I,POL,Poland,POP,Population,PS,Persons,F,Female,Y20T64,From 20 to 64 years,H,Historical,2017,,12203113,,A,Normal value,0,Units,0,Zero
DATAFLOW,OECD.ELS.SAE:DSD_POPULATION@DF_POP_HIST(1.0),Historical population data,I,POL,Poland,POP,Population,PS,Persons,F,Female,Y20T64,From 20 to 64 years,H,Historical,2018,,12083859,,A,Normal value,0,Units,0,Zero
DATAFLOW,OECD.ELS.SAE:DSD_POPULATION@DF_POP_HIST(1.0),Historical population data,I,POL,Poland,POP,Population,PS,Persons,F,Female,Y20T64,From 20 to 64 years,H,Historical,2019,,11957271,,A,Normal value,0,Units,0,Zero
DATAFLOW,OECD.ELS.SAE:DSD_POPULATION@DF_POP_HIST(1.0),Historical population data,I,POL,Poland,POP,Population,PS,Persons,F,Female,Y20T64,From 20 to 64 years,H,Historical,2022,,11465520,,A,Normal value,0,Units,0,Zero
DATAFLOW,OECD.ELS.SAE:DSD_POPULATION@DF_POP_HIST(1.0),Historical population data,I,POL,Poland,POP,Population,PS,Persons,F,Female,Y15T19,From 15 to 19 years,H,Historical,1960,,956498,,A,Normal value,0,Units,0,Zero
DATAFLOW,OECD.ELS.SAE:DSD_POPULATION@DF_POP_HIST(1.0),Historical population data,I,POL,Poland,POP,Population,PS,Persons,F,Female,Y15T19,From 15 to 19 years,H,Historical,1961,,987800,,A,Normal value,0,Units,0,Zero
DATAFLOW,OECD.ELS.SAE:DSD_POPULATION@DF_POP_HIST(1.0),Historical population data,I,POL,Poland,POP,Population,PS,Persons,F,Female,Y15T19,From 15 to 19 years,H,Historical,1962,,1070500,,A,Normal value,0,Units,0,Zero
DATAFLOW,OECD.ELS.SAE:DSD_POPULATION@DF_POP_HIST(1.0),Historical population data,I,POL,Poland,POP,Population,PS,Persons,F,Female,Y15T19,From 15 to 19 years,H,Historical,1963,,1180600,,A,Normal value,0,Units,0,Zero
DATAFLOW,OECD.ELS.SAE:DSD_POPULATION@DF_POP_HIST(1.0),Historical population data,I,POL,Poland,POP,Population,PS,Persons,F,Female,Y15T19,From 15 to 19 years,H,Historical,1964,,1306600,,A,Normal value,0,Units,0,Zero
DATAFLOW,OECD.ELS.SAE:DSD_POPULATION@DF_POP_HIST(1.0),Historical population data,I,POL,Poland,POP,Population,PS,Persons,F,Female,Y15T19,From 15 to 19 years,H,Historical,1965,,1421300,,A,Normal value,0,Units,0,Zero
DATAFLOW,OECD.ELS.SAE:DSD_POPULATION@DF_POP_HIST(1.0),Historical population data,I,POL,Poland,POP,Population,PS,Persons,F,Female,Y15T19,From 15 to 19 years,H,Historical,1966,,1520000,,A,Normal value,0,Units,0,Zero
DATAFLOW,OECD.ELS.SAE:DSD_POPULATION@DF_POP_HIST(1.0),Historical population data,I,POL,Poland,POP,Population,PS,Persons,F,Female,Y15T19,From 15 to 19 years,H,Historical,1967,,1582500,,A,Normal value,0,Units,0,Zero
DATAFLOW,OECD.ELS.SAE:DSD_POPULATION@DF_POP_HIST(1.0),Historical population data,I,POL,Poland,POP,Population,PS,Persons,F,Female,Y15T19,From 15 to 19 years,H,Historical,1968,,1631100,,A,Normal value,0,Units,0,Zero
DATAFLOW,OECD.ELS.SAE:DSD_POPULATION@DF_POP_HIST(1.0),Historical population data,I,POL,Poland,POP,Population,PS,Persons,F,Female,Y15T19,From 15 to 19 years,H,Historical,1969,,1662100,,A,Normal value,0,Units,0,Zero
DATAFLOW,OECD.ELS.SAE:DSD_POPULATION@DF_POP_HIST(1.0),Historical population data,I,POL,Poland,POP,Population,PS,Persons,F,Female,Y15T19,From 15 to 19 years,H,Historical,1970,,1705610,,A,Normal value,0,Units,0,Zero
DATAFLOW,OECD.ELS.SAE:DSD_POPULATION@DF_POP_HIST(1.0),Historical population data,I,POL,Poland,POP,Population,PS,Persons,F,Female,Y15T19,From 15 to 19 years,H,Historical,1971,,1700400,,A,Normal value,0,Units,0,Zero
DATAFLOW,OECD.ELS.SAE:DSD_POPULATION@DF_POP_HIST(1.0),Historical population data,I,POL,Poland,POP,Population,PS,Persons,F,Female,Y15T19,From 15 to 19 years,H,Historical,1972,,1720200,,A,Normal value,0,Units,0,Zero
DATAFLOW,OECD.ELS.SAE:DSD_POPULATION@DF_POP_HIST(1.0),Historical population data,I,POL,Poland,POP,Population,PS,Persons,F,Female,Y15T19,From 15 to 19 years,H,Historical,1973,,1722500,,A,Normal value,0,Units,0,Zero
DATAFLOW,OECD.ELS.SAE:DSD_POPULATION@DF_POP_HIST(1.0),Historical population data,I,POL,Poland,POP,Population,PS,Persons,F,Female,Y15T19,From 15 to 19 years,H,Historical,1974,,1710364,,A,Normal value,0,Units,0,Zero
DATAFLOW,OECD.ELS.SAE:DSD_POPULATION@DF_POP_HIST(1.0),Historical population data,I,POL,Poland,POP,Population,PS,Persons,F,Female,Y15T19,From 15 to 19 years,H,Historical,1975,,1675958,,A,Normal value,0,Units,0,Zero
DATAFLOW,OECD.ELS.SAE:DSD_POPULATION@DF_POP_HIST(1.0),Historical population data,I,POL,Poland,POP,Population,PS,Persons,F,Female,Y15T19,From 15 to 19 years,H,Historical,1976,,1620852,,A,Normal value,0,Units,0,Zero
DATAFLOW,OECD.ELS.SAE:DSD_POPULATION@DF_POP_HIST(1.0),Historical population data,I,POL,Poland,POP,Population,PS,Persons,F,Female,Y15T19,From 15 to 19 years,H,Historical,1977,,1549355,,A,Normal value,0,Units,0,Zero
DATAFLOW,OECD.ELS.SAE:DSD_POPULATION@DF_POP_HIST(1.0),Historical population data,I,POL,Poland,POP,Population,PS,Persons,F,Female,Y15T19,From 15 to 19 years,H,Historical,1978,,1473649,,A,Normal value,0,Units,0,Zero
DATAFLOW,OECD.ELS.SAE:DSD_POPULATION@DF_POP_HIST(1.0),Historical population data,I,POL,Poland,POP,Population,PS,Persons,F,Female,Y15T19,From 15 to 19 years,H,Historical,1979,,1399771,,A,Normal value,0,Units,0,Zero
DATAFLOW,OECD.ELS.SAE:DSD_POPULATION@DF_POP_HIST(1.0),Historical population data,I,POL,Poland,POP,Population,PS,Persons,F,Female,Y15T19,From 15 to 19 years,H,Historical,1980,,1348050,,A,Normal value,0,Units,0,Zero
DATAFLOW,OECD.ELS.SAE:DSD_POPULATION@DF_POP_HIST(1.0),Historical population data,I,POL,Poland,POP,Population,PS,Persons,F,Female,Y15T19,From 15 to 19 years,H,Historical,1981,,1306088,,A,Normal value,0,Units,0,Zero
DATAFLOW,OECD.ELS.SAE:DSD_POPULATION@DF_POP_HIST(1.0),Historical population data,I,POL,Poland,POP,Population,PS,Persons,F,Female,Y15T19,From 15 to 19 years,H,Historical,1982,,1273725,,A,Normal value,0,Units,0,Zero
DATAFLOW,OECD.ELS.SAE:DSD_POPULATION@DF_POP_HIST(1.0),Historical population data,I,POL,Poland,POP,Population,PS,Persons,F,Female,Y15T19,From 15 to 19 years,H,Historical,1983,,1247680,,A,Normal value,0,Units,0,Zero
DATAFLOW,OECD.ELS.SAE:DSD_POPULATION@DF_POP_HIST(1.0),Historical population data,I,POL,Poland,POP,Population,PS,Persons,F,Female,Y15T19,From 15 to 19 years,H,Historical,1984,,1230396,,A,Normal value,0,Units,0,Zero
DATAFLOW,OECD.ELS.SAE:DSD_POPULATION@DF_POP_HIST(1.0),Historical population data,I,POL,Poland,POP,Population,PS,Persons,F,Female,Y15T19,From 15 to 19 years,H,Historical,1985,,1227069,,A,Normal value,0,Units,0,Zero
DATAFLOW,OECD.ELS.SAE:DSD_POPULATION@DF_POP_HIST(1.0),Historical population data,I,POL,Poland,POP,Population,PS,Persons,F,Female,Y15T19,From 15 to 19 years,H,Historical,1986,,1237383,,A,Normal value,0,Units,0,Zero
DATAFLOW,OECD.ELS.SAE:DSD_POPULATION@DF_POP_HIST(1.0),Historical population data,I,POL,Poland,POP,Population,PS,Persons,F,Female,Y15T19,From 15 to 19 years,H,Historical,1987,,1262439,,A,Normal value,0,Units,0,Zero
DATAFLOW,OECD.ELS.SAE:DSD_POPULATION@DF_POP_HIST(1.0),Historical population data,I,POL,Poland,POP,Population,PS,Persons,F,Female,Y15T19,From 15 to 19 years,H,Historical,1988,,1297365,,A,Normal value,0,Units,0,Zero
DATAFLOW,OECD.ELS.SAE:DSD_POPULATION@DF_POP_HIST(1.0),Historical population data,I,POL,Poland,POP,Population,PS,Persons,F,Female,Y15T19,From 15 to 19 years,H,Historical,1989,,1341542,,A,Normal value,0,Units,0,Zero
DATAFLOW,OECD.ELS.SAE:DSD_POPULATION@DF_POP_HIST(1.0),Historical population data,I,POL,Poland,POP,Population,PS,Persons,F,Female,Y15T19,From 15 to 19 years,H,Historical,1990,,1361472,,A,Normal value,0,Units,0,Zero
DATAFLOW,OECD.ELS.SAE:DSD_POPULATION@DF_POP_HIST(1.0),Historical population data,I,POL,Poland,POP,Population,PS,Persons,F,Female,Y15T19,From 15 to 19 years,H,Historical,1991,,1390723,,A,Normal value,0,Units,0,Zero
DATAFLOW,OECD.ELS.SAE:DSD_POPULATION@DF_POP_HIST(1.0),Historical population data,I,POL,Poland,POP,Population,PS,Persons,F,Female,Y15T19,From 15 to 19 years,H,Historical,1992,,1418340,,A,Normal value,0,Units,0,Zero
DATAFLOW,OECD.ELS.SAE:DSD_POPULATION@DF_POP_HIST(1.0),Historical population data,I,POL,Poland,POP,Population,PS,Persons,F,Female,Y15T19,From 15 to 19 years,H,Historical,1993,,1444736,,A,Normal value,0,Units,0,Zero
DATAFLOW,OECD.ELS.SAE:DSD_POPULATION@DF_POP_HIST(1.0),Historical population data,I,POL,Poland,POP,Population,PS,Persons,F,Female,Y15T19,From 15 to 19 years,H,Historical,1994,,1471394,,A,Normal value,0,Units,0,Zero
DATAFLOW,OECD.ELS.SAE:DSD_POPULATION@DF_POP_HIST(1.0),Historical population data,I,POL,Poland,POP,Population,PS,Persons,F,Female,Y15T19,From 15 to 19 years,H,Historical,1995,,1498281,,A,Normal value,0,Units,0,Zero
DATAFLOW,OECD.ELS.SAE:DSD_POPULATION@DF_POP_HIST(1.0),Historical population data,I,POL,Poland,POP,Population,PS,Persons,F,Female,Y15T19,From 15 to 19 years,H,Historical,1996,,1525058,,A,Normal value,0,Units,0,Zero
DATAFLOW,OECD.ELS.SAE:DSD_POPULATION@DF_POP_HIST(1.0),Historical population data,I,POL,Poland,POP,Population,PS,Persons,F,Female,Y15T19,From 15 to 19 years,H,Historical,1997,,1551886,,A,Normal value,0,Units,0,Zero
DATAFLOW,OECD.ELS.SAE:DSD_POPULATION@DF_POP_HIST(1.0),Historical population data,I,POL,Poland,POP,Population,PS,Persons,F,Female,Y15T19,From 15 to 19 years,H,Historical,1998,,1578342,,A,Normal value,0,Units,0,Zero
DATAFLOW,OECD.ELS.SAE:DSD_POPULATION@DF_POP_HIST(1.0),Historical population data,I,POL,Poland,POP,Population,PS,Persons,F,Female,Y15T19,From 15 to 19 years,H,Historical,1999,,1614944,,A,Normal value,0,Units,0,Zero
DATAFLOW,OECD.ELS.SAE:DSD_POPULATION@DF_POP_HIST(1.0),Historical population data,I,POL,Poland,POP,Population,PS,Persons,F,Female,Y15T19,From 15 to 19 years,H,Historical,2000,,1636892,,A,Normal value,0,Units,0,Zero
DATAFLOW,OECD.ELS.SAE:DSD_POPULATION@DF_POP_HIST(1.0),Historical population data,I,POL,Poland,POP,Population,PS,Persons,F,Female,Y15T19,From 15 to 19 years,H,Historical,2001,,1629295,,A,Normal value,0,Units,0,Zero
DATAFLOW,OECD.ELS.SAE:DSD_POPULATION@DF_POP_HIST(1.0),Historical population data,I,POL,Poland,POP,Population,PS,Persons,F,Female,Y15T19,From 15 to 19 years,H,Historical,2002,,1601953,,A,Normal value,0,Units,0,Zero
DATAFLOW,OECD.ELS.SAE:DSD_POPULATION@DF_POP_HIST(1.0),Historical population data,I,POL,Poland,POP,Population,PS,Persons,F,Female,Y15T19,From 15 to 19 years,H,Historical,2003,,1549498,,A,Normal value,0,Units,0,Zero
DATAFLOW,OECD.ELS.SAE:DSD_POPULATION@DF_POP_HIST(1.0),Historical population data,I,POL,Poland,POP,Population,PS,Persons,F,Female,Y15T19,From 15 to 19 years,H,Historical,2004,,1487431,,A,Normal value,0,Units,0,Zero
DATAFLOW,OECD.ELS.SAE:DSD_POPULATION@DF_POP_HIST(1.0),Historical population data,I,POL,Poland,POP,Population,PS,Persons,F,Female,Y15T19,From 15 to 19 years,H,Historical,2005,,1429307,,A,Normal value,0,Units,0,Zero
DATAFLOW,OECD.ELS.SAE:DSD_POPULATION@DF_POP_HIST(1.0),Historical population data,I,POL,Poland,POP,Population,PS,Persons,F,Female,Y15T19,From 15 to 19 years,H,Historical,2006,,1381978,,A,Normal value,0,Units,0,Zero
DATAFLOW,OECD.ELS.SAE:DSD_POPULATION@DF_POP_HIST(1.0),Historical population data,I,POL,Poland,POP,Population,PS,Persons,F,Female,Y15T19,From 15 to 19 years,H,Historical,2007,,1343212,,A,Normal value,0,Units,0,Zero
DATAFLOW,OECD.ELS.SAE:DSD_POPULATION@DF_POP_HIST(1.0),Historical population data,I,POL,Poland,POP,Population,PS,Persons,F,Female,Y15T19,From 15 to 19 years,H,Historical,2008,,1302523,,A,Normal value,0,Units,0,Zero
DATAFLOW,OECD.ELS.SAE:DSD_POPULATION@DF_POP_HIST(1.0),Historical population data,I,POL,Poland,POP,Population,PS,Persons,F,Female,Y15T19,From 15 to 19 years,H,Historical,2009,,1258881,,A,Normal value,0,Units,0,Zero
DATAFLOW,OECD.ELS.SAE:DSD_POPULATION@DF_POP_HIST(1.0),Historical population data,I,POL,Poland,POP,Population,PS,Persons,F,Female,Y15T19,From 15 to 19 years,H,Historical,2010,,1212845,,A,Normal value,0,Units,0,Zero
DATAFLOW,OECD.ELS.SAE:DSD_POPULATION@DF_POP_HIST(1.0),Historical population data,I,POL,Poland,POP,Population,PS,Persons,F,Female,Y15T19,From 15 to 19 years,H,Historical,2011,,1158949,,A,Normal value,0,Units,0,Zero
DATAFLOW,OECD.ELS.SAE:DSD_POPULATION@DF_POP_HIST(1.0),Historical population data,I,POL,Poland,POP,Population,PS,Persons,F,Female,Y15T19,From 15 to 19 years,H,Historical,2012,,1108267,,A,Normal value,0,Units,0,Zero
DATAFLOW,OECD.ELS.SAE:DSD_POPULATION@DF_POP_HIST(1.0),Historical population data,I,POL,Poland,POP,Population,PS,Persons,F,Female,Y15T19,From 15 to 19 years,H,Historical,2013,,1061068,,A,Normal value,0,Units,0,Zero
DATAFLOW,OECD.ELS.SAE:DSD_POPULATION@DF_POP_HIST(1.0),Historical population data,I,POL,Poland,POP,Population,PS,Persons,F,Female,Y15T19,From 15 to 19 years,H,Historical,2014,,1016140,,A,Normal value,0,Units,0,Zero
DATAFLOW,OECD.ELS.SAE:DSD_POPULATION@DF_POP_HIST(1.0),Historical population data,I,POL,Poland,POP,Population,PS,Persons,F,Female,Y15T19,From 15 to 19 years,H,Historical,2015,,979585,,A,Normal value,0,Units,0,Zero
DATAFLOW,OECD.ELS.SAE:DSD_POPULATION@DF_POP_HIST(1.0),Historical population data,I,POL,Poland,POP,Population,PS,Persons,F,Female,Y15T19,From 15 to 19 years,H,Historical,2016,,950089,,A,Normal value,0,Units,0,Zero
DATAFLOW,OECD.ELS.SAE:DSD_POPULATION@DF_POP_HIST(1.0),Historical population data,I,POL,Poland,POP,Population,PS,Persons,F,Female,Y15T19,From 15 to 19 years,H,Historical,2017,,922568,,A,Normal value,0,Units,0,Zero
DATAFLOW,OECD.ELS.SAE:DSD_POPULATION@DF_POP_HIST(1.0),Historical population data,I,POL,Poland,POP,Population,PS,Persons,F,Female,Y15T19,From 15 to 19 years,H,Historical,2018,,899470,,A,Normal value,0,Units,0,Zero
DATAFLOW,OECD.ELS.SAE:DSD_POPULATION@DF_POP_HIST(1.0),Historical population data,I,POL,Poland,POP,Population,PS,Persons,F,Female,Y15T19,From 15 to 19 years,H,Historical,2019,,883855,,A,Normal value,0,Units,0,Zero
DATAFLOW,OECD.ELS.SAE:DSD_POPULATION@DF_POP_HIST(1.0),Historical population data,I,POL,Poland,POP,Population,PS,Persons,F,Female,Y15T19,From 15 to 19 years,H,Historical,2022,,878997,,A,Normal value,0,Units,0,Zero
DATAFLOW,OECD.ELS.SAE:DSD_POPULATION@DF_POP_HIST(1.0),Historical population data,I,POL,Poland,POP,Population,PS,Persons,F,Female,Y45T49,From 45 to 49 years,H,Historical,1960,,877637,,A,Normal value,0,Units,0,Zero
DATAFLOW,OECD.ELS.SAE:DSD_POPULATION@DF_POP_HIST(1.0),Historical population data,I,POL,Poland,POP,Population,PS,Persons,F,Female,Y45T49,From 45 to 49 years,H,Historical,1961,,852000,,A,Normal value,0,Units,0,Zero
DATAFLOW,OECD.ELS.SAE:DSD_POPULATION@DF_POP_HIST(1.0),Historical population data,I,POL,Poland,POP,Population,PS,Persons,F,Female,Y45T49,From 45 to 49 years,H,Historical,1962,,784600,,A,Normal value,0,Units,0,Zero
DATAFLOW,OECD.ELS.SAE:DSD_POPULATION@DF_POP_HIST(1.0),Historical population data,I,POL,Poland,POP,Population,PS,Persons,F,Female,Y45T49,From 45 to 49 years,H,Historical,1963,,715500,,A,Normal value,0,Units,0,Zero
DATAFLOW,OECD.ELS.SAE:DSD_POPULATION@DF_POP_HIST(1.0),Historical population data,I,POL,Poland,POP,Population,PS,Persons,F,Female,Y45T49,From 45 to 49 years,H,Historical,1964,,680200,,A,Normal value,0,Units,0,Zero
DATAFLOW,OECD.ELS.SAE:DSD_POPULATION@DF_POP_HIST(1.0),Historical population data,I,POL,Poland,POP,Population,PS,Persons,F,Female,Y45T49,From 45 to 49 years,H,Historical,1965,,706100,,A,Normal value,0,Units,0,Zero
DATAFLOW,OECD.ELS.SAE:DSD_POPULATION@DF_POP_HIST(1.0),Historical population data,I,POL,Poland,POP,Population,PS,Persons,F,Female,Y45T49,From 45 to 49 years,H,Historical,1966,,757000,,A,Normal value,0,Units,0,Zero
DATAFLOW,OECD.ELS.SAE:DSD_POPULATION@DF_POP_HIST(1.0),Historical population data,I,POL,Poland,POP,Population,PS,Persons,F,Female,Y45T49,From 45 to 49 years,H,Historical,1967,,826000,,A,Normal value,0,Units,0,Zero
DATAFLOW,OECD.ELS.SAE:DSD_POPULATION@DF_POP_HIST(1.0),Historical population data,I,POL,Poland,POP,Population,PS,Persons,F,Female,Y45T49,From 45 to 49 years,H,Historical,1968,,911900,,A,Normal value,0,Units,0,Zero
DATAFLOW,OECD.ELS.SAE:DSD_POPULATION@DF_POP_HIST(1.0),Historical population data,I,POL,Poland,POP,Population,PS,Persons,F,Female,Y45T49,From 45 to 49 years,H,Historical,1969,,988800,,A,Normal value,0,Units,0,Zero
DATAFLOW,OECD.ELS.SAE:DSD_POPULATION@DF_POP_HIST(1.0),Historical population data,I,POL,Poland,POP,Population,PS,Persons,F,Female,Y45T49,From 45 to 49 years,H,Historical,1970,,1071250,,A,Normal value,0,Units,0,Zero
DATAFLOW,OECD.ELS.SAE:DSD_POPULATION@DF_POP_HIST(1.0),Historical population data,I,POL,Poland,POP,Population,PS,Persons,F,Female,Y45T49,From 45 to 49 years,H,Historical,1971,,1088500,,A,Normal value,0,Units,0,Zero
DATAFLOW,OECD.ELS.SAE:DSD_POPULATION@DF_POP_HIST(1.0),Historical population data,I,POL,Poland,POP,Population,PS,Persons,F,Female,Y45T49,From 45 to 49 years,H,Historical,1972,,1114400,,A,Normal value,0,Units,0,Zero
DATAFLOW,OECD.ELS.SAE:DSD_POPULATION@DF_POP_HIST(1.0),Historical population data,I,POL,Poland,POP,Population,PS,Persons,F,Female,Y45T49,From 45 to 49 years,H,Historical,1973,,1121900,,A,Normal value,0,Units,0,Zero
DATAFLOW,OECD.ELS.SAE:DSD_POPULATION@DF_POP_HIST(1.0),Historical population data,I,POL,Poland,POP,Population,PS,Persons,F,Female,Y45T49,From 45 to 49 years,H,Historical,1974,,1130600,,A,Normal value,0,Units,0,Zero
DATAFLOW,OECD.ELS.SAE:DSD_POPULATION@DF_POP_HIST(1.0),Historical population data,I,POL,Poland,POP,Population,PS,Persons,F,Female,Y45T49,From 45 to 49 years,H,Historical,1975,,1137204,,A,Normal value,0,Units,0,Zero
DATAFLOW,OECD.ELS.SAE:DSD_POPULATION@DF_POP_HIST(1.0),Historical population data,I,POL,Poland,POP,Population,PS,Persons,F,Female,Y45T49,From 45 to 49 years,H,Historical,1976,,1143442,,A,Normal value,0,Units,0,Zero
DATAFLOW,OECD.ELS.SAE:DSD_POPULATION@DF_POP_HIST(1.0),Historical population data,I,POL,Poland,POP,Population,PS,Persons,F,Female,Y45T49,From 45 to 49 years,H,Historical,1977,,1150221,,A,Normal value,0,Units,0,Zero
DATAFLOW,OECD.ELS.SAE:DSD_POPULATION@DF_POP_HIST(1.0),Historical population data,I,POL,Poland,POP,Population,PS,Persons,F,Female,Y45T49,From 45 to 49 years,H,Historical,1978,,1145042,,A,Normal value,0,Units,0,Zero
DATAFLOW,OECD.ELS.SAE:DSD_POPULATION@DF_POP_HIST(1.0),Historical population data,I,POL,Poland,POP,Population,PS,Persons,F,Female,Y45T49,From 45 to 49 years,H,Historical,1979,,1123735,,A,Normal value,0,Units,0,Zero
DATAFLOW,OECD.ELS.SAE:DSD_POPULATION@DF_POP_HIST(1.0),Historical population data,I,POL,Poland,POP,Population,PS,Persons,F,Female,Y45T49,From 45 to 49 years,H,Historical,1980,,1104796,,A,Normal value,0,Units,0,Zero
DATAFLOW,OECD.ELS.SAE:DSD_POPULATION@DF_POP_HIST(1.0),Historical population data,I,POL,Poland,POP,Population,PS,Persons,F,Female,Y45T49,From 45 to 49 years,H,Historical,1981,,1089769,,A,Normal value,0,Units,0,Zero
DATAFLOW,OECD.ELS.SAE:DSD_POPULATION@DF_POP_HIST(1.0),Historical population data,I,POL,Poland,POP,Population,PS,Persons,F,Female,Y45T49,From 45 to 49 years,H,Historical,1982,,1077337,,A,Normal value,0,Units,0,Zero
DATAFLOW,OECD.ELS.SAE:DSD_POPULATION@DF_POP_HIST(1.0),Historical population data,I,POL,Poland,POP,Population,PS,Persons,F,Female,Y45T49,From 45 to 49 years,H,Historical,1983,,1066124,,A,Normal value,0,Units,0,Zero
DATAFLOW,OECD.ELS.SAE:DSD_POPULATION@DF_POP_HIST(1.0),Historical population data,I,POL,Poland,POP,Population,PS,Persons,F,Female,Y45T49,From 45 to 49 years,H,Historical,1984,,1059287,,A,Normal value,0,Units,0,Zero
DATAFLOW,OECD.ELS.SAE:DSD_POPULATION@DF_POP_HIST(1.0),Historical population data,I,POL,Poland,POP,Population,PS,Persons,F,Female,Y45T49,From 45 to 49 years,H,Historical,1985,,1046707,,A,Normal value,0,Units,0,Zero
DATAFLOW,OECD.ELS.SAE:DSD_POPULATION@DF_POP_HIST(1.0),Historical population data,I,POL,Poland,POP,Population,PS,Persons,F,Female,Y45T49,From 45 to 49 years,H,Historical,1986,,1021230,,A,Normal value,0,Units,0,Zero
DATAFLOW,OECD.ELS.SAE:DSD_POPULATION@DF_POP_HIST(1.0),Historical population data,I,POL,Poland,POP,Population,PS,Persons,F,Female,Y45T49,From 45 to 49 years,H,Historical,1987,,987945,,A,Normal value,0,Units,0,Zero
DATAFLOW,OECD.ELS.SAE:DSD_POPULATION@DF_POP_HIST(1.0),Historical population data,I,POL,Poland,POP,Population,PS,Persons,F,Female,Y45T49,From 45 to 49 years,H,Historical,1988,,955208,,A,Normal value,0,Units,0,Zero
DATAFLOW,OECD.ELS.SAE:DSD_POPULATION@DF_POP_HIST(1.0),Historical population data,I,POL,Poland,POP,Population,PS,Persons,F,Female,Y45T49,From 45 to 49 years,H,Historical,1989,,922908,,A,Normal value,0,Units,0,Zero
DATAFLOW,OECD.ELS.SAE:DSD_POPULATION@DF_POP_HIST(1.0),Historical population data,I,POL,Poland,POP,Population,PS,Persons,F,Female,Y45T49,From 45 to 49 years,H,Historical,1990,,1018051,,A,Normal value,0,Units,0,Zero
DATAFLOW,OECD.ELS.SAE:DSD_POPULATION@DF_POP_HIST(1.0),Historical population data,I,POL,Poland,POP,Population,PS,Persons,F,Female,Y45T49,From 45 to 49 years,H,Historical,1991,,1073194,,A,Normal value,0,Units,0,Zero
DATAFLOW,OECD.ELS.SAE:DSD_POPULATION@DF_POP_HIST(1.0),Historical population data,I,POL,Poland,POP,Population,PS,Persons,F,Female,Y45T49,From 45 to 49 years,H,Historical,1992,,1127127,,A,Normal value,0,Units,0,Zero
DATAFLOW,OECD.ELS.SAE:DSD_POPULATION@DF_POP_HIST(1.0),Historical population data,I,POL,Poland,POP,Population,PS,Persons,F,Female,Y45T49,From 45 to 49 years,H,Historical,1993,,1179902,,A,Normal value,0,Units,0,Zero
DATAFLOW,OECD.ELS.SAE:DSD_POPULATION@DF_POP_HIST(1.0),Historical population data,I,POL,Poland,POP,Population,PS,Persons,F,Female,Y45T49,From 45 to 49 years,H,Historical,1994,,1231484,,A,Normal value,0,Units,0,Zero
DATAFLOW,OECD.ELS.SAE:DSD_POPULATION@DF_POP_HIST(1.0),Historical population data,I,POL,Poland,POP,Population,PS,Persons,F,Female,Y45T49,From 45 to 49 years,H,Historical,1995,,1281691,,A,Normal value,0,Units,0,Zero
DATAFLOW,OECD.ELS.SAE:DSD_POPULATION@DF_POP_HIST(1.0),Historical population data,I,POL,Poland,POP,Population,PS,Persons,F,Female,Y45T49,From 45 to 49 years,H,Historical,1996,,1334044,,A,Normal value,0,Units,0,Zero
DATAFLOW,OECD.ELS.SAE:DSD_POPULATION@DF_POP_HIST(1.0),Historical population data,I,POL,Poland,POP,Population,PS,Persons,F,Female,Y45T49,From 45 to 49 years,H,Historical,1997,,1388099,,A,Normal value,0,Units,0,Zero
DATAFLOW,OECD.ELS.SAE:DSD_POPULATION@DF_POP_HIST(1.0),Historical population data,I,POL,Poland,POP,Population,PS,Persons,F,Female,Y45T49,From 45 to 49 years,H,Historical,1998,,1440159,,A,Normal value,0,Units,0,Zero
DATAFLOW,OECD.ELS.SAE:DSD_POPULATION@DF_POP_HIST(1.0),Historical population data,I,POL,Poland,POP,Population,PS,Persons,F,Female,Y45T49,From 45 to 49 years,H,Historical,1999,,1506223,,A,Normal value,0,Units,0,Zero
DATAFLOW,OECD.ELS.SAE:DSD_POPULATION@DF_POP_HIST(1.0),Historical population data,I,POL,Poland,POP,Population,PS,Persons,F,Female,Y45T49,From 45 to 49 years,H,Historical,2000,,1559146,,A,Normal value,0,Units,0,Zero
DATAFLOW,OECD.ELS.SAE:DSD_POPULATION@DF_POP_HIST(1.0),Historical population data,I,POL,Poland,POP,Population,PS,Persons,F,Female,Y45T49,From 45 to 49 years,H,Historical,2001,,1575530,,A,Normal value,0,Units,0,Zero
DATAFLOW,OECD.ELS.SAE:DSD_POPULATION@DF_POP_HIST(1.0),Historical population data,I,POL,Poland,POP,Population,PS,Persons,F,Female,Y45T49,From 45 to 49 years,H,Historical,2002,,1578279,,A,Normal value,0,Units,0,Zero
DATAFLOW,OECD.ELS.SAE:DSD_POPULATION@DF_POP_HIST(1.0),Historical population data,I,POL,Poland,POP,Population,PS,Persons,F,Female,Y45T49,From 45 to 49 years,H,Historical,2003,,1583804,,A,Normal value,0,Units,0,Zero
DATAFLOW,OECD.ELS.SAE:DSD_POPULATION@DF_POP_HIST(1.0),Historical population data,I,POL,Poland,POP,Population,PS,Persons,F,Female,Y45T49,From 45 to 49 years,H,Historical,2004,,1573766,,A,Normal value,0,Units,0,Zero
DATAFLOW,OECD.ELS.SAE:DSD_POPULATION@DF_POP_HIST(1.0),Historical population data,I,POL,Poland,POP,Population,PS,Persons,F,Female,Y45T49,From 45 to 49 years,H,Historical,2005,,1543486,,A,Normal value,0,Units,0,Zero
DATAFLOW,OECD.ELS.SAE:DSD_POPULATION@DF_POP_HIST(1.0),Historical population data,I,POL,Poland,POP,Population,PS,Persons,F,Female,Y45T49,From 45 to 49 years,H,Historical,2006,,1492962,,A,Normal value,0,Units,0,Zero
DATAFLOW,OECD.ELS.SAE:DSD_POPULATION@DF_POP_HIST(1.0),Historical population data,I,POL,Poland,POP,Population,PS,Persons,F,Female,Y45T49,From 45 to 49 years,H,Historical,2007,,1429686,,A,Normal value,0,Units,0,Zero
DATAFLOW,OECD.ELS.SAE:DSD_POPULATION@DF_POP_HIST(1.0),Historical population data,I,POL,Poland,POP,Population,PS,Persons,F,Female,Y45T49,From 45 to 49 years,H,Historical,2008,,1363194,,A,Normal value,0,Units,0,Zero
DATAFLOW,OECD.ELS.SAE:DSD_POPULATION@DF_POP_HIST(1.0),Historical population data,I,POL,Poland,POP,Population,PS,Persons,F,Female,Y45T49,From 45 to 49 years,H,Historical,2009,,1302461,,A,Normal value,0,Units,0,Zero
DATAFLOW,OECD.ELS.SAE:DSD_POPULATION@DF_POP_HIST(1.0),Historical population data,I,POL,Poland,POP,Population,PS,Persons,F,Female,Y45T49,From 45 to 49 years,H,Historical,2010,,1257866,,A,Normal value,0,Units,0,Zero
DATAFLOW,OECD.ELS.SAE:DSD_POPULATION@DF_POP_HIST(1.0),Historical population data,I,POL,Poland,POP,Population,PS,Persons,F,Female,Y45T49,From 45 to 49 years,H,Historical,2011,,1219640,,A,Normal value,0,Units,0,Zero
DATAFLOW,OECD.ELS.SAE:DSD_POPULATION@DF_POP_HIST(1.0),Historical population data,I,POL,Poland,POP,Population,PS,Persons,F,Female,Y45T49,From 45 to 49 years,H,Historical,2012,,1192952,,A,Normal value,0,Units,0,Zero
DATAFLOW,OECD.ELS.SAE:DSD_POPULATION@DF_POP_HIST(1.0),Historical population data,I,POL,Poland,POP,Population,PS,Persons,F,Female,Y45T49,From 45 to 49 years,H,Historical,2013,,1173011,,A,Normal value,0,Units,0,Zero
DATAFLOW,OECD.ELS.SAE:DSD_POPULATION@DF_POP_HIST(1.0),Historical population data,I,POL,Poland,POP,Population,PS,Persons,F,Female,Y45T49,From 45 to 49 years,H,Historical,2014,,1160718,,A,Normal value,0,Units,0,Zero
DATAFLOW,OECD.ELS.SAE:DSD_POPULATION@DF_POP_HIST(1.0),Historical population data,I,POL,Poland,POP,Population,PS,Persons,F,Female,Y45T49,From 45 to 49 years,H,Historical,2015,,1160878,,A,Normal value,0,Units,0,Zero
DATAFLOW,OECD.ELS.SAE:DSD_POPULATION@DF_POP_HIST(1.0),Historical population data,I,POL,Poland,POP,Population,PS,Persons,F,Female,Y45T49,From 45 to 49 years,H,Historical,2016,,1173343,,A,Normal value,0,Units,0,Zero
DATAFLOW,OECD.ELS.SAE:DSD_POPULATION@DF_POP_HIST(1.0),Historical population data,I,POL,Poland,POP,Population,PS,Persons,F,Female,Y45T49,From 45 to 49 years,H,Historical,2017,,1197465,,A,Normal value,0,Units,0,Zero
DATAFLOW,OECD.ELS.SAE:DSD_POPULATION@DF_POP_HIST(1.0),Historical population data,I,POL,Poland,POP,Population,PS,Persons,F,Female,Y45T49,From 45 to 49 years,H,Historical,2018,,1231351,,A,Normal value,0,Units,0,Zero
DATAFLOW,OECD.ELS.SAE:DSD_POPULATION@DF_POP_HIST(1.0),Historical population data,I,POL,Poland,POP,Population,PS,Persons,F,Female,Y45T49,From 45 to 49 years,H,Historical,2019,,1272541,,A,Normal value,0,Units,0,Zero
DATAFLOW,OECD.ELS.SAE:DSD_POPULATION@DF_POP_HIST(1.0),Historical population data,I,POL,Poland,POP,Population,PS,Persons,F,Female,Y45T49,From 45 to 49 years,H,Historical,2022,,1407355,,A,Normal value,0,Units,0,Zero
DATAFLOW,OECD.ELS.SAE:DSD_POPULATION@DF_POP_HIST(1.0),Historical population data,I,POL,Poland,POP,Population,PS,Persons,F,Female,Y_GE85,85 years or over,H,Historical,1960,,50246,,A,Normal value,0,Units,0,Zero
DATAFLOW,OECD.ELS.SAE:DSD_POPULATION@DF_POP_HIST(1.0),Historical population data,I,POL,Poland,POP,Population,PS,Persons,F,Female,Y_GE85,85 years or over,H,Historical,1961,,49466,,A,Normal value,0,Units,0,Zero
DATAFLOW,OECD.ELS.SAE:DSD_POPULATION@DF_POP_HIST(1.0),Historical population data,I,POL,Poland,POP,Population,PS,Persons,F,Female,Y_GE85,85 years or over,H,Historical,1962,,51065,,A,Normal value,0,Units,0,Zero
DATAFLOW,OECD.ELS.SAE:DSD_POPULATION@DF_POP_HIST(1.0),Historical population data,I,POL,Poland,POP,Population,PS,Persons,F,Female,Y_GE85,85 years or over,H,Historical,1963,,53300,,A,Normal value,0,Units,0,Zero
DATAFLOW,OECD.ELS.SAE:DSD_POPULATION@DF_POP_HIST(1.0),Historical population data,I,POL,Poland,POP,Population,PS,Persons,F,Female,Y_GE85,85 years or over,H,Historical,1964,,55664,,A,Normal value,0,Units,0,Zero
DATAFLOW,OECD.ELS.SAE:DSD_POPULATION@DF_POP_HIST(1.0),Historical population data,I,POL,Poland,POP,Population,PS,Persons,F,Female,Y_GE85,85 years or over,H,Historical,1965,,57200,,A,Normal value,0,Units,0,Zero
DATAFLOW,OECD.ELS.SAE:DSD_POPULATION@DF_POP_HIST(1.0),Historical population data,I,POL,Poland,POP,Population,PS,Persons,F,Female,Y_GE85,85 years or over,H,Historical,1966,,60200,,A,Normal value,0,Units,0,Zero
DATAFLOW,OECD.ELS.SAE:DSD_POPULATION@DF_POP_HIST(1.0),Historical population data,I,POL,Poland,POP,Population,PS,Persons,F,Female,Y_GE85,85 years or over,H,Historical,1967,,62200,,A,Normal value,0,Units,0,Zero
DATAFLOW,OECD.ELS.SAE:DSD_POPULATION@DF_POP_HIST(1.0),Historical population data,I,POL,Poland,POP,Population,PS,Persons,F,Female,Y_GE85,85 years or over,H,Historical,1968,,82000,,A,Normal value,0,Units,0,Zero
DATAFLOW,OECD.ELS.SAE:DSD_POPULATION@DF_POP_HIST(1.0),Historical population data,I,POL,Poland,POP,Population,PS,Persons,F,Female,Y_GE85,85 years or over,H,Historical,1969,,80800,,A,Normal value,0,Units,0,Zero
DATAFLOW,OECD.ELS.SAE:DSD_POPULATION@DF_POP_HIST(1.0),Historical population data,I,POL,Poland,POP,Population,PS,Persons,F,Female,Y_GE85,85 years or over,H,Historical,1970,,76923,,A,Normal value,0,Units,0,Zero
DATAFLOW,OECD.ELS.SAE:DSD_POPULATION@DF_POP_HIST(1.0),Historical population data,I,POL,Poland,POP,Population,PS,Persons,F,Female,Y_GE85,85 years or over,H,Historical,1971,,81008,,A,Normal value,0,Units,0,Zero
DATAFLOW,OECD.ELS.SAE:DSD_POPULATION@DF_POP_HIST(1.0),Historical population data,I,POL,Poland,POP,Population,PS,Persons,F,Female,Y_GE85,85 years or over,H,Historical,1972,,82800,,A,Normal value,0,Units,0,Zero
DATAFLOW,OECD.ELS.SAE:DSD_POPULATION@DF_POP_HIST(1.0),Historical population data,I,POL,Poland,POP,Population,PS,Persons,F,Female,Y_GE85,85 years or over,H,Historical,1973,,88100,,A,Normal value,0,Units,0,Zero
DATAFLOW,OECD.ELS.SAE:DSD_POPULATION@DF_POP_HIST(1.0),Historical population data,I,POL,Poland,POP,Population,PS,Persons,F,Female,Y_GE85,85 years or over,H,Historical,1974,,95075,,A,Normal value,0,Units,0,Zero
DATAFLOW,OECD.ELS.SAE:DSD_POPULATION@DF_POP_HIST(1.0),Historical population data,I,POL,Poland,POP,Population,PS,Persons,F,Female,Y_GE85,85 years or over,H,Historical,1975,,100902,,A,Normal value,0,Units,0,Zero
DATAFLOW,OECD.ELS.SAE:DSD_POPULATION@DF_POP_HIST(1.0),Historical population data,I,POL,Poland,POP,Population,PS,Persons,F,Female,Y_GE85,85 years or over,H,Historical,1976,,109307,,A,Normal value,0,Units,0,Zero
DATAFLOW,OECD.ELS.SAE:DSD_POPULATION@DF_POP_HIST(1.0),Historical population data,I,POL,Poland,POP,Population,PS,Persons,F,Female,Y_GE85,85 years or over,H,Historical,1977,,114245,,A,Normal value,0,Units,0,Zero
DATAFLOW,OECD.ELS.SAE:DSD_POPULATION@DF_POP_HIST(1.0),Historical population data,I,POL,Poland,POP,Population,PS,Persons,F,Female,Y_GE85,85 years or over,H,Historical,1978,,120719,,A,Normal value,0,Units,0,Zero
DATAFLOW,OECD.ELS.SAE:DSD_POPULATION@DF_POP_HIST(1.0),Historical population data,I,POL,Poland,POP,Population,PS,Persons,F,Female,Y_GE85,85 years or over,H,Historical,1979,,116330,,A,Normal value,0,Units,0,Zero
DATAFLOW,OECD.ELS.SAE:DSD_POPULATION@DF_POP_HIST(1.0),Historical population data,I,POL,Poland,POP,Population,PS,Persons,F,Female,Y_GE85,85 years or over,H,Historical,1980,,119538,,A,Normal value,0,Units,0,Zero
DATAFLOW,OECD.ELS.SAE:DSD_POPULATION@DF_POP_HIST(1.0),Historical population data,I,POL,Poland,POP,Population,PS,Persons,F,Female,Y_GE85,85 years or over,H,Historical,1981,,126535,,A,Normal value,0,Units,0,Zero
DATAFLOW,OECD.ELS.SAE:DSD_POPULATION@DF_POP_HIST(1.0),Historical population data,I,POL,Poland,POP,Population,PS,Persons,F,Female,Y_GE85,85 years or over,H,Historical,1982,,132330,,A,Normal value,0,Units,0,Zero
DATAFLOW,OECD.ELS.SAE:DSD_POPULATION@DF_POP_HIST(1.0),Historical population data,I,POL,Poland,POP,Population,PS,Persons,F,Female,Y_GE85,85 years or over,H,Historical,1983,,140133,,A,Normal value,0,Units,0,Zero
DATAFLOW,OECD.ELS.SAE:DSD_POPULATION@DF_POP_HIST(1.0),Historical population data,I,POL,Poland,POP,Population,PS,Persons,F,Female,Y_GE85,85 years or over,H,Historical,1984,,145087,,A,Normal value,0,Units,0,Zero
DATAFLOW,OECD.ELS.SAE:DSD_POPULATION@DF_POP_HIST(1.0),Historical population data,I,POL,Poland,POP,Population,PS,Persons,F,Female,Y_GE85,85 years or over,H,Historical,1985,,149584,,A,Normal value,0,Units,0,Zero
DATAFLOW,OECD.ELS.SAE:DSD_POPULATION@DF_POP_HIST(1.0),Historical population data,I,POL,Poland,POP,Population,PS,Persons,F,Female,Y_GE85,85 years or over,H,Historical,1986,,158165,,A,Normal value,0,Units,0,Zero
DATAFLOW,OECD.ELS.SAE:DSD_POPULATION@DF_POP_HIST(1.0),Historical population data,I,POL,Poland,POP,Population,PS,Persons,F,Female,Y_GE85,85 years or over,H,Historical,1987,,165507,,A,Normal value,0,Units,0,Zero
DATAFLOW,OECD.ELS.SAE:DSD_POPULATION@DF_POP_HIST(1.0),Historical population data,I,POL,Poland,POP,Population,PS,Persons,F,Female,Y_GE85,85 years or over,H,Historical,1988,,175648,,A,Normal value,0,Units,0,Zero
DATAFLOW,OECD.ELS.SAE:DSD_POPULATION@DF_POP_HIST(1.0),Historical population data,I,POL,Poland,POP,Population,PS,Persons,F,Female,Y_GE85,85 years or over,H,Historical,1989,,187757,,A,Normal value,0,Units,0,Zero
DATAFLOW,OECD.ELS.SAE:DSD_POPULATION@DF_POP_HIST(1.0),Historical population data,I,POL,Poland,POP,Population,PS,Persons,F,Female,Y_GE85,85 years or over,H,Historical,1990,,193447,,A,Normal value,0,Units,0,Zero
DATAFLOW,OECD.ELS.SAE:DSD_POPULATION@DF_POP_HIST(1.0),Historical population data,I,POL,Poland,POP,Population,PS,Persons,F,Female,Y_GE85,85 years or over,H,Historical,1991,,200107,,A,Normal value,0,Units,0,Zero
DATAFLOW,OECD.ELS.SAE:DSD_POPULATION@DF_POP_HIST(1.0),Historical population data,I,POL,Poland,POP,Population,PS,Persons,F,Female,Y_GE85,85 years or over,H,Historical,1992,,205941,,A,Normal value,0,Units,0,Zero
DATAFLOW,OECD.ELS.SAE:DSD_POPULATION@DF_POP_HIST(1.0),Historical population data,I,POL,Poland,POP,Population,PS,Persons,F,Female,Y_GE85,85 years or over,H,Historical,1993,,211475,,A,Normal value,0,Units,0,Zero
DATAFLOW,OECD.ELS.SAE:DSD_POPULATION@DF_POP_HIST(1.0),Historical population data,I,POL,Poland,POP,Population,PS,Persons,F,Female,Y_GE85,85 years or over,H,Historical,1994,,216650,,A,Normal value,0,Units,0,Zero
DATAFLOW,OECD.ELS.SAE:DSD_POPULATION@DF_POP_HIST(1.0),Historical population data,I,POL,Poland,POP,Population,PS,Persons,F,Female,Y_GE85,85 years or over,H,Historical,1995,,221727,,A,Normal value,0,Units,0,Zero
DATAFLOW,OECD.ELS.SAE:DSD_POPULATION@DF_POP_HIST(1.0),Historical population data,I,POL,Poland,POP,Population,PS,Persons,F,Female,Y_GE85,85 years or over,H,Historical,1996,,227756,,A,Normal value,0,Units,0,Zero
DATAFLOW,OECD.ELS.SAE:DSD_POPULATION@DF_POP_HIST(1.0),Historical population data,I,POL,Poland,POP,Population,PS,Persons,F,Female,Y_GE85,85 years or over,H,Historical,1997,,233966,,A,Normal value,0,Units,0,Zero
DATAFLOW,OECD.ELS.SAE:DSD_POPULATION@DF_POP_HIST(1.0),Historical population data,I,POL,Poland,POP,Population,PS,Persons,F,Female,Y_GE85,85 years or over,H,Historical,1998,,239392,,A,Normal value,0,Units,0,Zero
DATAFLOW,OECD.ELS.SAE:DSD_POPULATION@DF_POP_HIST(1.0),Historical population data,I,POL,Poland,POP,Population,PS,Persons,F,Female,Y_GE85,85 years or over,H,Historical,1999,,250309,,A,Normal value,0,Units,0,Zero
DATAFLOW,OECD.ELS.SAE:DSD_POPULATION@DF_POP_HIST(1.0),Historical population data,I,POL,Poland,POP,Population,PS,Persons,F,Female,Y_GE85,85 years or over,H,Historical,2000,,259033,,A,Normal value,0,Units,0,Zero
DATAFLOW,OECD.ELS.SAE:DSD_POPULATION@DF_POP_HIST(1.0),Historical population data,I,POL,Poland,POP,Population,PS,Persons,F,Female,Y_GE85,85 years or over,H,Historical,2001,,255692,,A,Normal value,0,Units,0,Zero
DATAFLOW,OECD.ELS.SAE:DSD_POPULATION@DF_POP_HIST(1.0),Historical population data,I,POL,Poland,POP,Population,PS,Persons,F,Female,Y_GE85,85 years or over,H,Historical,2002,,248470,,A,Normal value,0,Units,0,Zero
DATAFLOW,OECD.ELS.SAE:DSD_POPULATION@DF_POP_HIST(1.0),Historical population data,I,POL,Poland,POP,Population,PS,Persons,F,Female,Y_GE85,85 years or over,H,Historical,2003,,237216,,A,Normal value,0,Units,0,Zero
DATAFLOW,OECD.ELS.SAE:DSD_POPULATION@DF_POP_HIST(1.0),Historical population data,I,POL,Poland,POP,Population,PS,Persons,F,Female,Y_GE85,85 years or over,H,Historical,2004,,239730,,A,Normal value,0,Units,0,Zero
DATAFLOW,OECD.ELS.SAE:DSD_POPULATION@DF_POP_HIST(1.0),Historical population data,I,POL,Poland,POP,Population,PS,Persons,F,Female,Y_GE85,85 years or over,H,Historical,2005,,251167,,A,Normal value,0,Units,0,Zero
DATAFLOW,OECD.ELS.SAE:DSD_POPULATION@DF_POP_HIST(1.0),Historical population data,I,POL,Poland,POP,Population,PS,Persons,F,Female,Y_GE85,85 years or over,H,Historical,2006,,267841,,A,Normal value,0,Units,0,Zero
DATAFLOW,OECD.ELS.SAE:DSD_POPULATION@DF_POP_HIST(1.0),Historical population data,I,POL,Poland,POP,Population,PS,Persons,F,Female,Y_GE85,85 years or over,H,Historical,2007,,290067,,A,Normal value,0,Units,0,Zero
DATAFLOW,OECD.ELS.SAE:DSD_POPULATION@DF_POP_HIST(1.0),Historical population data,I,POL,Poland,POP,Population,PS,Persons,F,Female,Y_GE85,85 years or over,H,Historical,2008,,315396,,A,Normal value,0,Units,0,Zero
DATAFLOW,OECD.ELS.SAE:DSD_POPULATION@DF_POP_HIST(1.0),Historical population data,I,POL,Poland,POP,Population,PS,Persons,F,Female,Y_GE85,85 years or over,H,Historical,2009,,339746,,A,Normal value,0,Units,0,Zero
DATAFLOW,OECD.ELS.SAE:DSD_POPULATION@DF_POP_HIST(1.0),Historical population data,I,POL,Poland,POP,Population,PS,Persons,F,Female,Y_GE85,85 years or over,H,Historical,2010,,370815,,A,Normal value,0,Units,0,Zero
DATAFLOW,OECD.ELS.SAE:DSD_POPULATION@DF_POP_HIST(1.0),Historical population data,I,POL,Poland,POP,Population,PS,Persons,F,Female,Y_GE85,85 years or over,H,Historical,2011,,397583,,A,Normal value,0,Units,0,Zero
DATAFLOW,OECD.ELS.SAE:DSD_POPULATION@DF_POP_HIST(1.0),Historical population data,I,POL,Poland,POP,Population,PS,Persons,F,Female,Y_GE85,85 years or over,H,Historical,2012,,422196,,A,Normal value,0,Units,0,Zero
DATAFLOW,OECD.ELS.SAE:DSD_POPULATION@DF_POP_HIST(1.0),Historical population data,I,POL,Poland,POP,Population,PS,Persons,F,Female,Y_GE85,85 years or over,H,Historical,2013,,444047,,A,Normal value,0,Units,0,Zero
DATAFLOW,OECD.ELS.SAE:DSD_POPULATION@DF_POP_HIST(1.0),Historical population data,I,POL,Poland,POP,Population,PS,Persons,F,Female,Y_GE85,85 years or over,H,Historical,2014,,472345,,A,Normal value,0,Units,0,Zero
DATAFLOW,OECD.ELS.SAE:DSD_POPULATION@DF_POP_HIST(1.0),Historical population data,I,POL,Poland,POP,Population,PS,Persons,F,Female,Y_GE85,85 years or over,H,Historical,2015,,497711,,A,Normal value,0,Units,0,Zero
DATAFLOW,OECD.ELS.SAE:DSD_POPULATION@DF_POP_HIST(1.0),Historical population data,I,POL,Poland,POP,Population,PS,Persons,F,Female,Y_GE85,85 years or over,H,Historical,2016,,524805,,A,Normal value,0,Units,0,Zero
DATAFLOW,OECD.ELS.SAE:DSD_POPULATION@DF_POP_HIST(1.0),Historical population data,I,POL,Poland,POP,Population,PS,Persons,F,Female,Y_GE85,85 years or over,H,Historical,2017,,544240,,A,Normal value,0,Units,0,Zero
DATAFLOW,OECD.ELS.SAE:DSD_POPULATION@DF_POP_HIST(1.0),Historical population data,I,POL,Poland,POP,Population,PS,Persons,F,Female,Y_GE85,85 years or over,H,Historical,2018,,560417,,A,Normal value,0,Units,0,Zero
DATAFLOW,OECD.ELS.SAE:DSD_POPULATION@DF_POP_HIST(1.0),Historical population data,I,POL,Poland,POP,Population,PS,Persons,F,Female,Y_GE85,85 years or over,H,Historical,2019,,575060,,A,Normal value,0,Units,0,Zero
DATAFLOW,OECD.ELS.SAE:DSD_POPULATION@DF_POP_HIST(1.0),Historical population data,I,POL,Poland,POP,Population,PS,Persons,F,Female,Y_GE85,85 years or over,H,Historical,2022,,573398,,A,Normal value,0,Units,0,Zero
DATAFLOW,OECD.ELS.SAE:DSD_POPULATION@DF_POP_HIST(1.0),Historical population data,I,POL,Poland,POP,Population,PS,Persons,F,Female,Y60T64,From 60 to 64 years,H,Historical,1960,,627402,,A,Normal value,0,Units,0,Zero
DATAFLOW,OECD.ELS.SAE:DSD_POPULATION@DF_POP_HIST(1.0),Historical population data,I,POL,Poland,POP,Population,PS,Persons,F,Female,Y60T64,From 60 to 64 years,H,Historical,1961,,632000,,A,Normal value,0,Units,0,Zero
DATAFLOW,OECD.ELS.SAE:DSD_POPULATION@DF_POP_HIST(1.0),Historical population data,I,POL,Poland,POP,Population,PS,Persons,F,Female,Y60T64,From 60 to 64 years,H,Historical,1962,,654600,,A,Normal value,0,Units,0,Zero
DATAFLOW,OECD.ELS.SAE:DSD_POPULATION@DF_POP_HIST(1.0),Historical population data,I,POL,Poland,POP,Population,PS,Persons,F,Female,Y60T64,From 60 to 64 years,H,Historical,1963,,684300,,A,Normal value,0,Units,0,Zero
DATAFLOW,OECD.ELS.SAE:DSD_POPULATION@DF_POP_HIST(1.0),Historical population data,I,POL,Poland,POP,Population,PS,Persons,F,Female,Y60T64,From 60 to 64 years,H,Historical,1964,,712400,,A,Normal value,0,Units,0,Zero
DATAFLOW,OECD.ELS.SAE:DSD_POPULATION@DF_POP_HIST(1.0),Historical population data,I,POL,Poland,POP,Population,PS,Persons,F,Female,Y60T64,From 60 to 64 years,H,Historical,1965,,725000,,A,Normal value,0,Units,0,Zero
DATAFLOW,OECD.ELS.SAE:DSD_POPULATION@DF_POP_HIST(1.0),Historical population data,I,POL,Poland,POP,Population,PS,Persons,F,Female,Y60T64,From 60 to 64 years,H,Historical,1966,,738300,,A,Normal value,0,Units,0,Zero
DATAFLOW,OECD.ELS.SAE:DSD_POPULATION@DF_POP_HIST(1.0),Historical population data,I,POL,Poland,POP,Population,PS,Persons,F,Female,Y60T64,From 60 to 64 years,H,Historical,1967,,761600,,A,Normal value,0,Units,0,Zero
DATAFLOW,OECD.ELS.SAE:DSD_POPULATION@DF_POP_HIST(1.0),Historical population data,I,POL,Poland,POP,Population,PS,Persons,F,Female,Y60T64,From 60 to 64 years,H,Historical,1968,,774100,,A,Normal value,0,Units,0,Zero
DATAFLOW,OECD.ELS.SAE:DSD_POPULATION@DF_POP_HIST(1.0),Historical population data,I,POL,Poland,POP,Population,PS,Persons,F,Female,Y60T64,From 60 to 64 years,H,Historical,1969,,792600,,A,Normal value,0,Units,0,Zero
DATAFLOW,OECD.ELS.SAE:DSD_POPULATION@DF_POP_HIST(1.0),Historical population data,I,POL,Poland,POP,Population,PS,Persons,F,Female,Y60T64,From 60 to 64 years,H,Historical,1970,,823532,,A,Normal value,0,Units,0,Zero
DATAFLOW,OECD.ELS.SAE:DSD_POPULATION@DF_POP_HIST(1.0),Historical population data,I,POL,Poland,POP,Population,PS,Persons,F,Female,Y60T64,From 60 to 64 years,H,Historical,1971,,818000,,A,Normal value,0,Units,0,Zero
DATAFLOW,OECD.ELS.SAE:DSD_POPULATION@DF_POP_HIST(1.0),Historical population data,I,POL,Poland,POP,Population,PS,Persons,F,Female,Y60T64,From 60 to 64 years,H,Historical,1972,,832400,,A,Normal value,0,Units,0,Zero
DATAFLOW,OECD.ELS.SAE:DSD_POPULATION@DF_POP_HIST(1.0),Historical population data,I,POL,Poland,POP,Population,PS,Persons,F,Female,Y60T64,From 60 to 64 years,H,Historical,1973,,837300,,A,Normal value,0,Units,0,Zero
DATAFLOW,OECD.ELS.SAE:DSD_POPULATION@DF_POP_HIST(1.0),Historical population data,I,POL,Poland,POP,Population,PS,Persons,F,Female,Y60T64,From 60 to 64 years,H,Historical,1974,,834581,,A,Normal value,0,Units,0,Zero
DATAFLOW,OECD.ELS.SAE:DSD_POPULATION@DF_POP_HIST(1.0),Historical population data,I,POL,Poland,POP,Population,PS,Persons,F,Female,Y60T64,From 60 to 64 years,H,Historical,1975,,808408,,A,Normal value,0,Units,0,Zero
DATAFLOW,OECD.ELS.SAE:DSD_POPULATION@DF_POP_HIST(1.0),Historical population data,I,POL,Poland,POP,Population,PS,Persons,F,Female,Y60T64,From 60 to 64 years,H,Historical,1976,,758566,,A,Normal value,0,Units,0,Zero
DATAFLOW,OECD.ELS.SAE:DSD_POPULATION@DF_POP_HIST(1.0),Historical population data,I,POL,Poland,POP,Population,PS,Persons,F,Female,Y60T64,From 60 to 64 years,H,Historical,1977,,697508,,A,Normal value,0,Units,0,Zero
DATAFLOW,OECD.ELS.SAE:DSD_POPULATION@DF_POP_HIST(1.0),Historical population data,I,POL,Poland,POP,Population,PS,Persons,F,Female,Y60T64,From 60 to 64 years,H,Historical,1978,,635223,,A,Normal value,0,Units,0,Zero
DATAFLOW,OECD.ELS.SAE:DSD_POPULATION@DF_POP_HIST(1.0),Historical population data,I,POL,Poland,POP,Population,PS,Persons,F,Female,Y60T64,From 60 to 64 years,H,Historical,1979,,606176,,A,Normal value,0,Units,0,Zero
DATAFLOW,OECD.ELS.SAE:DSD_POPULATION@DF_POP_HIST(1.0),Historical population data,I,POL,Poland,POP,Population,PS,Persons,F,Female,Y60T64,From 60 to 64 years,H,Historical,1980,,618315,,A,Normal value,0,Units,0,Zero
DATAFLOW,OECD.ELS.SAE:DSD_POPULATION@DF_POP_HIST(1.0),Historical population data,I,POL,Poland,POP,Population,PS,Persons,F,Female,Y60T64,From 60 to 64 years,H,Historical,1981,,662234,,A,Normal value,0,Units,0,Zero
DATAFLOW,OECD.ELS.SAE:DSD_POPULATION@DF_POP_HIST(1.0),Historical population data,I,POL,Poland,POP,Population,PS,Persons,F,Female,Y60T64,From 60 to 64 years,H,Historical,1982,,730475,,A,Normal value,0,Units,0,Zero
DATAFLOW,OECD.ELS.SAE:DSD_POPULATION@DF_POP_HIST(1.0),Historical population data,I,POL,Poland,POP,Population,PS,Persons,F,Female,Y60T64,From 60 to 64 years,H,Historical,1983,,817465,,A,Normal value,0,Units,0,Zero
DATAFLOW,OECD.ELS.SAE:DSD_POPULATION@DF_POP_HIST(1.0),Historical population data,I,POL,Poland,POP,Population,PS,Persons,F,Female,Y60T64,From 60 to 64 years,H,Historical,1984,,886507,,A,Normal value,0,Units,0,Zero
DATAFLOW,OECD.ELS.SAE:DSD_POPULATION@DF_POP_HIST(1.0),Historical population data,I,POL,Poland,POP,Population,PS,Persons,F,Female,Y60T64,From 60 to 64 years,H,Historical,1985,,936336,,A,Normal value,0,Units,0,Zero
DATAFLOW,OECD.ELS.SAE:DSD_POPULATION@DF_POP_HIST(1.0),Historical population data,I,POL,Poland,POP,Population,PS,Persons,F,Female,Y60T64,From 60 to 64 years,H,Historical,1986,,978632,,A,Normal value,0,Units,0,Zero
DATAFLOW,OECD.ELS.SAE:DSD_POPULATION@DF_POP_HIST(1.0),Historical population data,I,POL,Poland,POP,Population,PS,Persons,F,Female,Y60T64,From 60 to 64 years,H,Historical,1987,,997836,,A,Normal value,0,Units,0,Zero
DATAFLOW,OECD.ELS.SAE:DSD_POPULATION@DF_POP_HIST(1.0),Historical population data,I,POL,Poland,POP,Population,PS,Persons,F,Female,Y60T64,From 60 to 64 years,H,Historical,1988,,1003615,,A,Normal value,0,Units,0,Zero
DATAFLOW,OECD.ELS.SAE:DSD_POPULATION@DF_POP_HIST(1.0),Historical population data,I,POL,Poland,POP,Population,PS,Persons,F,Female,Y60T64,From 60 to 64 years,H,Historical,1989,,1009582,,A,Normal value,0,Units,0,Zero
DATAFLOW,OECD.ELS.SAE:DSD_POPULATION@DF_POP_HIST(1.0),Historical population data,I,POL,Poland,POP,Population,PS,Persons,F,Female,Y60T64,From 60 to 64 years,H,Historical,1990,,989837,,A,Normal value,0,Units,0,Zero
DATAFLOW,OECD.ELS.SAE:DSD_POPULATION@DF_POP_HIST(1.0),Historical population data,I,POL,Poland,POP,Population,PS,Persons,F,Female,Y60T64,From 60 to 64 years,H,Historical,1991,,978573,,A,Normal value,0,Units,0,Zero
DATAFLOW,OECD.ELS.SAE:DSD_POPULATION@DF_POP_HIST(1.0),Historical population data,I,POL,Poland,POP,Population,PS,Persons,F,Female,Y60T64,From 60 to 64 years,H,Historical,1992,,971073,,A,Normal value,0,Units,0,Zero
DATAFLOW,OECD.ELS.SAE:DSD_POPULATION@DF_POP_HIST(1.0),Historical population data,I,POL,Poland,POP,Population,PS,Persons,F,Female,Y60T64,From 60 to 64 years,H,Historical,1993,,966906,,A,Normal value,0,Units,0,Zero
DATAFLOW,OECD.ELS.SAE:DSD_POPULATION@DF_POP_HIST(1.0),Historical population data,I,POL,Poland,POP,Population,PS,Persons,F,Female,Y60T64,From 60 to 64 years,H,Historical,1994,,962635,,A,Normal value,0,Units,0,Zero
DATAFLOW,OECD.ELS.SAE:DSD_POPULATION@DF_POP_HIST(1.0),Historical population data,I,POL,Poland,POP,Population,PS,Persons,F,Female,Y60T64,From 60 to 64 years,H,Historical,1995,,958825,,A,Normal value,0,Units,0,Zero
DATAFLOW,OECD.ELS.SAE:DSD_POPULATION@DF_POP_HIST(1.0),Historical population data,I,POL,Poland,POP,Population,PS,Persons,F,Female,Y60T64,From 60 to 64 years,H,Historical,1996,,954596,,A,Normal value,0,Units,0,Zero
DATAFLOW,OECD.ELS.SAE:DSD_POPULATION@DF_POP_HIST(1.0),Historical population data,I,POL,Poland,POP,Population,PS,Persons,F,Female,Y60T64,From 60 to 64 years,H,Historical,1997,,950541,,A,Normal value,0,Units,0,Zero
DATAFLOW,OECD.ELS.SAE:DSD_POPULATION@DF_POP_HIST(1.0),Historical population data,I,POL,Poland,POP,Population,PS,Persons,F,Female,Y60T64,From 60 to 64 years,H,Historical,1998,,947173,,A,Normal value,0,Units,0,Zero
DATAFLOW,OECD.ELS.SAE:DSD_POPULATION@DF_POP_HIST(1.0),Historical population data,I,POL,Poland,POP,Population,PS,Persons,F,Female,Y60T64,From 60 to 64 years,H,Historical,1999,,948223,,A,Normal value,0,Units,0,Zero
DATAFLOW,OECD.ELS.SAE:DSD_POPULATION@DF_POP_HIST(1.0),Historical population data,I,POL,Poland,POP,Population,PS,Persons,F,Female,Y60T64,From 60 to 64 years,H,Historical,2000,,942632,,A,Normal value,0,Units,0,Zero
DATAFLOW,OECD.ELS.SAE:DSD_POPULATION@DF_POP_HIST(1.0),Historical population data,I,POL,Poland,POP,Population,PS,Persons,F,Female,Y60T64,From 60 to 64 years,H,Historical,2001,,921475,,A,Normal value,0,Units,0,Zero
DATAFLOW,OECD.ELS.SAE:DSD_POPULATION@DF_POP_HIST(1.0),Historical population data,I,POL,Poland,POP,Population,PS,Persons,F,Female,Y60T64,From 60 to 64 years,H,Historical,2002,,892952,,A,Normal value,0,Units,0,Zero
DATAFLOW,OECD.ELS.SAE:DSD_POPULATION@DF_POP_HIST(1.0),Historical population data,I,POL,Poland,POP,Population,PS,Persons,F,Female,Y60T64,From 60 to 64 years,H,Historical,2003,,863792,,A,Normal value,0,Units,0,Zero
DATAFLOW,OECD.ELS.SAE:DSD_POPULATION@DF_POP_HIST(1.0),Historical population data,I,POL,Poland,POP,Population,PS,Persons,F,Female,Y60T64,From 60 to 64 years,H,Historical,2004,,839641,,A,Normal value,0,Units,0,Zero
DATAFLOW,OECD.ELS.SAE:DSD_POPULATION@DF_POP_HIST(1.0),Historical population data,I,POL,Poland,POP,Population,PS,Persons,F,Female,Y60T64,From 60 to 64 years,H,Historical,2005,,820521,,A,Normal value,0,Units,0,Zero
DATAFLOW,OECD.ELS.SAE:DSD_POPULATION@DF_POP_HIST(1.0),Historical population data,I,POL,Poland,POP,Population,PS,Persons,F,Female,Y60T64,From 60 to 64 years,H,Historical,2006,,839635,,A,Normal value,0,Units,0,Zero
DATAFLOW,OECD.ELS.SAE:DSD_POPULATION@DF_POP_HIST(1.0),Historical population data,I,POL,Poland,POP,Population,PS,Persons,F,Female,Y60T64,From 60 to 64 years,H,Historical,2007,,909099,,A,Normal value,0,Units,0,Zero
DATAFLOW,OECD.ELS.SAE:DSD_POPULATION@DF_POP_HIST(1.0),Historical population data,I,POL,Poland,POP,Population,PS,Persons,F,Female,Y60T64,From 60 to 64 years,H,Historical,2008,,1000334,,A,Normal value,0,Units,0,Zero
DATAFLOW,OECD.ELS.SAE:DSD_POPULATION@DF_POP_HIST(1.0),Historical population data,I,POL,Poland,POP,Population,PS,Persons,F,Female,Y60T64,From 60 to 64 years,H,Historical,2009,,1099819,,A,Normal value,0,Units,0,Zero
DATAFLOW,OECD.ELS.SAE:DSD_POPULATION@DF_POP_HIST(1.0),Historical population data,I,POL,Poland,POP,Population,PS,Persons,F,Female,Y60T64,From 60 to 64 years,H,Historical,2010,,1209910,,A,Normal value,0,Units,0,Zero
DATAFLOW,OECD.ELS.SAE:DSD_POPULATION@DF_POP_HIST(1.0),Historical population data,I,POL,Poland,POP,Population,PS,Persons,F,Female,Y60T64,From 60 to 64 years,H,Historical,2011,,1296668,,A,Normal value,0,Units,0,Zero
DATAFLOW,OECD.ELS.SAE:DSD_POPULATION@DF_POP_HIST(1.0),Historical population data,I,POL,Poland,POP,Population,PS,Persons,F,Female,Y60T64,From 60 to 64 years,H,Historical,2012,,1350684,,A,Normal value,0,Units,0,Zero
DATAFLOW,OECD.ELS.SAE:DSD_POPULATION@DF_POP_HIST(1.0),Historical population data,I,POL,Poland,POP,Population,PS,Persons,F,Female,Y60T64,From 60 to 64 years,H,Historical,2013,,1389133,,A,Normal value,0,Units,0,Zero
DATAFLOW,OECD.ELS.SAE:DSD_POPULATION@DF_POP_HIST(1.0),Historical population data,I,POL,Poland,POP,Population,PS,Persons,F,Female,Y60T64,From 60 to 64 years,H,Historical,2014,,1418389,,A,Normal value,0,Units,0,Zero
DATAFLOW,OECD.ELS.SAE:DSD_POPULATION@DF_POP_HIST(1.0),Historical population data,I,POL,Poland,POP,Population,PS,Persons,F,Female,Y60T64,From 60 to 64 years,H,Historical,2015,,1443985,,A,Normal value,0,Units,0,Zero
DATAFLOW,OECD.ELS.SAE:DSD_POPULATION@DF_POP_HIST(1.0),Historical population data,I,POL,Poland,POP,Population,PS,Persons,F,Female,Y60T64,From 60 to 64 years,H,Historical,2016,,1461221,,A,Normal value,0,Units,0,Zero
DATAFLOW,OECD.ELS.SAE:DSD_POPULATION@DF_POP_HIST(1.0),Historical population data,I,POL,Poland,POP,Population,PS,Persons,F,Female,Y60T64,From 60 to 64 years,H,Historical,2017,,1470308,,A,Normal value,0,Units,0,Zero
DATAFLOW,OECD.ELS.SAE:DSD_POPULATION@DF_POP_HIST(1.0),Historical population data,I,POL,Poland,POP,Population,PS,Persons,F,Female,Y60T64,From 60 to 64 years,H,Historical,2018,,1474059,,A,Normal value,0,Units,0,Zero
DATAFLOW,OECD.ELS.SAE:DSD_POPULATION@DF_POP_HIST(1.0),Historical population data,I,POL,Poland,POP,Population,PS,Persons,F,Female,Y60T64,From 60 to 64 years,H,Historical,2019,,1466876,,A,Normal value,0,Units,0,Zero
DATAFLOW,OECD.ELS.SAE:DSD_POPULATION@DF_POP_HIST(1.0),Historical population data,I,POL,Poland,POP,Population,PS,Persons,F,Female,Y60T64,From 60 to 64 years,H,Historical,2022,,1323251,,A,Normal value,0,Units,0,Zero
DATAFLOW,OECD.ELS.SAE:DSD_POPULATION@DF_POP_HIST(1.0),Historical population data,I,POL,Poland,POP,Population,PS,Persons,F,Female,Y40T44,From 40 to 44 years,H,Historical,1960,,725140,,A,Normal value,0,Units,0,Zero
DATAFLOW,OECD.ELS.SAE:DSD_POPULATION@DF_POP_HIST(1.0),Historical population data,I,POL,Poland,POP,Population,PS,Persons,F,Female,Y40T44,From 40 to 44 years,H,Historical,1961,,754500,,A,Normal value,0,Units,0,Zero
DATAFLOW,OECD.ELS.SAE:DSD_POPULATION@DF_POP_HIST(1.0),Historical population data,I,POL,Poland,POP,Population,PS,Persons,F,Female,Y40T44,From 40 to 44 years,H,Historical,1962,,831300,,A,Normal value,0,Units,0,Zero
DATAFLOW,OECD.ELS.SAE:DSD_POPULATION@DF_POP_HIST(1.0),Historical population data,I,POL,Poland,POP,Population,PS,Persons,F,Female,Y40T44,From 40 to 44 years,H,Historical,1963,,930400,,A,Normal value,0,Units,0,Zero
DATAFLOW,OECD.ELS.SAE:DSD_POPULATION@DF_POP_HIST(1.0),Historical population data,I,POL,Poland,POP,Population,PS,Persons,F,Female,Y40T44,From 40 to 44 years,H,Historical,1964,,1013900,,A,Normal value,0,Units,0,Zero
DATAFLOW,OECD.ELS.SAE:DSD_POPULATION@DF_POP_HIST(1.0),Historical population data,I,POL,Poland,POP,Population,PS,Persons,F,Female,Y40T44,From 40 to 44 years,H,Historical,1965,,1079000,,A,Normal value,0,Units,0,Zero
DATAFLOW,OECD.ELS.SAE:DSD_POPULATION@DF_POP_HIST(1.0),Historical population data,I,POL,Poland,POP,Population,PS,Persons,F,Female,Y40T44,From 40 to 44 years,H,Historical,1966,,1125800,,A,Normal value,0,Units,0,Zero
DATAFLOW,OECD.ELS.SAE:DSD_POPULATION@DF_POP_HIST(1.0),Historical population data,I,POL,Poland,POP,Population,PS,Persons,F,Female,Y40T44,From 40 to 44 years,H,Historical,1967,,1149700,,A,Normal value,0,Units,0,Zero
DATAFLOW,OECD.ELS.SAE:DSD_POPULATION@DF_POP_HIST(1.0),Historical population data,I,POL,Poland,POP,Population,PS,Persons,F,Female,Y40T44,From 40 to 44 years,H,Historical,1968,,1143100,,A,Normal value,0,Units,0,Zero
DATAFLOW,OECD.ELS.SAE:DSD_POPULATION@DF_POP_HIST(1.0),Historical population data,I,POL,Poland,POP,Population,PS,Persons,F,Female,Y40T44,From 40 to 44 years,H,Historical,1969,,1153600,,A,Normal value,0,Units,0,Zero
DATAFLOW,OECD.ELS.SAE:DSD_POPULATION@DF_POP_HIST(1.0),Historical population data,I,POL,Poland,POP,Population,PS,Persons,F,Female,Y40T44,From 40 to 44 years,H,Historical,1970,,1158395,,A,Normal value,0,Units,0,Zero
DATAFLOW,OECD.ELS.SAE:DSD_POPULATION@DF_POP_HIST(1.0),Historical population data,I,POL,Poland,POP,Population,PS,Persons,F,Female,Y40T44,From 40 to 44 years,H,Historical,1971,,1158900,,A,Normal value,0,Units,0,Zero
DATAFLOW,OECD.ELS.SAE:DSD_POPULATION@DF_POP_HIST(1.0),Historical population data,I,POL,Poland,POP,Population,PS,Persons,F,Female,Y40T44,From 40 to 44 years,H,Historical,1972,,1168300,,A,Normal value,0,Units,0,Zero
DATAFLOW,OECD.ELS.SAE:DSD_POPULATION@DF_POP_HIST(1.0),Historical population data,I,POL,Poland,POP,Population,PS,Persons,F,Female,Y40T44,From 40 to 44 years,H,Historical,1973,,1163900,,A,Normal value,0,Units,0,Zero
DATAFLOW,OECD.ELS.SAE:DSD_POPULATION@DF_POP_HIST(1.0),Historical population data,I,POL,Poland,POP,Population,PS,Persons,F,Female,Y40T44,From 40 to 44 years,H,Historical,1974,,1148452,,A,Normal value,0,Units,0,Zero
DATAFLOW,OECD.ELS.SAE:DSD_POPULATION@DF_POP_HIST(1.0),Historical population data,I,POL,Poland,POP,Population,PS,Persons,F,Female,Y40T44,From 40 to 44 years,H,Historical,1975,,1128829,,A,Normal value,0,Units,0,Zero
DATAFLOW,OECD.ELS.SAE:DSD_POPULATION@DF_POP_HIST(1.0),Historical population data,I,POL,Poland,POP,Population,PS,Persons,F,Female,Y40T44,From 40 to 44 years,H,Historical,1976,,1110604,,A,Normal value,0,Units,0,Zero
DATAFLOW,OECD.ELS.SAE:DSD_POPULATION@DF_POP_HIST(1.0),Historical population data,I,POL,Poland,POP,Population,PS,Persons,F,Female,Y40T44,From 40 to 44 years,H,Historical,1977,,1096370,,A,Normal value,0,Units,0,Zero
DATAFLOW,OECD.ELS.SAE:DSD_POPULATION@DF_POP_HIST(1.0),Historical population data,I,POL,Poland,POP,Population,PS,Persons,F,Female,Y40T44,From 40 to 44 years,H,Historical,1978,,1084594,,A,Normal value,0,Units,0,Zero
DATAFLOW,OECD.ELS.SAE:DSD_POPULATION@DF_POP_HIST(1.0),Historical population data,I,POL,Poland,POP,Population,PS,Persons,F,Female,Y40T44,From 40 to 44 years,H,Historical,1979,,1077742,,A,Normal value,0,Units,0,Zero
DATAFLOW,OECD.ELS.SAE:DSD_POPULATION@DF_POP_HIST(1.0),Historical population data,I,POL,Poland,POP,Population,PS,Persons,F,Female,Y40T44,From 40 to 44 years,H,Historical,1980,,1064115,,A,Normal value,0,Units,0,Zero
DATAFLOW,OECD.ELS.SAE:DSD_POPULATION@DF_POP_HIST(1.0),Historical population data,I,POL,Poland,POP,Population,PS,Persons,F,Female,Y40T44,From 40 to 44 years,H,Historical,1981,,1038538,,A,Normal value,0,Units,0,Zero
DATAFLOW,OECD.ELS.SAE:DSD_POPULATION@DF_POP_HIST(1.0),Historical population data,I,POL,Poland,POP,Population,PS,Persons,F,Female,Y40T44,From 40 to 44 years,H,Historical,1982,,1004655,,A,Normal value,0,Units,0,Zero
DATAFLOW,OECD.ELS.SAE:DSD_POPULATION@DF_POP_HIST(1.0),Historical population data,I,POL,Poland,POP,Population,PS,Persons,F,Female,Y40T44,From 40 to 44 years,H,Historical,1983,,971617,,A,Normal value,0,Units,0,Zero
DATAFLOW,OECD.ELS.SAE:DSD_POPULATION@DF_POP_HIST(1.0),Historical population data,I,POL,Poland,POP,Population,PS,Persons,F,Female,Y40T44,From 40 to 44 years,H,Historical,1984,,941963,,A,Normal value,0,Units,0,Zero
DATAFLOW,OECD.ELS.SAE:DSD_POPULATION@DF_POP_HIST(1.0),Historical population data,I,POL,Poland,POP,Population,PS,Persons,F,Female,Y40T44,From 40 to 44 years,H,Historical,1985,,919702,,A,Normal value,0,Units,0,Zero
DATAFLOW,OECD.ELS.SAE:DSD_POPULATION@DF_POP_HIST(1.0),Historical population data,I,POL,Poland,POP,Population,PS,Persons,F,Female,Y40T44,From 40 to 44 years,H,Historical,1986,,940383,,A,Normal value,0,Units,0,Zero
DATAFLOW,OECD.ELS.SAE:DSD_POPULATION@DF_POP_HIST(1.0),Historical population data,I,POL,Poland,POP,Population,PS,Persons,F,Female,Y40T44,From 40 to 44 years,H,Historical,1987,,1015156,,A,Normal value,0,Units,0,Zero
DATAFLOW,OECD.ELS.SAE:DSD_POPULATION@DF_POP_HIST(1.0),Historical population data,I,POL,Poland,POP,Population,PS,Persons,F,Female,Y40T44,From 40 to 44 years,H,Historical,1988,,1115557,,A,Normal value,0,Units,0,Zero
DATAFLOW,OECD.ELS.SAE:DSD_POPULATION@DF_POP_HIST(1.0),Historical population data,I,POL,Poland,POP,Population,PS,Persons,F,Female,Y40T44,From 40 to 44 years,H,Historical,1989,,1226063,,A,Normal value,0,Units,0,Zero
DATAFLOW,OECD.ELS.SAE:DSD_POPULATION@DF_POP_HIST(1.0),Historical population data,I,POL,Poland,POP,Population,PS,Persons,F,Female,Y40T44,From 40 to 44 years,H,Historical,1990,,1218442,,A,Normal value,0,Units,0,Zero
DATAFLOW,OECD.ELS.SAE:DSD_POPULATION@DF_POP_HIST(1.0),Historical population data,I,POL,Poland,POP,Population,PS,Persons,F,Female,Y40T44,From 40 to 44 years,H,Historical,1991,,1251483,,A,Normal value,0,Units,0,Zero
DATAFLOW,OECD.ELS.SAE:DSD_POPULATION@DF_POP_HIST(1.0),Historical population data,I,POL,Poland,POP,Population,PS,Persons,F,Female,Y40T44,From 40 to 44 years,H,Historical,1992,,1284624,,A,Normal value,0,Units,0,Zero
DATAFLOW,OECD.ELS.SAE:DSD_POPULATION@DF_POP_HIST(1.0),Historical population data,I,POL,Poland,POP,Population,PS,Persons,F,Female,Y40T44,From 40 to 44 years,H,Historical,1993,,1316933,,A,Normal value,0,Units,0,Zero
DATAFLOW,OECD.ELS.SAE:DSD_POPULATION@DF_POP_HIST(1.0),Historical population data,I,POL,Poland,POP,Population,PS,Persons,F,Female,Y40T44,From 40 to 44 years,H,Historical,1994,,1348051,,A,Normal value,0,Units,0,Zero
DATAFLOW,OECD.ELS.SAE:DSD_POPULATION@DF_POP_HIST(1.0),Historical population data,I,POL,Poland,POP,Population,PS,Persons,F,Female,Y40T44,From 40 to 44 years,H,Historical,1995,,1378149,,A,Normal value,0,Units,0,Zero
DATAFLOW,OECD.ELS.SAE:DSD_POPULATION@DF_POP_HIST(1.0),Historical population data,I,POL,Poland,POP,Population,PS,Persons,F,Female,Y40T44,From 40 to 44 years,H,Historical,1996,,1409200,,A,Normal value,0,Units,0,Zero
DATAFLOW,OECD.ELS.SAE:DSD_POPULATION@DF_POP_HIST(1.0),Historical population data,I,POL,Poland,POP,Population,PS,Persons,F,Female,Y40T44,From 40 to 44 years,H,Historical,1997,,1439793,,A,Normal value,0,Units,0,Zero
DATAFLOW,OECD.ELS.SAE:DSD_POPULATION@DF_POP_HIST(1.0),Historical population data,I,POL,Poland,POP,Population,PS,Persons,F,Female,Y40T44,From 40 to 44 years,H,Historical,1998,,1469126,,A,Normal value,0,Units,0,Zero
DATAFLOW,OECD.ELS.SAE:DSD_POPULATION@DF_POP_HIST(1.0),Historical population data,I,POL,Poland,POP,Population,PS,Persons,F,Female,Y40T44,From 40 to 44 years,H,Historical,1999,,1535051,,A,Normal value,0,Units,0,Zero
DATAFLOW,OECD.ELS.SAE:DSD_POPULATION@DF_POP_HIST(1.0),Historical population data,I,POL,Poland,POP,Population,PS,Persons,F,Female,Y40T44,From 40 to 44 years,H,Historical,2000,,1564510,,A,Normal value,0,Units,0,Zero
DATAFLOW,OECD.ELS.SAE:DSD_POPULATION@DF_POP_HIST(1.0),Historical population data,I,POL,Poland,POP,Population,PS,Persons,F,Female,Y40T44,From 40 to 44 years,H,Historical,2001,,1513142,,A,Normal value,0,Units,0,Zero
DATAFLOW,OECD.ELS.SAE:DSD_POPULATION@DF_POP_HIST(1.0),Historical population data,I,POL,Poland,POP,Population,PS,Persons,F,Female,Y40T44,From 40 to 44 years,H,Historical,2002,,1449501,,A,Normal value,0,Units,0,Zero
DATAFLOW,OECD.ELS.SAE:DSD_POPULATION@DF_POP_HIST(1.0),Historical population data,I,POL,Poland,POP,Population,PS,Persons,F,Female,Y40T44,From 40 to 44 years,H,Historical,2003,,1381300,,A,Normal value,0,Units,0,Zero
DATAFLOW,OECD.ELS.SAE:DSD_POPULATION@DF_POP_HIST(1.0),Historical population data,I,POL,Poland,POP,Population,PS,Persons,F,Female,Y40T44,From 40 to 44 years,H,Historical,2004,,1319481,,A,Normal value,0,Units,0,Zero
DATAFLOW,OECD.ELS.SAE:DSD_POPULATION@DF_POP_HIST(1.0),Historical population data,I,POL,Poland,POP,Population,PS,Persons,F,Female,Y40T44,From 40 to 44 years,H,Historical,2005,,1266802,,A,Normal value,0,Units,0,Zero
DATAFLOW,OECD.ELS.SAE:DSD_POPULATION@DF_POP_HIST(1.0),Historical population data,I,POL,Poland,POP,Population,PS,Persons,F,Female,Y40T44,From 40 to 44 years,H,Historical,2006,,1226547,,A,Normal value,0,Units,0,Zero
DATAFLOW,OECD.ELS.SAE:DSD_POPULATION@DF_POP_HIST(1.0),Historical population data,I,POL,Poland,POP,Population,PS,Persons,F,Female,Y40T44,From 40 to 44 years,H,Historical,2007,,1198048,,A,Normal value,0,Units,0,Zero
DATAFLOW,OECD.ELS.SAE:DSD_POPULATION@DF_POP_HIST(1.0),Historical population data,I,POL,Poland,POP,Population,PS,Persons,F,Female,Y40T44,From 40 to 44 years,H,Historical,2008,,1176880,,A,Normal value,0,Units,0,Zero
DATAFLOW,OECD.ELS.SAE:DSD_POPULATION@DF_POP_HIST(1.0),Historical population data,I,POL,Poland,POP,Population,PS,Persons,F,Female,Y40T44,From 40 to 44 years,H,Historical,2009,,1163615,,A,Normal value,0,Units,0,Zero
DATAFLOW,OECD.ELS.SAE:DSD_POPULATION@DF_POP_HIST(1.0),Historical population data,I,POL,Poland,POP,Population,PS,Persons,F,Female,Y40T44,From 40 to 44 years,H,Historical,2010,,1173169,,A,Normal value,0,Units,0,Zero
DATAFLOW,OECD.ELS.SAE:DSD_POPULATION@DF_POP_HIST(1.0),Historical population data,I,POL,Poland,POP,Population,PS,Persons,F,Female,Y40T44,From 40 to 44 years,H,Historical,2011,,1185816,,A,Normal value,0,Units,0,Zero
DATAFLOW,OECD.ELS.SAE:DSD_POPULATION@DF_POP_HIST(1.0),Historical population data,I,POL,Poland,POP,Population,PS,Persons,F,Female,Y40T44,From 40 to 44 years,H,Historical,2012,,1209751,,A,Normal value,0,Units,0,Zero
DATAFLOW,OECD.ELS.SAE:DSD_POPULATION@DF_POP_HIST(1.0),Historical population data,I,POL,Poland,POP,Population,PS,Persons,F,Female,Y40T44,From 40 to 44 years,H,Historical,2013,,1243066,,A,Normal value,0,Units,0,Zero
DATAFLOW,OECD.ELS.SAE:DSD_POPULATION@DF_POP_HIST(1.0),Historical population data,I,POL,Poland,POP,Population,PS,Persons,F,Female,Y40T44,From 40 to 44 years,H,Historical,2014,,1283792,,A,Normal value,0,Units,0,Zero
DATAFLOW,OECD.ELS.SAE:DSD_POPULATION@DF_POP_HIST(1.0),Historical population data,I,POL,Poland,POP,Population,PS,Persons,F,Female,Y40T44,From 40 to 44 years,H,Historical,2015,,1329476,,A,Normal value,0,Units,0,Zero
DATAFLOW,OECD.ELS.SAE:DSD_POPULATION@DF_POP_HIST(1.0),Historical population data,I,POL,Poland,POP,Population,PS,Persons,F,Female,Y40T44,From 40 to 44 years,H,Historical,2016,,1377434,,A,Normal value,0,Units,0,Zero
DATAFLOW,OECD.ELS.SAE:DSD_POPULATION@DF_POP_HIST(1.0),Historical population data,I,POL,Poland,POP,Population,PS,Persons,F,Female,Y40T44,From 40 to 44 years,H,Historical,2017,,1421700,,A,Normal value,0,Units,0,Zero
DATAFLOW,OECD.ELS.SAE:DSD_POPULATION@DF_POP_HIST(1.0),Historical population data,I,POL,Poland,POP,Population,PS,Persons,F,Female,Y40T44,From 40 to 44 years,H,Historical,2018,,1456795,,A,Normal value,0,Units,0,Zero
DATAFLOW,OECD.ELS.SAE:DSD_POPULATION@DF_POP_HIST(1.0),Historical population data,I,POL,Poland,POP,Population,PS,Persons,F,Female,Y40T44,From 40 to 44 years,H,Historical,2019,,1487412,,A,Normal value,0,Units,0,Zero
DATAFLOW,OECD.ELS.SAE:DSD_POPULATION@DF_POP_HIST(1.0),Historical population data,I,POL,Poland,POP,Population,PS,Persons,F,Female,Y40T44,From 40 to 44 years,H,Historical,2022,,1536824,,A,Normal value,0,Units,0,Zero
DATAFLOW,OECD.ELS.SAE:DSD_POPULATION@DF_POP_HIST(1.0),Historical population data,I,POL,Poland,POP,Population,PS,Persons,F,Female,Y20T24,From 20 to 24 years,H,Historical,1960,,1087875,,A,Normal value,0,Units,0,Zero
DATAFLOW,OECD.ELS.SAE:DSD_POPULATION@DF_POP_HIST(1.0),Historical population data,I,POL,Poland,POP,Population,PS,Persons,F,Female,Y20T24,From 20 to 24 years,H,Historical,1961,,1087700,,A,Normal value,0,Units,0,Zero
DATAFLOW,OECD.ELS.SAE:DSD_POPULATION@DF_POP_HIST(1.0),Historical population data,I,POL,Poland,POP,Population,PS,Persons,F,Female,Y20T24,From 20 to 24 years,H,Historical,1962,,1051500,,A,Normal value,0,Units,0,Zero
DATAFLOW,OECD.ELS.SAE:DSD_POPULATION@DF_POP_HIST(1.0),Historical population data,I,POL,Poland,POP,Population,PS,Persons,F,Female,Y20T24,From 20 to 24 years,H,Historical,1963,,1006100,,A,Normal value,0,Units,0,Zero
DATAFLOW,OECD.ELS.SAE:DSD_POPULATION@DF_POP_HIST(1.0),Historical population data,I,POL,Poland,POP,Population,PS,Persons,F,Female,Y20T24,From 20 to 24 years,H,Historical,1964,,991900,,A,Normal value,0,Units,0,Zero
DATAFLOW,OECD.ELS.SAE:DSD_POPULATION@DF_POP_HIST(1.0),Historical population data,I,POL,Poland,POP,Population,PS,Persons,F,Female,Y20T24,From 20 to 24 years,H,Historical,1965,,958100,,A,Normal value,0,Units,0,Zero
DATAFLOW,OECD.ELS.SAE:DSD_POPULATION@DF_POP_HIST(1.0),Historical population data,I,POL,Poland,POP,Population,PS,Persons,F,Female,Y20T24,From 20 to 24 years,H,Historical,1966,,978500,,A,Normal value,0,Units,0,Zero
DATAFLOW,OECD.ELS.SAE:DSD_POPULATION@DF_POP_HIST(1.0),Historical population data,I,POL,Poland,POP,Population,PS,Persons,F,Female,Y20T24,From 20 to 24 years,H,Historical,1967,,1060000,,A,Normal value,0,Units,0,Zero
DATAFLOW,OECD.ELS.SAE:DSD_POPULATION@DF_POP_HIST(1.0),Historical population data,I,POL,Poland,POP,Population,PS,Persons,F,Female,Y20T24,From 20 to 24 years,H,Historical,1968,,1202700,,A,Normal value,0,Units,0,Zero
DATAFLOW,OECD.ELS.SAE:DSD_POPULATION@DF_POP_HIST(1.0),Historical population data,I,POL,Poland,POP,Population,PS,Persons,F,Female,Y20T24,From 20 to 24 years,H,Historical,1969,,1316400,,A,Normal value,0,Units,0,Zero
DATAFLOW,OECD.ELS.SAE:DSD_POPULATION@DF_POP_HIST(1.0),Historical population data,I,POL,Poland,POP,Population,PS,Persons,F,Female,Y20T24,From 20 to 24 years,H,Historical,1970,,1458565,,A,Normal value,0,Units,0,Zero
DATAFLOW,OECD.ELS.SAE:DSD_POPULATION@DF_POP_HIST(1.0),Historical population data,I,POL,Poland,POP,Population,PS,Persons,F,Female,Y20T24,From 20 to 24 years,H,Historical,1971,,1486200,,A,Normal value,0,Units,0,Zero
DATAFLOW,OECD.ELS.SAE:DSD_POPULATION@DF_POP_HIST(1.0),Historical population data,I,POL,Poland,POP,Population,PS,Persons,F,Female,Y20T24,From 20 to 24 years,H,Historical,1972,,1562800,,A,Normal value,0,Units,0,Zero
DATAFLOW,OECD.ELS.SAE:DSD_POPULATION@DF_POP_HIST(1.0),Historical population data,I,POL,Poland,POP,Population,PS,Persons,F,Female,Y20T24,From 20 to 24 years,H,Historical,1973,,1610500,,A,Normal value,0,Units,0,Zero
DATAFLOW,OECD.ELS.SAE:DSD_POPULATION@DF_POP_HIST(1.0),Historical population data,I,POL,Poland,POP,Population,PS,Persons,F,Female,Y20T24,From 20 to 24 years,H,Historical,1974,,1649934,,A,Normal value,0,Units,0,Zero
DATAFLOW,OECD.ELS.SAE:DSD_POPULATION@DF_POP_HIST(1.0),Historical population data,I,POL,Poland,POP,Population,PS,Persons,F,Female,Y20T24,From 20 to 24 years,H,Historical,1975,,1683114,,A,Normal value,0,Units,0,Zero
DATAFLOW,OECD.ELS.SAE:DSD_POPULATION@DF_POP_HIST(1.0),Historical population data,I,POL,Poland,POP,Population,PS,Persons,F,Female,Y20T24,From 20 to 24 years,H,Historical,1976,,1702270,,A,Normal value,0,Units,0,Zero
DATAFLOW,OECD.ELS.SAE:DSD_POPULATION@DF_POP_HIST(1.0),Historical population data,I,POL,Poland,POP,Population,PS,Persons,F,Female,Y20T24,From 20 to 24 years,H,Historical,1977,,1711060,,A,Normal value,0,Units,0,Zero
DATAFLOW,OECD.ELS.SAE:DSD_POPULATION@DF_POP_HIST(1.0),Historical population data,I,POL,Poland,POP,Population,PS,Persons,F,Female,Y20T24,From 20 to 24 years,H,Historical,1978,,1713246,,A,Normal value,0,Units,0,Zero
DATAFLOW,OECD.ELS.SAE:DSD_POPULATION@DF_POP_HIST(1.0),Historical population data,I,POL,Poland,POP,Population,PS,Persons,F,Female,Y20T24,From 20 to 24 years,H,Historical,1979,,1667177,,A,Normal value,0,Units,0,Zero
DATAFLOW,OECD.ELS.SAE:DSD_POPULATION@DF_POP_HIST(1.0),Historical population data,I,POL,Poland,POP,Population,PS,Persons,F,Female,Y20T24,From 20 to 24 years,H,Historical,1980,,1630161,,A,Normal value,0,Units,0,Zero
DATAFLOW,OECD.ELS.SAE:DSD_POPULATION@DF_POP_HIST(1.0),Historical population data,I,POL,Poland,POP,Population,PS,Persons,F,Female,Y20T24,From 20 to 24 years,H,Historical,1981,,1577191,,A,Normal value,0,Units,0,Zero
DATAFLOW,OECD.ELS.SAE:DSD_POPULATION@DF_POP_HIST(1.0),Historical population data,I,POL,Poland,POP,Population,PS,Persons,F,Female,Y20T24,From 20 to 24 years,H,Historical,1982,,1512932,,A,Normal value,0,Units,0,Zero
DATAFLOW,OECD.ELS.SAE:DSD_POPULATION@DF_POP_HIST(1.0),Historical population data,I,POL,Poland,POP,Population,PS,Persons,F,Female,Y20T24,From 20 to 24 years,H,Historical,1983,,1447770,,A,Normal value,0,Units,0,Zero
DATAFLOW,OECD.ELS.SAE:DSD_POPULATION@DF_POP_HIST(1.0),Historical population data,I,POL,Poland,POP,Population,PS,Persons,F,Female,Y20T24,From 20 to 24 years,H,Historical,1984,,1390077,,A,Normal value,0,Units,0,Zero
DATAFLOW,OECD.ELS.SAE:DSD_POPULATION@DF_POP_HIST(1.0),Historical population data,I,POL,Poland,POP,Population,PS,Persons,F,Female,Y20T24,From 20 to 24 years,H,Historical,1985,,1339951,,A,Normal value,0,Units,0,Zero
DATAFLOW,OECD.ELS.SAE:DSD_POPULATION@DF_POP_HIST(1.0),Historical population data,I,POL,Poland,POP,Population,PS,Persons,F,Female,Y20T24,From 20 to 24 years,H,Historical,1986,,1298417,,A,Normal value,0,Units,0,Zero
DATAFLOW,OECD.ELS.SAE:DSD_POPULATION@DF_POP_HIST(1.0),Historical population data,I,POL,Poland,POP,Population,PS,Persons,F,Female,Y20T24,From 20 to 24 years,H,Historical,1987,,1266897,,A,Normal value,0,Units,0,Zero
DATAFLOW,OECD.ELS.SAE:DSD_POPULATION@DF_POP_HIST(1.0),Historical population data,I,POL,Poland,POP,Population,PS,Persons,F,Female,Y20T24,From 20 to 24 years,H,Historical,1988,,1241204,,A,Normal value,0,Units,0,Zero
DATAFLOW,OECD.ELS.SAE:DSD_POPULATION@DF_POP_HIST(1.0),Historical population data,I,POL,Poland,POP,Population,PS,Persons,F,Female,Y20T24,From 20 to 24 years,H,Historical,1989,,1207259,,A,Normal value,0,Units,0,Zero
DATAFLOW,OECD.ELS.SAE:DSD_POPULATION@DF_POP_HIST(1.0),Historical population data,I,POL,Poland,POP,Population,PS,Persons,F,Female,Y20T24,From 20 to 24 years,H,Historical,1990,,1254976,,A,Normal value,0,Units,0,Zero
DATAFLOW,OECD.ELS.SAE:DSD_POPULATION@DF_POP_HIST(1.0),Historical population data,I,POL,Poland,POP,Population,PS,Persons,F,Female,Y20T24,From 20 to 24 years,H,Historical,1991,,1282951,,A,Normal value,0,Units,0,Zero
DATAFLOW,OECD.ELS.SAE:DSD_POPULATION@DF_POP_HIST(1.0),Historical population data,I,POL,Poland,POP,Population,PS,Persons,F,Female,Y20T24,From 20 to 24 years,H,Historical,1992,,1310216,,A,Normal value,0,Units,0,Zero
DATAFLOW,OECD.ELS.SAE:DSD_POPULATION@DF_POP_HIST(1.0),Historical population data,I,POL,Poland,POP,Population,PS,Persons,F,Female,Y20T24,From 20 to 24 years,H,Historical,1993,,1338938,,A,Normal value,0,Units,0,Zero
DATAFLOW,OECD.ELS.SAE:DSD_POPULATION@DF_POP_HIST(1.0),Historical population data,I,POL,Poland,POP,Population,PS,Persons,F,Female,Y20T24,From 20 to 24 years,H,Historical,1994,,1367787,,A,Normal value,0,Units,0,Zero
DATAFLOW,OECD.ELS.SAE:DSD_POPULATION@DF_POP_HIST(1.0),Historical population data,I,POL,Poland,POP,Population,PS,Persons,F,Female,Y20T24,From 20 to 24 years,H,Historical,1995,,1395266,,A,Normal value,0,Units,0,Zero
DATAFLOW,OECD.ELS.SAE:DSD_POPULATION@DF_POP_HIST(1.0),Historical population data,I,POL,Poland,POP,Population,PS,Persons,F,Female,Y20T24,From 20 to 24 years,H,Historical,1996,,1422714,,A,Normal value,0,Units,0,Zero
DATAFLOW,OECD.ELS.SAE:DSD_POPULATION@DF_POP_HIST(1.0),Historical population data,I,POL,Poland,POP,Population,PS,Persons,F,Female,Y20T24,From 20 to 24 years,H,Historical,1997,,1450280,,A,Normal value,0,Units,0,Zero
DATAFLOW,OECD.ELS.SAE:DSD_POPULATION@DF_POP_HIST(1.0),Historical population data,I,POL,Poland,POP,Population,PS,Persons,F,Female,Y20T24,From 20 to 24 years,H,Historical,1998,,1476590,,A,Normal value,0,Units,0,Zero
DATAFLOW,OECD.ELS.SAE:DSD_POPULATION@DF_POP_HIST(1.0),Historical population data,I,POL,Poland,POP,Population,PS,Persons,F,Female,Y20T24,From 20 to 24 years,H,Historical,1999,,1503447,,A,Normal value,0,Units,0,Zero
DATAFLOW,OECD.ELS.SAE:DSD_POPULATION@DF_POP_HIST(1.0),Historical population data,I,POL,Poland,POP,Population,PS,Persons,F,Female,Y20T24,From 20 to 24 years,H,Historical,2000,,1528087,,A,Normal value,0,Units,0,Zero
DATAFLOW,OECD.ELS.SAE:DSD_POPULATION@DF_POP_HIST(1.0),Historical population data,I,POL,Poland,POP,Population,PS,Persons,F,Female,Y20T24,From 20 to 24 years,H,Historical,2001,,1543295,,A,Normal value,0,Units,0,Zero
DATAFLOW,OECD.ELS.SAE:DSD_POPULATION@DF_POP_HIST(1.0),Historical population data,I,POL,Poland,POP,Population,PS,Persons,F,Female,Y20T24,From 20 to 24 years,H,Historical,2002,,1556213,,A,Normal value,0,Units,0,Zero
DATAFLOW,OECD.ELS.SAE:DSD_POPULATION@DF_POP_HIST(1.0),Historical population data,I,POL,Poland,POP,Population,PS,Persons,F,Female,Y20T24,From 20 to 24 years,H,Historical,2003,,1589178,,A,Normal value,0,Units,0,Zero
DATAFLOW,OECD.ELS.SAE:DSD_POPULATION@DF_POP_HIST(1.0),Historical population data,I,POL,Poland,POP,Population,PS,Persons,F,Female,Y20T24,From 20 to 24 years,H,Historical,2004,,1616092,,A,Normal value,0,Units,0,Zero
DATAFLOW,OECD.ELS.SAE:DSD_POPULATION@DF_POP_HIST(1.0),Historical population data,I,POL,Poland,POP,Population,PS,Persons,F,Female,Y20T24,From 20 to 24 years,H,Historical,2005,,1627378,,A,Normal value,0,Units,0,Zero
DATAFLOW,OECD.ELS.SAE:DSD_POPULATION@DF_POP_HIST(1.0),Historical population data,I,POL,Poland,POP,Population,PS,Persons,F,Female,Y20T24,From 20 to 24 years,H,Historical,2006,,1621429,,A,Normal value,0,Units,0,Zero
DATAFLOW,OECD.ELS.SAE:DSD_POPULATION@DF_POP_HIST(1.0),Historical population data,I,POL,Poland,POP,Population,PS,Persons,F,Female,Y20T24,From 20 to 24 years,H,Historical,2007,,1593897,,A,Normal value,0,Units,0,Zero
DATAFLOW,OECD.ELS.SAE:DSD_POPULATION@DF_POP_HIST(1.0),Historical population data,I,POL,Poland,POP,Population,PS,Persons,F,Female,Y20T24,From 20 to 24 years,H,Historical,2008,,1542546,,A,Normal value,0,Units,0,Zero
DATAFLOW,OECD.ELS.SAE:DSD_POPULATION@DF_POP_HIST(1.0),Historical population data,I,POL,Poland,POP,Population,PS,Persons,F,Female,Y20T24,From 20 to 24 years,H,Historical,2009,,1481695,,A,Normal value,0,Units,0,Zero
DATAFLOW,OECD.ELS.SAE:DSD_POPULATION@DF_POP_HIST(1.0),Historical population data,I,POL,Poland,POP,Population,PS,Persons,F,Female,Y20T24,From 20 to 24 years,H,Historical,2010,,1422728,,A,Normal value,0,Units,0,Zero
DATAFLOW,OECD.ELS.SAE:DSD_POPULATION@DF_POP_HIST(1.0),Historical population data,I,POL,Poland,POP,Population,PS,Persons,F,Female,Y20T24,From 20 to 24 years,H,Historical,2011,,1379559,,A,Normal value,0,Units,0,Zero
DATAFLOW,OECD.ELS.SAE:DSD_POPULATION@DF_POP_HIST(1.0),Historical population data,I,POL,Poland,POP,Population,PS,Persons,F,Female,Y20T24,From 20 to 24 years,H,Historical,2012,,1341393,,A,Normal value,0,Units,0,Zero
DATAFLOW,OECD.ELS.SAE:DSD_POPULATION@DF_POP_HIST(1.0),Historical population data,I,POL,Poland,POP,Population,PS,Persons,F,Female,Y20T24,From 20 to 24 years,H,Historical,2013,,1300437,,A,Normal value,0,Units,0,Zero
DATAFLOW,OECD.ELS.SAE:DSD_POPULATION@DF_POP_HIST(1.0),Historical population data,I,POL,Poland,POP,Population,PS,Persons,F,Female,Y20T24,From 20 to 24 years,H,Historical,2014,,1257576,,A,Normal value,0,Units,0,Zero
DATAFLOW,OECD.ELS.SAE:DSD_POPULATION@DF_POP_HIST(1.0),Historical population data,I,POL,Poland,POP,Population,PS,Persons,F,Female,Y20T24,From 20 to 24 years,H,Historical,2015,,1209498,,A,Normal value,0,Units,0,Zero
DATAFLOW,OECD.ELS.SAE:DSD_POPULATION@DF_POP_HIST(1.0),Historical population data,I,POL,Poland,POP,Population,PS,Persons,F,Female,Y20T24,From 20 to 24 years,H,Historical,2016,,1155397,,A,Normal value,0,Units,0,Zero
DATAFLOW,OECD.ELS.SAE:DSD_POPULATION@DF_POP_HIST(1.0),Historical population data,I,POL,Poland,POP,Population,PS,Persons,F,Female,Y20T24,From 20 to 24 years,H,Historical,2017,,1104996,,A,Normal value,0,Units,0,Zero
DATAFLOW,OECD.ELS.SAE:DSD_POPULATION@DF_POP_HIST(1.0),Historical population data,I,POL,Poland,POP,Population,PS,Persons,F,Female,Y20T24,From 20 to 24 years,H,Historical,2018,,1058343,,A,Normal value,0,Units,0,Zero
DATAFLOW,OECD.ELS.SAE:DSD_POPULATION@DF_POP_HIST(1.0),Historical population data,I,POL,Poland,POP,Population,PS,Persons,F,Female,Y20T24,From 20 to 24 years,H,Historical,2019,,1013959,,A,Normal value,0,Units,0,Zero
DATAFLOW,OECD.ELS.SAE:DSD_POPULATION@DF_POP_HIST(1.0),Historical population data,I,POL,Poland,POP,Population,PS,Persons,F,Female,Y20T24,From 20 to 24 years,H,Historical,2022,,909350,,A,Normal value,0,Units,0,Zero
DATAFLOW,OECD.ELS.SAE:DSD_POPULATION@DF_POP_HIST(1.0),Historical population data,I,POL,Poland,POP,Population,PS,Persons,F,Female,Y_LE4,4 years or less,H,Historical,1960,,1652149,,A,Normal value,0,Units,0,Zero
DATAFLOW,OECD.ELS.SAE:DSD_POPULATION@DF_POP_HIST(1.0),Historical population data,I,POL,Poland,POP,Population,PS,Persons,F,Female,Y_LE4,4 years or less,H,Historical,1961,,1647400,,A,Normal value,0,Units,0,Zero
DATAFLOW,OECD.ELS.SAE:DSD_POPULATION@DF_POP_HIST(1.0),Historical population data,I,POL,Poland,POP,Population,PS,Persons,F,Female,Y_LE4,4 years or less,H,Historical,1962,,1574500,,A,Normal value,0,Units,0,Zero
DATAFLOW,OECD.ELS.SAE:DSD_POPULATION@DF_POP_HIST(1.0),Historical population data,I,POL,Poland,POP,Population,PS,Persons,F,Female,Y_LE4,4 years or less,H,Historical,1963,,1499500,,A,Normal value,0,Units,0,Zero
DATAFLOW,OECD.ELS.SAE:DSD_POPULATION@DF_POP_HIST(1.0),Historical population data,I,POL,Poland,POP,Population,PS,Persons,F,Female,Y_LE4,4 years or less,H,Historical,1964,,1434000,,A,Normal value,0,Units,0,Zero
DATAFLOW,OECD.ELS.SAE:DSD_POPULATION@DF_POP_HIST(1.0),Historical population data,I,POL,Poland,POP,Population,PS,Persons,F,Female,Y_LE4,4 years or less,H,Historical,1965,,1378800,,A,Normal value,0,Units,0,Zero
DATAFLOW,OECD.ELS.SAE:DSD_POPULATION@DF_POP_HIST(1.0),Historical population data,I,POL,Poland,POP,Population,PS,Persons,F,Female,Y_LE4,4 years or less,H,Historical,1966,,1331500,,A,Normal value,0,Units,0,Zero
DATAFLOW,OECD.ELS.SAE:DSD_POPULATION@DF_POP_HIST(1.0),Historical population data,I,POL,Poland,POP,Population,PS,Persons,F,Female,Y_LE4,4 years or less,H,Historical,1967,,1298400,,A,Normal value,0,Units,0,Zero
DATAFLOW,OECD.ELS.SAE:DSD_POPULATION@DF_POP_HIST(1.0),Historical population data,I,POL,Poland,POP,Population,PS,Persons,F,Female,Y_LE4,4 years or less,H,Historical,1968,,1271300,,A,Normal value,0,Units,0,Zero
DATAFLOW,OECD.ELS.SAE:DSD_POPULATION@DF_POP_HIST(1.0),Historical population data,I,POL,Poland,POP,Population,PS,Persons,F,Female,Y_LE4,4 years or less,H,Historical,1969,,1248800,,A,Normal value,0,Units,0,Zero
DATAFLOW,OECD.ELS.SAE:DSD_POPULATION@DF_POP_HIST(1.0),Historical population data,I,POL,Poland,POP,Population,PS,Persons,F,Female,Y_LE4,4 years or less,H,Historical,1970,,1225128,,A,Normal value,0,Units,0,Zero
DATAFLOW,OECD.ELS.SAE:DSD_POPULATION@DF_POP_HIST(1.0),Historical population data,I,POL,Poland,POP,Population,PS,Persons,F,Female,Y_LE4,4 years or less,H,Historical,1971,,1258000,,A,Normal value,0,Units,0,Zero
DATAFLOW,OECD.ELS.SAE:DSD_POPULATION@DF_POP_HIST(1.0),Historical population data,I,POL,Poland,POP,Population,PS,Persons,F,Female,Y_LE4,4 years or less,H,Historical,1972,,1276400,,A,Normal value,0,Units,0,Zero
DATAFLOW,OECD.ELS.SAE:DSD_POPULATION@DF_POP_HIST(1.0),Historical population data,I,POL,Poland,POP,Population,PS,Persons,F,Female,Y_LE4,4 years or less,H,Historical,1973,,1305700,,A,Normal value,0,Units,0,Zero
DATAFLOW,OECD.ELS.SAE:DSD_POPULATION@DF_POP_HIST(1.0),Historical population data,I,POL,Poland,POP,Population,PS,Persons,F,Female,Y_LE4,4 years or less,H,Historical,1974,,1346637,,A,Normal value,0,Units,0,Zero
DATAFLOW,OECD.ELS.SAE:DSD_POPULATION@DF_POP_HIST(1.0),Historical population data,I,POL,Poland,POP,Population,PS,Persons,F,Female,Y_LE4,4 years or less,H,Historical,1975,,1393375,,A,Normal value,0,Units,0,Zero
DATAFLOW,OECD.ELS.SAE:DSD_POPULATION@DF_POP_HIST(1.0),Historical population data,I,POL,Poland,POP,Population,PS,Persons,F,Female,Y_LE4,4 years or less,H,Historical,1976,,1438732,,A,Normal value,0,Units,0,Zero
DATAFLOW,OECD.ELS.SAE:DSD_POPULATION@DF_POP_HIST(1.0),Historical population data,I,POL,Poland,POP,Population,PS,Persons,F,Female,Y_LE4,4 years or less,H,Historical,1977,,1486291,,A,Normal value,0,Units,0,Zero
DATAFLOW,OECD.ELS.SAE:DSD_POPULATION@DF_POP_HIST(1.0),Historical population data,I,POL,Poland,POP,Population,PS,Persons,F,Female,Y_LE4,4 years or less,H,Historical,1978,,1523666,,A,Normal value,0,Units,0,Zero
DATAFLOW,OECD.ELS.SAE:DSD_POPULATION@DF_POP_HIST(1.0),Historical population data,I,POL,Poland,POP,Population,PS,Persons,F,Female,Y_LE4,4 years or less,H,Historical,1979,,1562151,,A,Normal value,0,Units,0,Zero
DATAFLOW,OECD.ELS.SAE:DSD_POPULATION@DF_POP_HIST(1.0),Historical population data,I,POL,Poland,POP,Population,PS,Persons,F,Female,Y_LE4,4 years or less,H,Historical,1980,,1588888,,A,Normal value,0,Units,0,Zero
DATAFLOW,OECD.ELS.SAE:DSD_POPULATION@DF_POP_HIST(1.0),Historical population data,I,POL,Poland,POP,Population,PS,Persons,F,Female,Y_LE4,4 years or less,H,Historical,1981,,1599740,,A,Normal value,0,Units,0,Zero
DATAFLOW,OECD.ELS.SAE:DSD_POPULATION@DF_POP_HIST(1.0),Historical population data,I,POL,Poland,POP,Population,PS,Persons,F,Female,Y_LE4,4 years or less,H,Historical,1982,,1617019,,A,Normal value,0,Units,0,Zero
DATAFLOW,OECD.ELS.SAE:DSD_POPULATION@DF_POP_HIST(1.0),Historical population data,I,POL,Poland,POP,Population,PS,Persons,F,Female,Y_LE4,4 years or less,H,Historical,1983,,1647810,,A,Normal value,0,Units,0,Zero
DATAFLOW,OECD.ELS.SAE:DSD_POPULATION@DF_POP_HIST(1.0),Historical population data,I,POL,Poland,POP,Population,PS,Persons,F,Female,Y_LE4,4 years or less,H,Historical,1984,,1669513,,A,Normal value,0,Units,0,Zero
DATAFLOW,OECD.ELS.SAE:DSD_POPULATION@DF_POP_HIST(1.0),Historical population data,I,POL,Poland,POP,Population,PS,Persons,F,Female,Y_LE4,4 years or less,H,Historical,1985,,1667980,,A,Normal value,0,Units,0,Zero
DATAFLOW,OECD.ELS.SAE:DSD_POPULATION@DF_POP_HIST(1.0),Historical population data,I,POL,Poland,POP,Population,PS,Persons,F,Female,Y_LE4,4 years or less,H,Historical,1986,,1655729,,A,Normal value,0,Units,0,Zero
DATAFLOW,OECD.ELS.SAE:DSD_POPULATION@DF_POP_HIST(1.0),Historical population data,I,POL,Poland,POP,Population,PS,Persons,F,Female,Y_LE4,4 years or less,H,Historical,1987,,1619312,,A,Normal value,0,Units,0,Zero
DATAFLOW,OECD.ELS.SAE:DSD_POPULATION@DF_POP_HIST(1.0),Historical population data,I,POL,Poland,POP,Population,PS,Persons,F,Female,Y_LE4,4 years or less,H,Historical,1988,,1567880,,A,Normal value,0,Units,0,Zero
DATAFLOW,OECD.ELS.SAE:DSD_POPULATION@DF_POP_HIST(1.0),Historical population data,I,POL,Poland,POP,Population,PS,Persons,F,Female,Y_LE4,4 years or less,H,Historical,1989,,1505120,,A,Normal value,0,Units,0,Zero
DATAFLOW,OECD.ELS.SAE:DSD_POPULATION@DF_POP_HIST(1.0),Historical population data,I,POL,Poland,POP,Population,PS,Persons,F,Female,Y_LE4,4 years or less,H,Historical,1990,,1459821,,A,Normal value,0,Units,0,Zero
DATAFLOW,OECD.ELS.SAE:DSD_POPULATION@DF_POP_HIST(1.0),Historical population data,I,POL,Poland,POP,Population,PS,Persons,F,Female,Y_LE4,4 years or less,H,Historical,1991,,1404341,,A,Normal value,0,Units,0,Zero
DATAFLOW,OECD.ELS.SAE:DSD_POPULATION@DF_POP_HIST(1.0),Historical population data,I,POL,Poland,POP,Population,PS,Persons,F,Female,Y_LE4,4 years or less,H,Historical,1992,,1348093,,A,Normal value,0,Units,0,Zero
DATAFLOW,OECD.ELS.SAE:DSD_POPULATION@DF_POP_HIST(1.0),Historical population data,I,POL,Poland,POP,Population,PS,Persons,F,Female,Y_LE4,4 years or less,H,Historical,1993,,1296467,,A,Normal value,0,Units,0,Zero
DATAFLOW,OECD.ELS.SAE:DSD_POPULATION@DF_POP_HIST(1.0),Historical population data,I,POL,Poland,POP,Population,PS,Persons,F,Female,Y_LE4,4 years or less,H,Historical,1994,,1255418,,A,Normal value,0,Units,0,Zero
DATAFLOW,OECD.ELS.SAE:DSD_POPULATION@DF_POP_HIST(1.0),Historical population data,I,POL,Poland,POP,Population,PS,Persons,F,Female,Y_LE4,4 years or less,H,Historical,1995,,1210074,,A,Normal value,0,Units,0,Zero
DATAFLOW,OECD.ELS.SAE:DSD_POPULATION@DF_POP_HIST(1.0),Historical population data,I,POL,Poland,POP,Population,PS,Persons,F,Female,Y_LE4,4 years or less,H,Historical,1996,,1155582,,A,Normal value,0,Units,0,Zero
DATAFLOW,OECD.ELS.SAE:DSD_POPULATION@DF_POP_HIST(1.0),Historical population data,I,POL,Poland,POP,Population,PS,Persons,F,Female,Y_LE4,4 years or less,H,Historical,1997,,1103840,,A,Normal value,0,Units,0,Zero
DATAFLOW,OECD.ELS.SAE:DSD_POPULATION@DF_POP_HIST(1.0),Historical population data,I,POL,Poland,POP,Population,PS,Persons,F,Female,Y_LE4,4 years or less,H,Historical,1998,,1056617,,A,Normal value,0,Units,0,Zero
DATAFLOW,OECD.ELS.SAE:DSD_POPULATION@DF_POP_HIST(1.0),Historical population data,I,POL,Poland,POP,Population,PS,Persons,F,Female,Y_LE4,4 years or less,H,Historical,1999,,1015330,,A,Normal value,0,Units,0,Zero
DATAFLOW,OECD.ELS.SAE:DSD_POPULATION@DF_POP_HIST(1.0),Historical population data,I,POL,Poland,POP,Population,PS,Persons,F,Female,Y_LE4,4 years or less,H,Historical,2000,,982093,,A,Normal value,0,Units,0,Zero
DATAFLOW,OECD.ELS.SAE:DSD_POPULATION@DF_POP_HIST(1.0),Historical population data,I,POL,Poland,POP,Population,PS,Persons,F,Female,Y_LE4,4 years or less,H,Historical,2001,,951139,,A,Normal value,0,Units,0,Zero
DATAFLOW,OECD.ELS.SAE:DSD_POPULATION@DF_POP_HIST(1.0),Historical population data,I,POL,Poland,POP,Population,PS,Persons,F,Female,Y_LE4,4 years or less,H,Historical,2002,,917974,,A,Normal value,0,Units,0,Zero
DATAFLOW,OECD.ELS.SAE:DSD_POPULATION@DF_POP_HIST(1.0),Historical population data,I,POL,Poland,POP,Population,PS,Persons,F,Female,Y_LE4,4 years or less,H,Historical,2003,,896225,,A,Normal value,0,Units,0,Zero
DATAFLOW,OECD.ELS.SAE:DSD_POPULATION@DF_POP_HIST(1.0),Historical population data,I,POL,Poland,POP,Population,PS,Persons,F,Female,Y_LE4,4 years or less,H,Historical,2004,,879703,,A,Normal value,0,Units,0,Zero
DATAFLOW,OECD.ELS.SAE:DSD_POPULATION@DF_POP_HIST(1.0),Historical population data,I,POL,Poland,POP,Population,PS,Persons,F,Female,Y_LE4,4 years or less,H,Historical,2005,,870444,,A,Normal value,0,Units,0,Zero
DATAFLOW,OECD.ELS.SAE:DSD_POPULATION@DF_POP_HIST(1.0),Historical population data,I,POL,Poland,POP,Population,PS,Persons,F,Female,Y_LE4,4 years or less,H,Historical,2006,,866952,,A,Normal value,0,Units,0,Zero
DATAFLOW,OECD.ELS.SAE:DSD_POPULATION@DF_POP_HIST(1.0),Historical population data,I,POL,Poland,POP,Population,PS,Persons,F,Female,Y_LE4,4 years or less,H,Historical,2007,,876676,,A,Normal value,0,Units,0,Zero
DATAFLOW,OECD.ELS.SAE:DSD_POPULATION@DF_POP_HIST(1.0),Historical population data,I,POL,Poland,POP,Population,PS,Persons,F,Female,Y_LE4,4 years or less,H,Historical,2008,,900541,,A,Normal value,0,Units,0,Zero
DATAFLOW,OECD.ELS.SAE:DSD_POPULATION@DF_POP_HIST(1.0),Historical population data,I,POL,Poland,POP,Population,PS,Persons,F,Female,Y_LE4,4 years or less,H,Historical,2009,,938322,,A,Normal value,0,Units,0,Zero
DATAFLOW,OECD.ELS.SAE:DSD_POPULATION@DF_POP_HIST(1.0),Historical population data,I,POL,Poland,POP,Population,PS,Persons,F,Female,Y_LE4,4 years or less,H,Historical,2010,,998216,,A,Normal value,0,Units,0,Zero
DATAFLOW,OECD.ELS.SAE:DSD_POPULATION@DF_POP_HIST(1.0),Historical population data,I,POL,Poland,POP,Population,PS,Persons,F,Female,Y_LE4,4 years or less,H,Historical,2011,,1006281,,A,Normal value,0,Units,0,Zero
DATAFLOW,OECD.ELS.SAE:DSD_POPULATION@DF_POP_HIST(1.0),Historical population data,I,POL,Poland,POP,Population,PS,Persons,F,Female,Y_LE4,4 years or less,H,Historical,2012,,1005069,,A,Normal value,0,Units,0,Zero
DATAFLOW,OECD.ELS.SAE:DSD_POPULATION@DF_POP_HIST(1.0),Historical population data,I,POL,Poland,POP,Population,PS,Persons,F,Female,Y_LE4,4 years or less,H,Historical,2013,,984109,,A,Normal value,0,Units,0,Zero
DATAFLOW,OECD.ELS.SAE:DSD_POPULATION@DF_POP_HIST(1.0),Historical population data,I,POL,Poland,POP,Population,PS,Persons,F,Female,Y_LE4,4 years or less,H,Historical,2014,,953706,,A,Normal value,0,Units,0,Zero
DATAFLOW,OECD.ELS.SAE:DSD_POPULATION@DF_POP_HIST(1.0),Historical population data,I,POL,Poland,POP,Population,PS,Persons,F,Female,Y_LE4,4 years or less,H,Historical,2015,,928662,,A,Normal value,0,Units,0,Zero
DATAFLOW,OECD.ELS.SAE:DSD_POPULATION@DF_POP_HIST(1.0),Historical population data,I,POL,Poland,POP,Population,PS,Persons,F,Female,Y_LE4,4 years or less,H,Historical,2016,,914700,,A,Normal value,0,Units,0,Zero
DATAFLOW,OECD.ELS.SAE:DSD_POPULATION@DF_POP_HIST(1.0),Historical population data,I,POL,Poland,POP,Population,PS,Persons,F,Female,Y_LE4,4 years or less,H,Historical,2017,,918681,,A,Normal value,0,Units,0,Zero
DATAFLOW,OECD.ELS.SAE:DSD_POPULATION@DF_POP_HIST(1.0),Historical population data,I,POL,Poland,POP,Population,PS,Persons,F,Female,Y_LE4,4 years or less,H,Historical,2018,,927268,,A,Normal value,0,Units,0,Zero
DATAFLOW,OECD.ELS.SAE:DSD_POPULATION@DF_POP_HIST(1.0),Historical population data,I,POL,Poland,POP,Population,PS,Persons,F,Female,Y_LE4,4 years or less,H,Historical,2019,,930609,,A,Normal value,0,Units,0,Zero
DATAFLOW,OECD.ELS.SAE:DSD_POPULATION@DF_POP_HIST(1.0),Historical population data,I,POL,Poland,POP,Population,PS,Persons,F,Female,Y_LE4,4 years or less,H,Historical,2022,,879476,,A,Normal value,0,Units,0,Zero
DATAFLOW,OECD.ELS.SAE:DSD_POPULATION@DF_POP_HIST(1.0),Historical population data,I,POL,Poland,POP,Population,PS,Persons,F,Female,Y10T14,From 10 to 14 years,H,Historical,1960,,1492965,,A,Normal value,0,Units,0,Zero
DATAFLOW,OECD.ELS.SAE:DSD_POPULATION@DF_POP_HIST(1.0),Historical population data,I,POL,Poland,POP,Population,PS,Persons,F,Female,Y10T14,From 10 to 14 years,H,Historical,1961,,1532600,,A,Normal value,0,Units,0,Zero
DATAFLOW,OECD.ELS.SAE:DSD_POPULATION@DF_POP_HIST(1.0),Historical population data,I,POL,Poland,POP,Population,PS,Persons,F,Female,Y10T14,From 10 to 14 years,H,Historical,1962,,1591900,,A,Normal value,0,Units,0,Zero
DATAFLOW,OECD.ELS.SAE:DSD_POPULATION@DF_POP_HIST(1.0),Historical population data,I,POL,Poland,POP,Population,PS,Persons,F,Female,Y10T14,From 10 to 14 years,H,Historical,1963,,1641100,,A,Normal value,0,Units,0,Zero
DATAFLOW,OECD.ELS.SAE:DSD_POPULATION@DF_POP_HIST(1.0),Historical population data,I,POL,Poland,POP,Population,PS,Persons,F,Female,Y10T14,From 10 to 14 years,H,Historical,1964,,1684600,,A,Normal value,0,Units,0,Zero
DATAFLOW,OECD.ELS.SAE:DSD_POPULATION@DF_POP_HIST(1.0),Historical population data,I,POL,Poland,POP,Population,PS,Persons,F,Female,Y10T14,From 10 to 14 years,H,Historical,1965,,1710100,,A,Normal value,0,Units,0,Zero
DATAFLOW,OECD.ELS.SAE:DSD_POPULATION@DF_POP_HIST(1.0),Historical population data,I,POL,Poland,POP,Population,PS,Persons,F,Female,Y10T14,From 10 to 14 years,H,Historical,1966,,1721700,,A,Normal value,0,Units,0,Zero
DATAFLOW,OECD.ELS.SAE:DSD_POPULATION@DF_POP_HIST(1.0),Historical population data,I,POL,Poland,POP,Population,PS,Persons,F,Female,Y10T14,From 10 to 14 years,H,Historical,1967,,1730500,,A,Normal value,0,Units,0,Zero
DATAFLOW,OECD.ELS.SAE:DSD_POPULATION@DF_POP_HIST(1.0),Historical population data,I,POL,Poland,POP,Population,PS,Persons,F,Female,Y10T14,From 10 to 14 years,H,Historical,1968,,1729500,,A,Normal value,0,Units,0,Zero
DATAFLOW,OECD.ELS.SAE:DSD_POPULATION@DF_POP_HIST(1.0),Historical population data,I,POL,Poland,POP,Population,PS,Persons,F,Female,Y10T14,From 10 to 14 years,H,Historical,1969,,1719100,,A,Normal value,0,Units,0,Zero
DATAFLOW,OECD.ELS.SAE:DSD_POPULATION@DF_POP_HIST(1.0),Historical population data,I,POL,Poland,POP,Population,PS,Persons,F,Female,Y10T14,From 10 to 14 years,H,Historical,1970,,1658960,,A,Normal value,0,Units,0,Zero
DATAFLOW,OECD.ELS.SAE:DSD_POPULATION@DF_POP_HIST(1.0),Historical population data,I,POL,Poland,POP,Population,PS,Persons,F,Female,Y10T14,From 10 to 14 years,H,Historical,1971,,1624700,,A,Normal value,0,Units,0,Zero
DATAFLOW,OECD.ELS.SAE:DSD_POPULATION@DF_POP_HIST(1.0),Historical population data,I,POL,Poland,POP,Population,PS,Persons,F,Female,Y10T14,From 10 to 14 years,H,Historical,1972,,1556100,,A,Normal value,0,Units,0,Zero
DATAFLOW,OECD.ELS.SAE:DSD_POPULATION@DF_POP_HIST(1.0),Historical population data,I,POL,Poland,POP,Population,PS,Persons,F,Female,Y10T14,From 10 to 14 years,H,Historical,1973,,1480900,,A,Normal value,0,Units,0,Zero
DATAFLOW,OECD.ELS.SAE:DSD_POPULATION@DF_POP_HIST(1.0),Historical population data,I,POL,Poland,POP,Population,PS,Persons,F,Female,Y10T14,From 10 to 14 years,H,Historical,1974,,1413761,,A,Normal value,0,Units,0,Zero
DATAFLOW,OECD.ELS.SAE:DSD_POPULATION@DF_POP_HIST(1.0),Historical population data,I,POL,Poland,POP,Population,PS,Persons,F,Female,Y10T14,From 10 to 14 years,H,Historical,1975,,1355957,,A,Normal value,0,Units,0,Zero
DATAFLOW,OECD.ELS.SAE:DSD_POPULATION@DF_POP_HIST(1.0),Historical population data,I,POL,Poland,POP,Population,PS,Persons,F,Female,Y10T14,From 10 to 14 years,H,Historical,1976,,1311474,,A,Normal value,0,Units,0,Zero
DATAFLOW,OECD.ELS.SAE:DSD_POPULATION@DF_POP_HIST(1.0),Historical population data,I,POL,Poland,POP,Population,PS,Persons,F,Female,Y10T14,From 10 to 14 years,H,Historical,1977,,1279611,,A,Normal value,0,Units,0,Zero
DATAFLOW,OECD.ELS.SAE:DSD_POPULATION@DF_POP_HIST(1.0),Historical population data,I,POL,Poland,POP,Population,PS,Persons,F,Female,Y10T14,From 10 to 14 years,H,Historical,1978,,1255701,,A,Normal value,0,Units,0,Zero
DATAFLOW,OECD.ELS.SAE:DSD_POPULATION@DF_POP_HIST(1.0),Historical population data,I,POL,Poland,POP,Population,PS,Persons,F,Female,Y10T14,From 10 to 14 years,H,Historical,1979,,1236687,,A,Normal value,0,Units,0,Zero
DATAFLOW,OECD.ELS.SAE:DSD_POPULATION@DF_POP_HIST(1.0),Historical population data,I,POL,Poland,POP,Population,PS,Persons,F,Female,Y10T14,From 10 to 14 years,H,Historical,1980,,1232206,,A,Normal value,0,Units,0,Zero
DATAFLOW,OECD.ELS.SAE:DSD_POPULATION@DF_POP_HIST(1.0),Historical population data,I,POL,Poland,POP,Population,PS,Persons,F,Female,Y10T14,From 10 to 14 years,H,Historical,1981,,1242403,,A,Normal value,0,Units,0,Zero
DATAFLOW,OECD.ELS.SAE:DSD_POPULATION@DF_POP_HIST(1.0),Historical population data,I,POL,Poland,POP,Population,PS,Persons,F,Female,Y10T14,From 10 to 14 years,H,Historical,1982,,1267116,,A,Normal value,0,Units,0,Zero
DATAFLOW,OECD.ELS.SAE:DSD_POPULATION@DF_POP_HIST(1.0),Historical population data,I,POL,Poland,POP,Population,PS,Persons,F,Female,Y10T14,From 10 to 14 years,H,Historical,1983,,1302271,,A,Normal value,0,Units,0,Zero
DATAFLOW,OECD.ELS.SAE:DSD_POPULATION@DF_POP_HIST(1.0),Historical population data,I,POL,Poland,POP,Population,PS,Persons,F,Female,Y10T14,From 10 to 14 years,H,Historical,1984,,1344093,,A,Normal value,0,Units,0,Zero
DATAFLOW,OECD.ELS.SAE:DSD_POPULATION@DF_POP_HIST(1.0),Historical population data,I,POL,Poland,POP,Population,PS,Persons,F,Female,Y10T14,From 10 to 14 years,H,Historical,1985,,1394070,,A,Normal value,0,Units,0,Zero
DATAFLOW,OECD.ELS.SAE:DSD_POPULATION@DF_POP_HIST(1.0),Historical population data,I,POL,Poland,POP,Population,PS,Persons,F,Female,Y10T14,From 10 to 14 years,H,Historical,1986,,1446270,,A,Normal value,0,Units,0,Zero
DATAFLOW,OECD.ELS.SAE:DSD_POPULATION@DF_POP_HIST(1.0),Historical population data,I,POL,Poland,POP,Population,PS,Persons,F,Female,Y10T14,From 10 to 14 years,H,Historical,1987,,1485541,,A,Normal value,0,Units,0,Zero
DATAFLOW,OECD.ELS.SAE:DSD_POPULATION@DF_POP_HIST(1.0),Historical population data,I,POL,Poland,POP,Population,PS,Persons,F,Female,Y10T14,From 10 to 14 years,H,Historical,1988,,1512387,,A,Normal value,0,Units,0,Zero
DATAFLOW,OECD.ELS.SAE:DSD_POPULATION@DF_POP_HIST(1.0),Historical population data,I,POL,Poland,POP,Population,PS,Persons,F,Female,Y10T14,From 10 to 14 years,H,Historical,1989,,1554459,,A,Normal value,0,Units,0,Zero
DATAFLOW,OECD.ELS.SAE:DSD_POPULATION@DF_POP_HIST(1.0),Historical population data,I,POL,Poland,POP,Population,PS,Persons,F,Female,Y10T14,From 10 to 14 years,H,Historical,1990,,1529842,,A,Normal value,0,Units,0,Zero
DATAFLOW,OECD.ELS.SAE:DSD_POPULATION@DF_POP_HIST(1.0),Historical population data,I,POL,Poland,POP,Population,PS,Persons,F,Female,Y10T14,From 10 to 14 years,H,Historical,1991,,1521347,,A,Normal value,0,Units,0,Zero
DATAFLOW,OECD.ELS.SAE:DSD_POPULATION@DF_POP_HIST(1.0),Historical population data,I,POL,Poland,POP,Population,PS,Persons,F,Female,Y10T14,From 10 to 14 years,H,Historical,1992,,1511946,,A,Normal value,0,Units,0,Zero
DATAFLOW,OECD.ELS.SAE:DSD_POPULATION@DF_POP_HIST(1.0),Historical population data,I,POL,Poland,POP,Population,PS,Persons,F,Female,Y10T14,From 10 to 14 years,H,Historical,1993,,1502074,,A,Normal value,0,Units,0,Zero
DATAFLOW,OECD.ELS.SAE:DSD_POPULATION@DF_POP_HIST(1.0),Historical population data,I,POL,Poland,POP,Population,PS,Persons,F,Female,Y10T14,From 10 to 14 years,H,Historical,1994,,1490907,,A,Normal value,0,Units,0,Zero
DATAFLOW,OECD.ELS.SAE:DSD_POPULATION@DF_POP_HIST(1.0),Historical population data,I,POL,Poland,POP,Population,PS,Persons,F,Female,Y10T14,From 10 to 14 years,H,Historical,1995,,1479905,,A,Normal value,0,Units,0,Zero
DATAFLOW,OECD.ELS.SAE:DSD_POPULATION@DF_POP_HIST(1.0),Historical population data,I,POL,Poland,POP,Population,PS,Persons,F,Female,Y10T14,From 10 to 14 years,H,Historical,1996,,1468733,,A,Normal value,0,Units,0,Zero
DATAFLOW,OECD.ELS.SAE:DSD_POPULATION@DF_POP_HIST(1.0),Historical population data,I,POL,Poland,POP,Population,PS,Persons,F,Female,Y10T14,From 10 to 14 years,H,Historical,1997,,1456238,,A,Normal value,0,Units,0,Zero
DATAFLOW,OECD.ELS.SAE:DSD_POPULATION@DF_POP_HIST(1.0),Historical population data,I,POL,Poland,POP,Population,PS,Persons,F,Female,Y10T14,From 10 to 14 years,H,Historical,1998,,1445011,,A,Normal value,0,Units,0,Zero
DATAFLOW,OECD.ELS.SAE:DSD_POPULATION@DF_POP_HIST(1.0),Historical population data,I,POL,Poland,POP,Population,PS,Persons,F,Female,Y10T14,From 10 to 14 years,H,Historical,1999,,1452596,,A,Normal value,0,Units,0,Zero
DATAFLOW,OECD.ELS.SAE:DSD_POPULATION@DF_POP_HIST(1.0),Historical population data,I,POL,Poland,POP,Population,PS,Persons,F,Female,Y10T14,From 10 to 14 years,H,Historical,2000,,1435274,,A,Normal value,0,Units,0,Zero
DATAFLOW,OECD.ELS.SAE:DSD_POPULATION@DF_POP_HIST(1.0),Historical population data,I,POL,Poland,POP,Population,PS,Persons,F,Female,Y10T14,From 10 to 14 years,H,Historical,2001,,1385464,,A,Normal value,0,Units,0,Zero
DATAFLOW,OECD.ELS.SAE:DSD_POPULATION@DF_POP_HIST(1.0),Historical population data,I,POL,Poland,POP,Population,PS,Persons,F,Female,Y10T14,From 10 to 14 years,H,Historical,2002,,1346172,,A,Normal value,0,Units,0,Zero
DATAFLOW,OECD.ELS.SAE:DSD_POPULATION@DF_POP_HIST(1.0),Historical population data,I,POL,Poland,POP,Population,PS,Persons,F,Female,Y10T14,From 10 to 14 years,H,Historical,2003,,1305431,,A,Normal value,0,Units,0,Zero
DATAFLOW,OECD.ELS.SAE:DSD_POPULATION@DF_POP_HIST(1.0),Historical population data,I,POL,Poland,POP,Population,PS,Persons,F,Female,Y10T14,From 10 to 14 years,H,Historical,2004,,1261815,,A,Normal value,0,Units,0,Zero
DATAFLOW,OECD.ELS.SAE:DSD_POPULATION@DF_POP_HIST(1.0),Historical population data,I,POL,Poland,POP,Population,PS,Persons,F,Female,Y10T14,From 10 to 14 years,H,Historical,2005,,1212903,,A,Normal value,0,Units,0,Zero
DATAFLOW,OECD.ELS.SAE:DSD_POPULATION@DF_POP_HIST(1.0),Historical population data,I,POL,Poland,POP,Population,PS,Persons,F,Female,Y10T14,From 10 to 14 years,H,Historical,2006,,1159122,,A,Normal value,0,Units,0,Zero
DATAFLOW,OECD.ELS.SAE:DSD_POPULATION@DF_POP_HIST(1.0),Historical population data,I,POL,Poland,POP,Population,PS,Persons,F,Female,Y10T14,From 10 to 14 years,H,Historical,2007,,1107751,,A,Normal value,0,Units,0,Zero
DATAFLOW,OECD.ELS.SAE:DSD_POPULATION@DF_POP_HIST(1.0),Historical population data,I,POL,Poland,POP,Population,PS,Persons,F,Female,Y10T14,From 10 to 14 years,H,Historical,2008,,1060154,,A,Normal value,0,Units,0,Zero
DATAFLOW,OECD.ELS.SAE:DSD_POPULATION@DF_POP_HIST(1.0),Historical population data,I,POL,Poland,POP,Population,PS,Persons,F,Female,Y10T14,From 10 to 14 years,H,Historical,2009,,1015965,,A,Normal value,0,Units,0,Zero
DATAFLOW,OECD.ELS.SAE:DSD_POPULATION@DF_POP_HIST(1.0),Historical population data,I,POL,Poland,POP,Population,PS,Persons,F,Female,Y10T14,From 10 to 14 years,H,Historical,2010,,982506,,A,Normal value,0,Units,0,Zero
DATAFLOW,OECD.ELS.SAE:DSD_POPULATION@DF_POP_HIST(1.0),Historical population data,I,POL,Poland,POP,Population,PS,Persons,F,Female,Y10T14,From 10 to 14 years,H,Historical,2011,,953146,,A,Normal value,0,Units,0,Zero
DATAFLOW,OECD.ELS.SAE:DSD_POPULATION@DF_POP_HIST(1.0),Historical population data,I,POL,Poland,POP,Population,PS,Persons,F,Female,Y10T14,From 10 to 14 years,H,Historical,2012,,925506,,A,Normal value,0,Units,0,Zero
DATAFLOW,OECD.ELS.SAE:DSD_POPULATION@DF_POP_HIST(1.0),Historical population data,I,POL,Poland,POP,Population,PS,Persons,F,Female,Y10T14,From 10 to 14 years,H,Historical,2013,,902068,,A,Normal value,0,Units,0,Zero
DATAFLOW,OECD.ELS.SAE:DSD_POPULATION@DF_POP_HIST(1.0),Historical population data,I,POL,Poland,POP,Population,PS,Persons,F,Female,Y10T14,From 10 to 14 years,H,Historical,2014,,885939,,A,Normal value,0,Units,0,Zero
DATAFLOW,OECD.ELS.SAE:DSD_POPULATION@DF_POP_HIST(1.0),Historical population data,I,POL,Poland,POP,Population,PS,Persons,F,Female,Y10T14,From 10 to 14 years,H,Historical,2015,,877780,,A,Normal value,0,Units,0,Zero
DATAFLOW,OECD.ELS.SAE:DSD_POPULATION@DF_POP_HIST(1.0),Historical population data,I,POL,Poland,POP,Population,PS,Persons,F,Female,Y10T14,From 10 to 14 years,H,Historical,2016,,879240,,A,Normal value,0,Units,0,Zero
DATAFLOW,OECD.ELS.SAE:DSD_POPULATION@DF_POP_HIST(1.0),Historical population data,I,POL,Poland,POP,Population,PS,Persons,F,Female,Y10T14,From 10 to 14 years,H,Historical,2017,,895186,,A,Normal value,0,Units,0,Zero
DATAFLOW,OECD.ELS.SAE:DSD_POPULATION@DF_POP_HIST(1.0),Historical population data,I,POL,Poland,POP,Population,PS,Persons,F,Female,Y10T14,From 10 to 14 years,H,Historical,2018,,926956,,A,Normal value,0,Units,0,Zero
DATAFLOW,OECD.ELS.SAE:DSD_POPULATION@DF_POP_HIST(1.0),Historical population data,I,POL,Poland,POP,Population,PS,Persons,F,Female,Y10T14,From 10 to 14 years,H,Historical,2019,,965672,,A,Normal value,0,Units,0,Zero
DATAFLOW,OECD.ELS.SAE:DSD_POPULATION@DF_POP_HIST(1.0),Historical population data,I,POL,Poland,POP,Population,PS,Persons,F,Female,Y10T14,From 10 to 14 years,H,Historical,2022,,1016791,,A,Normal value,0,Units,0,Zero
DATAFLOW,OECD.ELS.SAE:DSD_POPULATION@DF_POP_HIST(1.0),Historical population data,I,POL,Poland,POP,Population,PS,Persons,F,Female,_T,Total,H,Historical,1960,,15347164,,A,Normal value,0,Units,0,Zero
DATAFLOW,OECD.ELS.SAE:DSD_POPULATION@DF_POP_HIST(1.0),Historical population data,I,POL,Poland,POP,Population,PS,Persons,F,Female,_T,Total,H,Historical,1961,,15467300,,A,Normal value,0,Units,0,Zero
DATAFLOW,OECD.ELS.SAE:DSD_POPULATION@DF_POP_HIST(1.0),Historical population data,I,POL,Poland,POP,Population,PS,Persons,F,Female,_T,Total,H,Historical,1962,,15638000,,A,Normal value,0,Units,0,Zero
DATAFLOW,OECD.ELS.SAE:DSD_POPULATION@DF_POP_HIST(1.0),Historical population data,I,POL,Poland,POP,Population,PS,Persons,F,Female,_T,Total,H,Historical,1963,,15813900,,A,Normal value,0,Units,0,Zero
DATAFLOW,OECD.ELS.SAE:DSD_POPULATION@DF_POP_HIST(1.0),Historical population data,I,POL,Poland,POP,Population,PS,Persons,F,Female,_T,Total,H,Historical,1964,,16045800,,A,Normal value,0,Units,0,Zero
DATAFLOW,OECD.ELS.SAE:DSD_POPULATION@DF_POP_HIST(1.0),Historical population data,I,POL,Poland,POP,Population,PS,Persons,F,Female,_T,Total,H,Historical,1965,,16208700,,A,Normal value,0,Units,0,Zero
DATAFLOW,OECD.ELS.SAE:DSD_POPULATION@DF_POP_HIST(1.0),Historical population data,I,POL,Poland,POP,Population,PS,Persons,F,Female,_T,Total,H,Historical,1966,,16303300,,A,Normal value,0,Units,0,Zero
DATAFLOW,OECD.ELS.SAE:DSD_POPULATION@DF_POP_HIST(1.0),Historical population data,I,POL,Poland,POP,Population,PS,Persons,F,Female,_T,Total,H,Historical,1967,,16422400,,A,Normal value,0,Units,0,Zero
DATAFLOW,OECD.ELS.SAE:DSD_POPULATION@DF_POP_HIST(1.0),Historical population data,I,POL,Poland,POP,Population,PS,Persons,F,Female,_T,Total,H,Historical,1968,,16611400,,A,Normal value,0,Units,0,Zero
DATAFLOW,OECD.ELS.SAE:DSD_POPULATION@DF_POP_HIST(1.0),Historical population data,I,POL,Poland,POP,Population,PS,Persons,F,Female,_T,Total,H,Historical,1969,,16735400,,A,Normal value,0,Units,0,Zero
DATAFLOW,OECD.ELS.SAE:DSD_POPULATION@DF_POP_HIST(1.0),Historical population data,I,POL,Poland,POP,Population,PS,Persons,F,Female,_T,Total,H,Historical,1970,,16788652,,A,Normal value,0,Units,0,Zero
DATAFLOW,OECD.ELS.SAE:DSD_POPULATION@DF_POP_HIST(1.0),Historical population data,I,POL,Poland,POP,Population,PS,Persons,F,Female,_T,Total,H,Historical,1971,,16834000,,A,Normal value,0,Units,0,Zero
DATAFLOW,OECD.ELS.SAE:DSD_POPULATION@DF_POP_HIST(1.0),Historical population data,I,POL,Poland,POP,Population,PS,Persons,F,Female,_T,Total,H,Historical,1972,,16999800,,A,Normal value,0,Units,0,Zero
DATAFLOW,OECD.ELS.SAE:DSD_POPULATION@DF_POP_HIST(1.0),Historical population data,I,POL,Poland,POP,Population,PS,Persons,F,Female,_T,Total,H,Historical,1973,,17146600,,A,Normal value,0,Units,0,Zero
DATAFLOW,OECD.ELS.SAE:DSD_POPULATION@DF_POP_HIST(1.0),Historical population data,I,POL,Poland,POP,Population,PS,Persons,F,Female,_T,Total,H,Historical,1974,,17307556,,A,Normal value,0,Units,0,Zero
DATAFLOW,OECD.ELS.SAE:DSD_POPULATION@DF_POP_HIST(1.0),Historical population data,I,POL,Poland,POP,Population,PS,Persons,F,Female,_T,Total,H,Historical,1975,,17470087,,A,Normal value,0,Units,0,Zero
DATAFLOW,OECD.ELS.SAE:DSD_POPULATION@DF_POP_HIST(1.0),Historical population data,I,POL,Poland,POP,Population,PS,Persons,F,Female,_T,Total,H,Historical,1976,,17638562,,A,Normal value,0,Units,0,Zero
DATAFLOW,OECD.ELS.SAE:DSD_POPULATION@DF_POP_HIST(1.0),Historical population data,I,POL,Poland,POP,Population,PS,Persons,F,Female,_T,Total,H,Historical,1977,,17807418,,A,Normal value,0,Units,0,Zero
DATAFLOW,OECD.ELS.SAE:DSD_POPULATION@DF_POP_HIST(1.0),Historical population data,I,POL,Poland,POP,Population,PS,Persons,F,Female,_T,Total,H,Historical,1978,,17966233,,A,Normal value,0,Units,0,Zero
DATAFLOW,OECD.ELS.SAE:DSD_POPULATION@DF_POP_HIST(1.0),Historical population data,I,POL,Poland,POP,Population,PS,Persons,F,Female,_T,Total,H,Historical,1979,,18079272,,A,Normal value,0,Units,0,Zero
DATAFLOW,OECD.ELS.SAE:DSD_POPULATION@DF_POP_HIST(1.0),Historical population data,I,POL,Poland,POP,Population,PS,Persons,F,Female,_T,Total,H,Historical,1980,,18242706,,A,Normal value,0,Units,0,Zero
DATAFLOW,OECD.ELS.SAE:DSD_POPULATION@DF_POP_HIST(1.0),Historical population data,I,POL,Poland,POP,Population,PS,Persons,F,Female,_T,Total,H,Historical,1981,,18408727,,A,Normal value,0,Units,0,Zero
DATAFLOW,OECD.ELS.SAE:DSD_POPULATION@DF_POP_HIST(1.0),Historical population data,I,POL,Poland,POP,Population,PS,Persons,F,Female,_T,Total,H,Historical,1982,,18571379,,A,Normal value,0,Units,0,Zero
DATAFLOW,OECD.ELS.SAE:DSD_POPULATION@DF_POP_HIST(1.0),Historical population data,I,POL,Poland,POP,Population,PS,Persons,F,Female,_T,Total,H,Historical,1983,,18744353,,A,Normal value,0,Units,0,Zero
DATAFLOW,OECD.ELS.SAE:DSD_POPULATION@DF_POP_HIST(1.0),Historical population data,I,POL,Poland,POP,Population,PS,Persons,F,Female,_T,Total,H,Historical,1984,,18914010,,A,Normal value,0,Units,0,Zero
DATAFLOW,OECD.ELS.SAE:DSD_POPULATION@DF_POP_HIST(1.0),Historical population data,I,POL,Poland,POP,Population,PS,Persons,F,Female,_T,Total,H,Historical,1985,,19059169,,A,Normal value,0,Units,0,Zero
DATAFLOW,OECD.ELS.SAE:DSD_POPULATION@DF_POP_HIST(1.0),Historical population data,I,POL,Poland,POP,Population,PS,Persons,F,Female,_T,Total,H,Historical,1986,,19187521,,A,Normal value,0,Units,0,Zero
DATAFLOW,OECD.ELS.SAE:DSD_POPULATION@DF_POP_HIST(1.0),Historical population data,I,POL,Poland,POP,Population,PS,Persons,F,Female,_T,Total,H,Historical,1987,,19294040,,A,Normal value,0,Units,0,Zero
DATAFLOW,OECD.ELS.SAE:DSD_POPULATION@DF_POP_HIST(1.0),Historical population data,I,POL,Poland,POP,Population,PS,Persons,F,Female,_T,Total,H,Historical,1988,,19395266,,A,Normal value,0,Units,0,Zero
DATAFLOW,OECD.ELS.SAE:DSD_POPULATION@DF_POP_HIST(1.0),Historical population data,I,POL,Poland,POP,Population,PS,Persons,F,Female,_T,Total,H,Historical,1989,,19458305,,A,Normal value,0,Units,0,Zero
DATAFLOW,OECD.ELS.SAE:DSD_POPULATION@DF_POP_HIST(1.0),Historical population data,I,POL,Poland,POP,Population,PS,Persons,F,Female,_T,Total,H,Historical,1990,,19496500,,A,Normal value,0,Units,0,Zero
DATAFLOW,OECD.ELS.SAE:DSD_POPULATION@DF_POP_HIST(1.0),Historical population data,I,POL,Poland,POP,Population,PS,Persons,F,Female,_T,Total,H,Historical,1991,,19542000,,A,Normal value,0,Units,0,Zero
DATAFLOW,OECD.ELS.SAE:DSD_POPULATION@DF_POP_HIST(1.0),Historical population data,I,POL,Poland,POP,Population,PS,Persons,F,Female,_T,Total,H,Historical,1992,,19581500,,A,Normal value,0,Units,0,Zero
DATAFLOW,OECD.ELS.SAE:DSD_POPULATION@DF_POP_HIST(1.0),Historical population data,I,POL,Poland,POP,Population,PS,Persons,F,Female,_T,Total,H,Historical,1993,,19611000,,A,Normal value,0,Units,0,Zero
DATAFLOW,OECD.ELS.SAE:DSD_POPULATION@DF_POP_HIST(1.0),Historical population data,I,POL,Poland,POP,Population,PS,Persons,F,Female,_T,Total,H,Historical,1994,,19631500,,A,Normal value,0,Units,0,Zero
DATAFLOW,OECD.ELS.SAE:DSD_POPULATION@DF_POP_HIST(1.0),Historical population data,I,POL,Poland,POP,Population,PS,Persons,F,Female,_T,Total,H,Historical,1995,,19648500,,A,Normal value,0,Units,0,Zero
DATAFLOW,OECD.ELS.SAE:DSD_POPULATION@DF_POP_HIST(1.0),Historical population data,I,POL,Poland,POP,Population,PS,Persons,F,Female,_T,Total,H,Historical,1996,,19665500,,A,Normal value,0,Units,0,Zero
DATAFLOW,OECD.ELS.SAE:DSD_POPULATION@DF_POP_HIST(1.0),Historical population data,I,POL,Poland,POP,Population,PS,Persons,F,Female,_T,Total,H,Historical,1997,,19682000,,A,Normal value,0,Units,0,Zero
DATAFLOW,OECD.ELS.SAE:DSD_POPULATION@DF_POP_HIST(1.0),Historical population data,I,POL,Poland,POP,Population,PS,Persons,F,Female,_T,Total,H,Historical,1998,,19693500,,A,Normal value,0,Units,0,Zero
DATAFLOW,OECD.ELS.SAE:DSD_POPULATION@DF_POP_HIST(1.0),Historical population data,I,POL,Poland,POP,Population,PS,Persons,F,Female,_T,Total,H,Historical,1999,,19706500,,A,Normal value,0,Units,0,Zero
DATAFLOW,OECD.ELS.SAE:DSD_POPULATION@DF_POP_HIST(1.0),Historical population data,I,POL,Poland,POP,Population,PS,Persons,F,Female,_T,Total,H,Historical,2000,,19715808,,A,Normal value,0,Units,0,Zero
DATAFLOW,OECD.ELS.SAE:DSD_POPULATION@DF_POP_HIST(1.0),Historical population data,I,POL,Poland,POP,Population,PS,Persons,F,Female,_T,Total,H,Historical,2001,,19716825,,A,Normal value,0,Units,0,Zero
DATAFLOW,OECD.ELS.SAE:DSD_POPULATION@DF_POP_HIST(1.0),Historical population data,I,POL,Poland,POP,Population,PS,Persons,F,Female,_T,Total,H,Historical,2002,,19715122,,A,Normal value,0,Units,0,Zero
DATAFLOW,OECD.ELS.SAE:DSD_POPULATION@DF_POP_HIST(1.0),Historical population data,I,POL,Poland,POP,Population,PS,Persons,F,Female,_T,Total,H,Historical,2003,,19702227,,A,Normal value,0,Units,0,Zero
DATAFLOW,OECD.ELS.SAE:DSD_POPULATION@DF_POP_HIST(1.0),Historical population data,I,POL,Poland,POP,Population,PS,Persons,F,Female,_T,Total,H,Historical,2004,,19701881,,A,Normal value,0,Units,0,Zero
DATAFLOW,OECD.ELS.SAE:DSD_POPULATION@DF_POP_HIST(1.0),Historical population data,I,POL,Poland,POP,Population,PS,Persons,F,Female,_T,Total,H,Historical,2005,,19700583,,A,Normal value,0,Units,0,Zero
DATAFLOW,OECD.ELS.SAE:DSD_POPULATION@DF_POP_HIST(1.0),Historical population data,I,POL,Poland,POP,Population,PS,Persons,F,Female,_T,Total,H,Historical,2006,,19696176,,A,Normal value,0,Units,0,Zero
DATAFLOW,OECD.ELS.SAE:DSD_POPULATION@DF_POP_HIST(1.0),Historical population data,I,POL,Poland,POP,Population,PS,Persons,F,Female,_T,Total,H,Historical,2007,,19698893,,A,Normal value,0,Units,0,Zero
DATAFLOW,OECD.ELS.SAE:DSD_POPULATION@DF_POP_HIST(1.0),Historical population data,I,POL,Poland,POP,Population,PS,Persons,F,Female,_T,Total,H,Historical,2008,,19707504,,A,Normal value,0,Units,0,Zero
DATAFLOW,OECD.ELS.SAE:DSD_POPULATION@DF_POP_HIST(1.0),Historical population data,I,POL,Poland,POP,Population,PS,Persons,F,Female,_T,Total,H,Historical,2009,,19730046,,A,Normal value,0,Units,0,Zero
DATAFLOW,OECD.ELS.SAE:DSD_POPULATION@DF_POP_HIST(1.0),Historical population data,I,POL,Poland,POP,Population,PS,Persons,F,Female,_T,Total,H,Historical,2010,,19869085,,A,Normal value,0,Units,0,Zero
DATAFLOW,OECD.ELS.SAE:DSD_POPULATION@DF_POP_HIST(1.0),Historical population data,I,POL,Poland,POP,Population,PS,Persons,F,Female,_T,Total,H,Historical,2011,,19875565,,A,Normal value,0,Units,0,Zero
DATAFLOW,OECD.ELS.SAE:DSD_POPULATION@DF_POP_HIST(1.0),Historical population data,I,POL,Poland,POP,Population,PS,Persons,F,Female,_T,Total,H,Historical,2012,,19882348,,A,Normal value,0,Units,0,Zero
DATAFLOW,OECD.ELS.SAE:DSD_POPULATION@DF_POP_HIST(1.0),Historical population data,I,POL,Poland,POP,Population,PS,Persons,F,Female,_T,Total,H,Historical,2013,,19868029,,A,Normal value,0,Units,0,Zero
DATAFLOW,OECD.ELS.SAE:DSD_POPULATION@DF_POP_HIST(1.0),Historical population data,I,POL,Poland,POP,Population,PS,Persons,F,Female,_T,Total,H,Historical,2014,,19860916,,A,Normal value,0,Units,0,Zero
DATAFLOW,OECD.ELS.SAE:DSD_POPULATION@DF_POP_HIST(1.0),Historical population data,I,POL,Poland,POP,Population,PS,Persons,F,Female,_T,Total,H,Historical,2015,,19847159,,A,Normal value,0,Units,0,Zero
DATAFLOW,OECD.ELS.SAE:DSD_POPULATION@DF_POP_HIST(1.0),Historical population data,I,POL,Poland,POP,Population,PS,Persons,F,Female,_T,Total,H,Historical,2016,,19835181,,A,Normal value,0,Units,0,Zero
DATAFLOW,OECD.ELS.SAE:DSD_POPULATION@DF_POP_HIST(1.0),Historical population data,I,POL,Poland,POP,Population,PS,Persons,F,Female,_T,Total,H,Historical,2017,,19833606,,A,Normal value,0,Units,0,Zero
DATAFLOW,OECD.ELS.SAE:DSD_POPULATION@DF_POP_HIST(1.0),Historical population data,I,POL,Poland,POP,Population,PS,Persons,F,Female,_T,Total,H,Historical,2018,,19829503,,A,Normal value,0,Units,0,Zero
DATAFLOW,OECD.ELS.SAE:DSD_POPULATION@DF_POP_HIST(1.0),Historical population data,I,POL,Poland,POP,Population,PS,Persons,F,Female,_T,Total,H,Historical,2019,,19816926,,A,Normal value,0,Units,0,Zero
DATAFLOW,OECD.ELS.SAE:DSD_POPULATION@DF_POP_HIST(1.0),Historical population data,I,POL,Poland,POP,Population,PS,Persons,F,Female,_T,Total,H,Historical,2022,,19546234,,A,Normal value,0,Units,0,Zero
DATAFLOW,OECD.ELS.SAE:DSD_POPULATION@DF_POP_HIST(1.0),Historical population data,I,POL,Poland,POP,Population,PS,Persons,F,Female,Y55T59,From 55 to 59 years,H,Historical,1960,,765705,,A,Normal value,0,Units,0,Zero
DATAFLOW,OECD.ELS.SAE:DSD_POPULATION@DF_POP_HIST(1.0),Historical population data,I,POL,Poland,POP,Population,PS,Persons,F,Female,Y55T59,From 55 to 59 years,H,Historical,1961,,773500,,A,Normal value,0,Units,0,Zero
DATAFLOW,OECD.ELS.SAE:DSD_POPULATION@DF_POP_HIST(1.0),Historical population data,I,POL,Poland,POP,Population,PS,Persons,F,Female,Y55T59,From 55 to 59 years,H,Historical,1962,,793900,,A,Normal value,0,Units,0,Zero
DATAFLOW,OECD.ELS.SAE:DSD_POPULATION@DF_POP_HIST(1.0),Historical population data,I,POL,Poland,POP,Population,PS,Persons,F,Female,Y55T59,From 55 to 59 years,H,Historical,1963,,818400,,A,Normal value,0,Units,0,Zero
DATAFLOW,OECD.ELS.SAE:DSD_POPULATION@DF_POP_HIST(1.0),Historical population data,I,POL,Poland,POP,Population,PS,Persons,F,Female,Y55T59,From 55 to 59 years,H,Historical,1964,,840600,,A,Normal value,0,Units,0,Zero
DATAFLOW,OECD.ELS.SAE:DSD_POPULATION@DF_POP_HIST(1.0),Historical population data,I,POL,Poland,POP,Population,PS,Persons,F,Female,Y55T59,From 55 to 59 years,H,Historical,1965,,870700,,A,Normal value,0,Units,0,Zero
DATAFLOW,OECD.ELS.SAE:DSD_POPULATION@DF_POP_HIST(1.0),Historical population data,I,POL,Poland,POP,Population,PS,Persons,F,Female,Y55T59,From 55 to 59 years,H,Historical,1966,,881500,,A,Normal value,0,Units,0,Zero
DATAFLOW,OECD.ELS.SAE:DSD_POPULATION@DF_POP_HIST(1.0),Historical population data,I,POL,Poland,POP,Population,PS,Persons,F,Female,Y55T59,From 55 to 59 years,H,Historical,1967,,886800,,A,Normal value,0,Units,0,Zero
DATAFLOW,OECD.ELS.SAE:DSD_POPULATION@DF_POP_HIST(1.0),Historical population data,I,POL,Poland,POP,Population,PS,Persons,F,Female,Y55T59,From 55 to 59 years,H,Historical,1968,,878600,,A,Normal value,0,Units,0,Zero
DATAFLOW,OECD.ELS.SAE:DSD_POPULATION@DF_POP_HIST(1.0),Historical population data,I,POL,Poland,POP,Population,PS,Persons,F,Female,Y55T59,From 55 to 59 years,H,Historical,1969,,874200,,A,Normal value,0,Units,0,Zero
DATAFLOW,OECD.ELS.SAE:DSD_POPULATION@DF_POP_HIST(1.0),Historical population data,I,POL,Poland,POP,Population,PS,Persons,F,Female,Y55T59,From 55 to 59 years,H,Historical,1970,,827104,,A,Normal value,0,Units,0,Zero
DATAFLOW,OECD.ELS.SAE:DSD_POPULATION@DF_POP_HIST(1.0),Historical population data,I,POL,Poland,POP,Population,PS,Persons,F,Female,Y55T59,From 55 to 59 years,H,Historical,1971,,797200,,A,Normal value,0,Units,0,Zero
DATAFLOW,OECD.ELS.SAE:DSD_POPULATION@DF_POP_HIST(1.0),Historical population data,I,POL,Poland,POP,Population,PS,Persons,F,Female,Y55T59,From 55 to 59 years,H,Historical,1972,,736700,,A,Normal value,0,Units,0,Zero
DATAFLOW,OECD.ELS.SAE:DSD_POPULATION@DF_POP_HIST(1.0),Historical population data,I,POL,Poland,POP,Population,PS,Persons,F,Female,Y55T59,From 55 to 59 years,H,Historical,1973,,672200,,A,Normal value,0,Units,0,Zero
DATAFLOW,OECD.ELS.SAE:DSD_POPULATION@DF_POP_HIST(1.0),Historical population data,I,POL,Poland,POP,Population,PS,Persons,F,Female,Y55T59,From 55 to 59 years,H,Historical,1974,,636735,,A,Normal value,0,Units,0,Zero
DATAFLOW,OECD.ELS.SAE:DSD_POPULATION@DF_POP_HIST(1.0),Historical population data,I,POL,Poland,POP,Population,PS,Persons,F,Female,Y55T59,From 55 to 59 years,H,Historical,1975,,650111,,A,Normal value,0,Units,0,Zero
DATAFLOW,OECD.ELS.SAE:DSD_POPULATION@DF_POP_HIST(1.0),Historical population data,I,POL,Poland,POP,Population,PS,Persons,F,Female,Y55T59,From 55 to 59 years,H,Historical,1976,,697996,,A,Normal value,0,Units,0,Zero
DATAFLOW,OECD.ELS.SAE:DSD_POPULATION@DF_POP_HIST(1.0),Historical population data,I,POL,Poland,POP,Population,PS,Persons,F,Female,Y55T59,From 55 to 59 years,H,Historical,1977,,770325,,A,Normal value,0,Units,0,Zero
DATAFLOW,OECD.ELS.SAE:DSD_POPULATION@DF_POP_HIST(1.0),Historical population data,I,POL,Poland,POP,Population,PS,Persons,F,Female,Y55T59,From 55 to 59 years,H,Historical,1978,,862727,,A,Normal value,0,Units,0,Zero
DATAFLOW,OECD.ELS.SAE:DSD_POPULATION@DF_POP_HIST(1.0),Historical population data,I,POL,Poland,POP,Population,PS,Persons,F,Female,Y55T59,From 55 to 59 years,H,Historical,1979,,933921,,A,Normal value,0,Units,0,Zero
DATAFLOW,OECD.ELS.SAE:DSD_POPULATION@DF_POP_HIST(1.0),Historical population data,I,POL,Poland,POP,Population,PS,Persons,F,Female,Y55T59,From 55 to 59 years,H,Historical,1980,,986218,,A,Normal value,0,Units,0,Zero
DATAFLOW,OECD.ELS.SAE:DSD_POPULATION@DF_POP_HIST(1.0),Historical population data,I,POL,Poland,POP,Population,PS,Persons,F,Female,Y55T59,From 55 to 59 years,H,Historical,1981,,1031786,,A,Normal value,0,Units,0,Zero
DATAFLOW,OECD.ELS.SAE:DSD_POPULATION@DF_POP_HIST(1.0),Historical population data,I,POL,Poland,POP,Population,PS,Persons,F,Female,Y55T59,From 55 to 59 years,H,Historical,1982,,1052535,,A,Normal value,0,Units,0,Zero
DATAFLOW,OECD.ELS.SAE:DSD_POPULATION@DF_POP_HIST(1.0),Historical population data,I,POL,Poland,POP,Population,PS,Persons,F,Female,Y55T59,From 55 to 59 years,H,Historical,1983,,1058503,,A,Normal value,0,Units,0,Zero
DATAFLOW,OECD.ELS.SAE:DSD_POPULATION@DF_POP_HIST(1.0),Historical population data,I,POL,Poland,POP,Population,PS,Persons,F,Female,Y55T59,From 55 to 59 years,H,Historical,1984,,1066782,,A,Normal value,0,Units,0,Zero
DATAFLOW,OECD.ELS.SAE:DSD_POPULATION@DF_POP_HIST(1.0),Historical population data,I,POL,Poland,POP,Population,PS,Persons,F,Female,Y55T59,From 55 to 59 years,H,Historical,1985,,1071635,,A,Normal value,0,Units,0,Zero
DATAFLOW,OECD.ELS.SAE:DSD_POPULATION@DF_POP_HIST(1.0),Historical population data,I,POL,Poland,POP,Population,PS,Persons,F,Female,Y55T59,From 55 to 59 years,H,Historical,1986,,1074680,,A,Normal value,0,Units,0,Zero
DATAFLOW,OECD.ELS.SAE:DSD_POPULATION@DF_POP_HIST(1.0),Historical population data,I,POL,Poland,POP,Population,PS,Persons,F,Female,Y55T59,From 55 to 59 years,H,Historical,1987,,1080117,,A,Normal value,0,Units,0,Zero
DATAFLOW,OECD.ELS.SAE:DSD_POPULATION@DF_POP_HIST(1.0),Historical population data,I,POL,Poland,POP,Population,PS,Persons,F,Female,Y55T59,From 55 to 59 years,H,Historical,1988,,1075090,,A,Normal value,0,Units,0,Zero
DATAFLOW,OECD.ELS.SAE:DSD_POPULATION@DF_POP_HIST(1.0),Historical population data,I,POL,Poland,POP,Population,PS,Persons,F,Female,Y55T59,From 55 to 59 years,H,Historical,1989,,1059996,,A,Normal value,0,Units,0,Zero
DATAFLOW,OECD.ELS.SAE:DSD_POPULATION@DF_POP_HIST(1.0),Historical population data,I,POL,Poland,POP,Population,PS,Persons,F,Female,Y55T59,From 55 to 59 years,H,Historical,1990,,1042383,,A,Normal value,0,Units,0,Zero
DATAFLOW,OECD.ELS.SAE:DSD_POPULATION@DF_POP_HIST(1.0),Historical population data,I,POL,Poland,POP,Population,PS,Persons,F,Female,Y55T59,From 55 to 59 years,H,Historical,1991,,1027038,,A,Normal value,0,Units,0,Zero
DATAFLOW,OECD.ELS.SAE:DSD_POPULATION@DF_POP_HIST(1.0),Historical population data,I,POL,Poland,POP,Population,PS,Persons,F,Female,Y55T59,From 55 to 59 years,H,Historical,1992,,1012164,,A,Normal value,0,Units,0,Zero
DATAFLOW,OECD.ELS.SAE:DSD_POPULATION@DF_POP_HIST(1.0),Historical population data,I,POL,Poland,POP,Population,PS,Persons,F,Female,Y55T59,From 55 to 59 years,H,Historical,1993,,996260,,A,Normal value,0,Units,0,Zero
DATAFLOW,OECD.ELS.SAE:DSD_POPULATION@DF_POP_HIST(1.0),Historical population data,I,POL,Poland,POP,Population,PS,Persons,F,Female,Y55T59,From 55 to 59 years,H,Historical,1994,,978807,,A,Normal value,0,Units,0,Zero
DATAFLOW,OECD.ELS.SAE:DSD_POPULATION@DF_POP_HIST(1.0),Historical population data,I,POL,Poland,POP,Population,PS,Persons,F,Female,Y55T59,From 55 to 59 years,H,Historical,1995,,960788,,A,Normal value,0,Units,0,Zero
DATAFLOW,OECD.ELS.SAE:DSD_POPULATION@DF_POP_HIST(1.0),Historical population data,I,POL,Poland,POP,Population,PS,Persons,F,Female,Y55T59,From 55 to 59 years,H,Historical,1996,,939420,,A,Normal value,0,Units,0,Zero
DATAFLOW,OECD.ELS.SAE:DSD_POPULATION@DF_POP_HIST(1.0),Historical population data,I,POL,Poland,POP,Population,PS,Persons,F,Female,Y55T59,From 55 to 59 years,H,Historical,1997,,917917,,A,Normal value,0,Units,0,Zero
DATAFLOW,OECD.ELS.SAE:DSD_POPULATION@DF_POP_HIST(1.0),Historical population data,I,POL,Poland,POP,Population,PS,Persons,F,Female,Y55T59,From 55 to 59 years,H,Historical,1998,,897808,,A,Normal value,0,Units,0,Zero
DATAFLOW,OECD.ELS.SAE:DSD_POPULATION@DF_POP_HIST(1.0),Historical population data,I,POL,Poland,POP,Population,PS,Persons,F,Female,Y55T59,From 55 to 59 years,H,Historical,1999,,875443,,A,Normal value,0,Units,0,Zero
DATAFLOW,OECD.ELS.SAE:DSD_POPULATION@DF_POP_HIST(1.0),Historical population data,I,POL,Poland,POP,Population,PS,Persons,F,Female,Y55T59,From 55 to 59 years,H,Historical,2000,,854272,,A,Normal value,0,Units,0,Zero
DATAFLOW,OECD.ELS.SAE:DSD_POPULATION@DF_POP_HIST(1.0),Historical population data,I,POL,Poland,POP,Population,PS,Persons,F,Female,Y55T59,From 55 to 59 years,H,Historical,2001,,872785,,A,Normal value,0,Units,0,Zero
DATAFLOW,OECD.ELS.SAE:DSD_POPULATION@DF_POP_HIST(1.0),Historical population data,I,POL,Poland,POP,Population,PS,Persons,F,Female,Y55T59,From 55 to 59 years,H,Historical,2002,,947736,,A,Normal value,0,Units,0,Zero
DATAFLOW,OECD.ELS.SAE:DSD_POPULATION@DF_POP_HIST(1.0),Historical population data,I,POL,Poland,POP,Population,PS,Persons,F,Female,Y55T59,From 55 to 59 years,H,Historical,2003,,1039174,,A,Normal value,0,Units,0,Zero
DATAFLOW,OECD.ELS.SAE:DSD_POPULATION@DF_POP_HIST(1.0),Historical population data,I,POL,Poland,POP,Population,PS,Persons,F,Female,Y55T59,From 55 to 59 years,H,Historical,2004,,1142613,,A,Normal value,0,Units,0,Zero
DATAFLOW,OECD.ELS.SAE:DSD_POPULATION@DF_POP_HIST(1.0),Historical population data,I,POL,Poland,POP,Population,PS,Persons,F,Female,Y55T59,From 55 to 59 years,H,Historical,2005,,1251972,,A,Normal value,0,Units,0,Zero
DATAFLOW,OECD.ELS.SAE:DSD_POPULATION@DF_POP_HIST(1.0),Historical population data,I,POL,Poland,POP,Population,PS,Persons,F,Female,Y55T59,From 55 to 59 years,H,Historical,2006,,1340759,,A,Normal value,0,Units,0,Zero
DATAFLOW,OECD.ELS.SAE:DSD_POPULATION@DF_POP_HIST(1.0),Historical population data,I,POL,Poland,POP,Population,PS,Persons,F,Female,Y55T59,From 55 to 59 years,H,Historical,2007,,1396241,,A,Normal value,0,Units,0,Zero
DATAFLOW,OECD.ELS.SAE:DSD_POPULATION@DF_POP_HIST(1.0),Historical population data,I,POL,Poland,POP,Population,PS,Persons,F,Female,Y55T59,From 55 to 59 years,H,Historical,2008,,1435862,,A,Normal value,0,Units,0,Zero
DATAFLOW,OECD.ELS.SAE:DSD_POPULATION@DF_POP_HIST(1.0),Historical population data,I,POL,Poland,POP,Population,PS,Persons,F,Female,Y55T59,From 55 to 59 years,H,Historical,2009,,1465826,,A,Normal value,0,Units,0,Zero
DATAFLOW,OECD.ELS.SAE:DSD_POPULATION@DF_POP_HIST(1.0),Historical population data,I,POL,Poland,POP,Population,PS,Persons,F,Female,Y55T59,From 55 to 59 years,H,Historical,2010,,1496350,,A,Normal value,0,Units,0,Zero
DATAFLOW,OECD.ELS.SAE:DSD_POPULATION@DF_POP_HIST(1.0),Historical population data,I,POL,Poland,POP,Population,PS,Persons,F,Female,Y55T59,From 55 to 59 years,H,Historical,2011,,1513563,,A,Normal value,0,Units,0,Zero
DATAFLOW,OECD.ELS.SAE:DSD_POPULATION@DF_POP_HIST(1.0),Historical population data,I,POL,Poland,POP,Population,PS,Persons,F,Female,Y55T59,From 55 to 59 years,H,Historical,2012,,1522140,,A,Normal value,0,Units,0,Zero
DATAFLOW,OECD.ELS.SAE:DSD_POPULATION@DF_POP_HIST(1.0),Historical population data,I,POL,Poland,POP,Population,PS,Persons,F,Female,Y55T59,From 55 to 59 years,H,Historical,2013,,1525103,,A,Normal value,0,Units,0,Zero
DATAFLOW,OECD.ELS.SAE:DSD_POPULATION@DF_POP_HIST(1.0),Historical population data,I,POL,Poland,POP,Population,PS,Persons,F,Female,Y55T59,From 55 to 59 years,H,Historical,2014,,1517400,,A,Normal value,0,Units,0,Zero
DATAFLOW,OECD.ELS.SAE:DSD_POPULATION@DF_POP_HIST(1.0),Historical population data,I,POL,Poland,POP,Population,PS,Persons,F,Female,Y55T59,From 55 to 59 years,H,Historical,2015,,1489816,,A,Normal value,0,Units,0,Zero
DATAFLOW,OECD.ELS.SAE:DSD_POPULATION@DF_POP_HIST(1.0),Historical population data,I,POL,Poland,POP,Population,PS,Persons,F,Female,Y55T59,From 55 to 59 years,H,Historical,2016,,1442043,,A,Normal value,0,Units,0,Zero
DATAFLOW,OECD.ELS.SAE:DSD_POPULATION@DF_POP_HIST(1.0),Historical population data,I,POL,Poland,POP,Population,PS,Persons,F,Female,Y55T59,From 55 to 59 years,H,Historical,2017,,1382843,,A,Normal value,0,Units,0,Zero
DATAFLOW,OECD.ELS.SAE:DSD_POPULATION@DF_POP_HIST(1.0),Historical population data,I,POL,Poland,POP,Population,PS,Persons,F,Female,Y55T59,From 55 to 59 years,H,Historical,2018,,1319840,,A,Normal value,0,Units,0,Zero
DATAFLOW,OECD.ELS.SAE:DSD_POPULATION@DF_POP_HIST(1.0),Historical population data,I,POL,Poland,POP,Population,PS,Persons,F,Female,Y55T59,From 55 to 59 years,H,Historical,2019,,1261796,,A,Normal value,0,Units,0,Zero
DATAFLOW,OECD.ELS.SAE:DSD_POPULATION@DF_POP_HIST(1.0),Historical population data,I,POL,Poland,POP,Population,PS,Persons,F,Female,Y55T59,From 55 to 59 years,H,Historical,2022,,1140774,,A,Normal value,0,Units,0,Zero
DATAFLOW,OECD.ELS.SAE:DSD_POPULATION@DF_POP_HIST(1.0),Historical population data,I,POL,Poland,POP,Population,PS,Persons,F,Female,Y75T79,From 75 to 79 years,H,Historical,1960,,187160,,A,Normal value,0,Units,0,Zero
DATAFLOW,OECD.ELS.SAE:DSD_POPULATION@DF_POP_HIST(1.0),Historical population data,I,POL,Poland,POP,Population,PS,Persons,F,Female,Y75T79,From 75 to 79 years,H,Historical,1961,,195045,,A,Normal value,0,Units,0,Zero
DATAFLOW,OECD.ELS.SAE:DSD_POPULATION@DF_POP_HIST(1.0),Historical population data,I,POL,Poland,POP,Population,PS,Persons,F,Female,Y75T79,From 75 to 79 years,H,Historical,1962,,201348,,A,Normal value,0,Units,0,Zero
DATAFLOW,OECD.ELS.SAE:DSD_POPULATION@DF_POP_HIST(1.0),Historical population data,I,POL,Poland,POP,Population,PS,Persons,F,Female,Y75T79,From 75 to 79 years,H,Historical,1963,,210161,,A,Normal value,0,Units,0,Zero
DATAFLOW,OECD.ELS.SAE:DSD_POPULATION@DF_POP_HIST(1.0),Historical population data,I,POL,Poland,POP,Population,PS,Persons,F,Female,Y75T79,From 75 to 79 years,H,Historical,1964,,219482,,A,Normal value,0,Units,0,Zero
DATAFLOW,OECD.ELS.SAE:DSD_POPULATION@DF_POP_HIST(1.0),Historical population data,I,POL,Poland,POP,Population,PS,Persons,F,Female,Y75T79,From 75 to 79 years,H,Historical,1965,,236500,,A,Normal value,0,Units,0,Zero
DATAFLOW,OECD.ELS.SAE:DSD_POPULATION@DF_POP_HIST(1.0),Historical population data,I,POL,Poland,POP,Population,PS,Persons,F,Female,Y75T79,From 75 to 79 years,H,Historical,1966,,241700,,A,Normal value,0,Units,0,Zero
DATAFLOW,OECD.ELS.SAE:DSD_POPULATION@DF_POP_HIST(1.0),Historical population data,I,POL,Poland,POP,Population,PS,Persons,F,Female,Y75T79,From 75 to 79 years,H,Historical,1967,,244800,,A,Normal value,0,Units,0,Zero
DATAFLOW,OECD.ELS.SAE:DSD_POPULATION@DF_POP_HIST(1.0),Historical population data,I,POL,Poland,POP,Population,PS,Persons,F,Female,Y75T79,From 75 to 79 years,H,Historical,1968,,256400,,A,Normal value,0,Units,0,Zero
DATAFLOW,OECD.ELS.SAE:DSD_POPULATION@DF_POP_HIST(1.0),Historical population data,I,POL,Poland,POP,Population,PS,Persons,F,Female,Y75T79,From 75 to 79 years,H,Historical,1969,,265000,,A,Normal value,0,Units,0,Zero
DATAFLOW,OECD.ELS.SAE:DSD_POPULATION@DF_POP_HIST(1.0),Historical population data,I,POL,Poland,POP,Population,PS,Persons,F,Female,Y75T79,From 75 to 79 years,H,Historical,1970,,286151,,A,Normal value,0,Units,0,Zero
DATAFLOW,OECD.ELS.SAE:DSD_POPULATION@DF_POP_HIST(1.0),Historical population data,I,POL,Poland,POP,Population,PS,Persons,F,Female,Y75T79,From 75 to 79 years,H,Historical,1971,,303418,,A,Normal value,0,Units,0,Zero
DATAFLOW,OECD.ELS.SAE:DSD_POPULATION@DF_POP_HIST(1.0),Historical population data,I,POL,Poland,POP,Population,PS,Persons,F,Female,Y75T79,From 75 to 79 years,H,Historical,1972,,312100,,A,Normal value,0,Units,0,Zero
DATAFLOW,OECD.ELS.SAE:DSD_POPULATION@DF_POP_HIST(1.0),Historical population data,I,POL,Poland,POP,Population,PS,Persons,F,Female,Y75T79,From 75 to 79 years,H,Historical,1973,,330300,,A,Normal value,0,Units,0,Zero
DATAFLOW,OECD.ELS.SAE:DSD_POPULATION@DF_POP_HIST(1.0),Historical population data,I,POL,Poland,POP,Population,PS,Persons,F,Female,Y75T79,From 75 to 79 years,H,Historical,1974,,346722,,A,Normal value,0,Units,0,Zero
DATAFLOW,OECD.ELS.SAE:DSD_POPULATION@DF_POP_HIST(1.0),Historical population data,I,POL,Poland,POP,Population,PS,Persons,F,Female,Y75T79,From 75 to 79 years,H,Historical,1975,,367974,,A,Normal value,0,Units,0,Zero
DATAFLOW,OECD.ELS.SAE:DSD_POPULATION@DF_POP_HIST(1.0),Historical population data,I,POL,Poland,POP,Population,PS,Persons,F,Female,Y75T79,From 75 to 79 years,H,Historical,1976,,389613,,A,Normal value,0,Units,0,Zero
DATAFLOW,OECD.ELS.SAE:DSD_POPULATION@DF_POP_HIST(1.0),Historical population data,I,POL,Poland,POP,Population,PS,Persons,F,Female,Y75T79,From 75 to 79 years,H,Historical,1977,,406965,,A,Normal value,0,Units,0,Zero
DATAFLOW,OECD.ELS.SAE:DSD_POPULATION@DF_POP_HIST(1.0),Historical population data,I,POL,Poland,POP,Population,PS,Persons,F,Female,Y75T79,From 75 to 79 years,H,Historical,1978,,423292,,A,Normal value,0,Units,0,Zero
DATAFLOW,OECD.ELS.SAE:DSD_POPULATION@DF_POP_HIST(1.0),Historical population data,I,POL,Poland,POP,Population,PS,Persons,F,Female,Y75T79,From 75 to 79 years,H,Historical,1979,,439480,,A,Normal value,0,Units,0,Zero
DATAFLOW,OECD.ELS.SAE:DSD_POPULATION@DF_POP_HIST(1.0),Historical population data,I,POL,Poland,POP,Population,PS,Persons,F,Female,Y75T79,From 75 to 79 years,H,Historical,1980,,452460,,A,Normal value,0,Units,0,Zero
DATAFLOW,OECD.ELS.SAE:DSD_POPULATION@DF_POP_HIST(1.0),Historical population data,I,POL,Poland,POP,Population,PS,Persons,F,Female,Y75T79,From 75 to 79 years,H,Historical,1981,,464262,,A,Normal value,0,Units,0,Zero
DATAFLOW,OECD.ELS.SAE:DSD_POPULATION@DF_POP_HIST(1.0),Historical population data,I,POL,Poland,POP,Population,PS,Persons,F,Female,Y75T79,From 75 to 79 years,H,Historical,1982,,478425,,A,Normal value,0,Units,0,Zero
DATAFLOW,OECD.ELS.SAE:DSD_POPULATION@DF_POP_HIST(1.0),Historical population data,I,POL,Poland,POP,Population,PS,Persons,F,Female,Y75T79,From 75 to 79 years,H,Historical,1983,,491636,,A,Normal value,0,Units,0,Zero
DATAFLOW,OECD.ELS.SAE:DSD_POPULATION@DF_POP_HIST(1.0),Historical population data,I,POL,Poland,POP,Population,PS,Persons,F,Female,Y75T79,From 75 to 79 years,H,Historical,1984,,503727,,A,Normal value,0,Units,0,Zero
DATAFLOW,OECD.ELS.SAE:DSD_POPULATION@DF_POP_HIST(1.0),Historical population data,I,POL,Poland,POP,Population,PS,Persons,F,Female,Y75T79,From 75 to 79 years,H,Historical,1985,,513203,,A,Normal value,0,Units,0,Zero
DATAFLOW,OECD.ELS.SAE:DSD_POPULATION@DF_POP_HIST(1.0),Historical population data,I,POL,Poland,POP,Population,PS,Persons,F,Female,Y75T79,From 75 to 79 years,H,Historical,1986,,519755,,A,Normal value,0,Units,0,Zero
DATAFLOW,OECD.ELS.SAE:DSD_POPULATION@DF_POP_HIST(1.0),Historical population data,I,POL,Poland,POP,Population,PS,Persons,F,Female,Y75T79,From 75 to 79 years,H,Historical,1987,,527647,,A,Normal value,0,Units,0,Zero
DATAFLOW,OECD.ELS.SAE:DSD_POPULATION@DF_POP_HIST(1.0),Historical population data,I,POL,Poland,POP,Population,PS,Persons,F,Female,Y75T79,From 75 to 79 years,H,Historical,1988,,534833,,A,Normal value,0,Units,0,Zero
DATAFLOW,OECD.ELS.SAE:DSD_POPULATION@DF_POP_HIST(1.0),Historical population data,I,POL,Poland,POP,Population,PS,Persons,F,Female,Y75T79,From 75 to 79 years,H,Historical,1989,,525741,,A,Normal value,0,Units,0,Zero
DATAFLOW,OECD.ELS.SAE:DSD_POPULATION@DF_POP_HIST(1.0),Historical population data,I,POL,Poland,POP,Population,PS,Persons,F,Female,Y75T79,From 75 to 79 years,H,Historical,1990,,543384,,A,Normal value,0,Units,0,Zero
DATAFLOW,OECD.ELS.SAE:DSD_POPULATION@DF_POP_HIST(1.0),Historical population data,I,POL,Poland,POP,Population,PS,Persons,F,Female,Y75T79,From 75 to 79 years,H,Historical,1991,,554261,,A,Normal value,0,Units,0,Zero
DATAFLOW,OECD.ELS.SAE:DSD_POPULATION@DF_POP_HIST(1.0),Historical population data,I,POL,Poland,POP,Population,PS,Persons,F,Female,Y75T79,From 75 to 79 years,H,Historical,1992,,563046,,A,Normal value,0,Units,0,Zero
DATAFLOW,OECD.ELS.SAE:DSD_POPULATION@DF_POP_HIST(1.0),Historical population data,I,POL,Poland,POP,Population,PS,Persons,F,Female,Y75T79,From 75 to 79 years,H,Historical,1993,,573520,,A,Normal value,0,Units,0,Zero
DATAFLOW,OECD.ELS.SAE:DSD_POPULATION@DF_POP_HIST(1.0),Historical population data,I,POL,Poland,POP,Population,PS,Persons,F,Female,Y75T79,From 75 to 79 years,H,Historical,1994,,580251,,A,Normal value,0,Units,0,Zero
DATAFLOW,OECD.ELS.SAE:DSD_POPULATION@DF_POP_HIST(1.0),Historical population data,I,POL,Poland,POP,Population,PS,Persons,F,Female,Y75T79,From 75 to 79 years,H,Historical,1995,,581665,,A,Normal value,0,Units,0,Zero
DATAFLOW,OECD.ELS.SAE:DSD_POPULATION@DF_POP_HIST(1.0),Historical population data,I,POL,Poland,POP,Population,PS,Persons,F,Female,Y75T79,From 75 to 79 years,H,Historical,1996,,587610,,A,Normal value,0,Units,0,Zero
DATAFLOW,OECD.ELS.SAE:DSD_POPULATION@DF_POP_HIST(1.0),Historical population data,I,POL,Poland,POP,Population,PS,Persons,F,Female,Y75T79,From 75 to 79 years,H,Historical,1997,,596867,,A,Normal value,0,Units,0,Zero
DATAFLOW,OECD.ELS.SAE:DSD_POPULATION@DF_POP_HIST(1.0),Historical population data,I,POL,Poland,POP,Population,PS,Persons,F,Female,Y75T79,From 75 to 79 years,H,Historical,1998,,606177,,A,Normal value,0,Units,0,Zero
DATAFLOW,OECD.ELS.SAE:DSD_POPULATION@DF_POP_HIST(1.0),Historical population data,I,POL,Poland,POP,Population,PS,Persons,F,Female,Y75T79,From 75 to 79 years,H,Historical,1999,,602181,,A,Normal value,0,Units,0,Zero
DATAFLOW,OECD.ELS.SAE:DSD_POPULATION@DF_POP_HIST(1.0),Historical population data,I,POL,Poland,POP,Population,PS,Persons,F,Female,Y75T79,From 75 to 79 years,H,Historical,2000,,614236,,A,Normal value,0,Units,0,Zero
DATAFLOW,OECD.ELS.SAE:DSD_POPULATION@DF_POP_HIST(1.0),Historical population data,I,POL,Poland,POP,Population,PS,Persons,F,Female,Y75T79,From 75 to 79 years,H,Historical,2001,,648346,,A,Normal value,0,Units,0,Zero
DATAFLOW,OECD.ELS.SAE:DSD_POPULATION@DF_POP_HIST(1.0),Historical population data,I,POL,Poland,POP,Population,PS,Persons,F,Female,Y75T79,From 75 to 79 years,H,Historical,2002,,667890,,A,Normal value,0,Units,0,Zero
DATAFLOW,OECD.ELS.SAE:DSD_POPULATION@DF_POP_HIST(1.0),Historical population data,I,POL,Poland,POP,Population,PS,Persons,F,Female,Y75T79,From 75 to 79 years,H,Historical,2003,,675298,,A,Normal value,0,Units,0,Zero
DATAFLOW,OECD.ELS.SAE:DSD_POPULATION@DF_POP_HIST(1.0),Historical population data,I,POL,Poland,POP,Population,PS,Persons,F,Female,Y75T79,From 75 to 79 years,H,Historical,2004,,688698,,A,Normal value,0,Units,0,Zero
DATAFLOW,OECD.ELS.SAE:DSD_POPULATION@DF_POP_HIST(1.0),Historical population data,I,POL,Poland,POP,Population,PS,Persons,F,Female,Y75T79,From 75 to 79 years,H,Historical,2005,,702200,,A,Normal value,0,Units,0,Zero
DATAFLOW,OECD.ELS.SAE:DSD_POPULATION@DF_POP_HIST(1.0),Historical population data,I,POL,Poland,POP,Population,PS,Persons,F,Female,Y75T79,From 75 to 79 years,H,Historical,2006,,715385,,A,Normal value,0,Units,0,Zero
DATAFLOW,OECD.ELS.SAE:DSD_POPULATION@DF_POP_HIST(1.0),Historical population data,I,POL,Poland,POP,Population,PS,Persons,F,Female,Y75T79,From 75 to 79 years,H,Historical,2007,,727842,,A,Normal value,0,Units,0,Zero
DATAFLOW,OECD.ELS.SAE:DSD_POPULATION@DF_POP_HIST(1.0),Historical population data,I,POL,Poland,POP,Population,PS,Persons,F,Female,Y75T79,From 75 to 79 years,H,Historical,2008,,732063,,A,Normal value,0,Units,0,Zero
DATAFLOW,OECD.ELS.SAE:DSD_POPULATION@DF_POP_HIST(1.0),Historical population data,I,POL,Poland,POP,Population,PS,Persons,F,Female,Y75T79,From 75 to 79 years,H,Historical,2009,,729240,,A,Normal value,0,Units,0,Zero
DATAFLOW,OECD.ELS.SAE:DSD_POPULATION@DF_POP_HIST(1.0),Historical population data,I,POL,Poland,POP,Population,PS,Persons,F,Female,Y75T79,From 75 to 79 years,H,Historical,2010,,725549,,A,Normal value,0,Units,0,Zero
DATAFLOW,OECD.ELS.SAE:DSD_POPULATION@DF_POP_HIST(1.0),Historical population data,I,POL,Poland,POP,Population,PS,Persons,F,Female,Y75T79,From 75 to 79 years,H,Historical,2011,,721717,,A,Normal value,0,Units,0,Zero
DATAFLOW,OECD.ELS.SAE:DSD_POPULATION@DF_POP_HIST(1.0),Historical population data,I,POL,Poland,POP,Population,PS,Persons,F,Female,Y75T79,From 75 to 79 years,H,Historical,2012,,720249,,A,Normal value,0,Units,0,Zero
DATAFLOW,OECD.ELS.SAE:DSD_POPULATION@DF_POP_HIST(1.0),Historical population data,I,POL,Poland,POP,Population,PS,Persons,F,Female,Y75T79,From 75 to 79 years,H,Historical,2013,,719285,,A,Normal value,0,Units,0,Zero
DATAFLOW,OECD.ELS.SAE:DSD_POPULATION@DF_POP_HIST(1.0),Historical population data,I,POL,Poland,POP,Population,PS,Persons,F,Female,Y75T79,From 75 to 79 years,H,Historical,2014,,720072,,A,Normal value,0,Units,0,Zero
DATAFLOW,OECD.ELS.SAE:DSD_POPULATION@DF_POP_HIST(1.0),Historical population data,I,POL,Poland,POP,Population,PS,Persons,F,Female,Y75T79,From 75 to 79 years,H,Historical,2015,,715629,,A,Normal value,0,Units,0,Zero
DATAFLOW,OECD.ELS.SAE:DSD_POPULATION@DF_POP_HIST(1.0),Historical population data,I,POL,Poland,POP,Population,PS,Persons,F,Female,Y75T79,From 75 to 79 years,H,Historical,2016,,705195,,A,Normal value,0,Units,0,Zero
DATAFLOW,OECD.ELS.SAE:DSD_POPULATION@DF_POP_HIST(1.0),Historical population data,I,POL,Poland,POP,Population,PS,Persons,F,Female,Y75T79,From 75 to 79 years,H,Historical,2017,,685887,,A,Normal value,0,Units,0,Zero
DATAFLOW,OECD.ELS.SAE:DSD_POPULATION@DF_POP_HIST(1.0),Historical population data,I,POL,Poland,POP,Population,PS,Persons,F,Female,Y75T79,From 75 to 79 years,H,Historical,2018,,664521,,A,Normal value,0,Units,0,Zero
DATAFLOW,OECD.ELS.SAE:DSD_POPULATION@DF_POP_HIST(1.0),Historical population data,I,POL,Poland,POP,Population,PS,Persons,F,Female,Y75T79,From 75 to 79 years,H,Historical,2019,,647151,,A,Normal value,0,Units,0,Zero
DATAFLOW,OECD.ELS.SAE:DSD_POPULATION@DF_POP_HIST(1.0),Historical population data,I,POL,Poland,POP,Population,PS,Persons,F,Female,Y75T79,From 75 to 79 years,H,Historical,2022,,690488,,A,Normal value,0,Units,0,Zero
DATAFLOW,OECD.ELS.SAE:DSD_POPULATION@DF_POP_HIST(1.0),Historical population data,I,POL,Poland,POP,Population,PS,Persons,F,Female,Y35T39,From 35 to 39 years,H,Historical,1960,,1105040,,A,Normal value,0,Units,0,Zero
DATAFLOW,OECD.ELS.SAE:DSD_POPULATION@DF_POP_HIST(1.0),Historical population data,I,POL,Poland,POP,Population,PS,Persons,F,Female,Y35T39,From 35 to 39 years,H,Historical,1961,,1126500,,A,Normal value,0,Units,0,Zero
DATAFLOW,OECD.ELS.SAE:DSD_POPULATION@DF_POP_HIST(1.0),Historical population data,I,POL,Poland,POP,Population,PS,Persons,F,Female,Y35T39,From 35 to 39 years,H,Historical,1962,,1151400,,A,Normal value,0,Units,0,Zero
DATAFLOW,OECD.ELS.SAE:DSD_POPULATION@DF_POP_HIST(1.0),Historical population data,I,POL,Poland,POP,Population,PS,Persons,F,Female,Y35T39,From 35 to 39 years,H,Historical,1963,,1160600,,A,Normal value,0,Units,0,Zero
DATAFLOW,OECD.ELS.SAE:DSD_POPULATION@DF_POP_HIST(1.0),Historical population data,I,POL,Poland,POP,Population,PS,Persons,F,Female,Y35T39,From 35 to 39 years,H,Historical,1964,,1173800,,A,Normal value,0,Units,0,Zero
DATAFLOW,OECD.ELS.SAE:DSD_POPULATION@DF_POP_HIST(1.0),Historical population data,I,POL,Poland,POP,Population,PS,Persons,F,Female,Y35T39,From 35 to 39 years,H,Historical,1965,,1192000,,A,Normal value,0,Units,0,Zero
DATAFLOW,OECD.ELS.SAE:DSD_POPULATION@DF_POP_HIST(1.0),Historical population data,I,POL,Poland,POP,Population,PS,Persons,F,Female,Y35T39,From 35 to 39 years,H,Historical,1966,,1193400,,A,Normal value,0,Units,0,Zero
DATAFLOW,OECD.ELS.SAE:DSD_POPULATION@DF_POP_HIST(1.0),Historical population data,I,POL,Poland,POP,Population,PS,Persons,F,Female,Y35T39,From 35 to 39 years,H,Historical,1967,,1198900,,A,Normal value,0,Units,0,Zero
DATAFLOW,OECD.ELS.SAE:DSD_POPULATION@DF_POP_HIST(1.0),Historical population data,I,POL,Poland,POP,Population,PS,Persons,F,Female,Y35T39,From 35 to 39 years,H,Historical,1968,,1188700,,A,Normal value,0,Units,0,Zero
DATAFLOW,OECD.ELS.SAE:DSD_POPULATION@DF_POP_HIST(1.0),Historical population data,I,POL,Poland,POP,Population,PS,Persons,F,Female,Y35T39,From 35 to 39 years,H,Historical,1969,,1173000,,A,Normal value,0,Units,0,Zero
DATAFLOW,OECD.ELS.SAE:DSD_POPULATION@DF_POP_HIST(1.0),Historical population data,I,POL,Poland,POP,Population,PS,Persons,F,Female,Y35T39,From 35 to 39 years,H,Historical,1970,,1129617,,A,Normal value,0,Units,0,Zero
DATAFLOW,OECD.ELS.SAE:DSD_POPULATION@DF_POP_HIST(1.0),Historical population data,I,POL,Poland,POP,Population,PS,Persons,F,Female,Y35T39,From 35 to 39 years,H,Historical,1971,,1124300,,A,Normal value,0,Units,0,Zero
DATAFLOW,OECD.ELS.SAE:DSD_POPULATION@DF_POP_HIST(1.0),Historical population data,I,POL,Poland,POP,Population,PS,Persons,F,Female,Y35T39,From 35 to 39 years,H,Historical,1972,,1109800,,A,Normal value,0,Units,0,Zero
DATAFLOW,OECD.ELS.SAE:DSD_POPULATION@DF_POP_HIST(1.0),Historical population data,I,POL,Poland,POP,Population,PS,Persons,F,Female,Y35T39,From 35 to 39 years,H,Historical,1973,,1098900,,A,Normal value,0,Units,0,Zero
DATAFLOW,OECD.ELS.SAE:DSD_POPULATION@DF_POP_HIST(1.0),Historical population data,I,POL,Poland,POP,Population,PS,Persons,F,Female,Y35T39,From 35 to 39 years,H,Historical,1974,,1090866,,A,Normal value,0,Units,0,Zero
DATAFLOW,OECD.ELS.SAE:DSD_POPULATION@DF_POP_HIST(1.0),Historical population data,I,POL,Poland,POP,Population,PS,Persons,F,Female,Y35T39,From 35 to 39 years,H,Historical,1975,,1077313,,A,Normal value,0,Units,0,Zero
DATAFLOW,OECD.ELS.SAE:DSD_POPULATION@DF_POP_HIST(1.0),Historical population data,I,POL,Poland,POP,Population,PS,Persons,F,Female,Y35T39,From 35 to 39 years,H,Historical,1976,,1052894,,A,Normal value,0,Units,0,Zero
DATAFLOW,OECD.ELS.SAE:DSD_POPULATION@DF_POP_HIST(1.0),Historical population data,I,POL,Poland,POP,Population,PS,Persons,F,Female,Y35T39,From 35 to 39 years,H,Historical,1977,,1017992,,A,Normal value,0,Units,0,Zero
DATAFLOW,OECD.ELS.SAE:DSD_POPULATION@DF_POP_HIST(1.0),Historical population data,I,POL,Poland,POP,Population,PS,Persons,F,Female,Y35T39,From 35 to 39 years,H,Historical,1978,,982994,,A,Normal value,0,Units,0,Zero
DATAFLOW,OECD.ELS.SAE:DSD_POPULATION@DF_POP_HIST(1.0),Historical population data,I,POL,Poland,POP,Population,PS,Persons,F,Female,Y35T39,From 35 to 39 years,H,Historical,1979,,954537,,A,Normal value,0,Units,0,Zero
DATAFLOW,OECD.ELS.SAE:DSD_POPULATION@DF_POP_HIST(1.0),Historical population data,I,POL,Poland,POP,Population,PS,Persons,F,Female,Y35T39,From 35 to 39 years,H,Historical,1980,,931384,,A,Normal value,0,Units,0,Zero
DATAFLOW,OECD.ELS.SAE:DSD_POPULATION@DF_POP_HIST(1.0),Historical population data,I,POL,Poland,POP,Population,PS,Persons,F,Female,Y35T39,From 35 to 39 years,H,Historical,1981,,952259,,A,Normal value,0,Units,0,Zero
DATAFLOW,OECD.ELS.SAE:DSD_POPULATION@DF_POP_HIST(1.0),Historical population data,I,POL,Poland,POP,Population,PS,Persons,F,Female,Y35T39,From 35 to 39 years,H,Historical,1982,,1027897,,A,Normal value,0,Units,0,Zero
DATAFLOW,OECD.ELS.SAE:DSD_POPULATION@DF_POP_HIST(1.0),Historical population data,I,POL,Poland,POP,Population,PS,Persons,F,Female,Y35T39,From 35 to 39 years,H,Historical,1983,,1129905,,A,Normal value,0,Units,0,Zero
DATAFLOW,OECD.ELS.SAE:DSD_POPULATION@DF_POP_HIST(1.0),Historical population data,I,POL,Poland,POP,Population,PS,Persons,F,Female,Y35T39,From 35 to 39 years,H,Historical,1984,,1241967,,A,Normal value,0,Units,0,Zero
DATAFLOW,OECD.ELS.SAE:DSD_POPULATION@DF_POP_HIST(1.0),Historical population data,I,POL,Poland,POP,Population,PS,Persons,F,Female,Y35T39,From 35 to 39 years,H,Historical,1985,,1359932,,A,Normal value,0,Units,0,Zero
DATAFLOW,OECD.ELS.SAE:DSD_POPULATION@DF_POP_HIST(1.0),Historical population data,I,POL,Poland,POP,Population,PS,Persons,F,Female,Y35T39,From 35 to 39 years,H,Historical,1986,,1456134,,A,Normal value,0,Units,0,Zero
DATAFLOW,OECD.ELS.SAE:DSD_POPULATION@DF_POP_HIST(1.0),Historical population data,I,POL,Poland,POP,Population,PS,Persons,F,Female,Y35T39,From 35 to 39 years,H,Historical,1987,,1516631,,A,Normal value,0,Units,0,Zero
DATAFLOW,OECD.ELS.SAE:DSD_POPULATION@DF_POP_HIST(1.0),Historical population data,I,POL,Poland,POP,Population,PS,Persons,F,Female,Y35T39,From 35 to 39 years,H,Historical,1988,,1558946,,A,Normal value,0,Units,0,Zero
DATAFLOW,OECD.ELS.SAE:DSD_POPULATION@DF_POP_HIST(1.0),Historical population data,I,POL,Poland,POP,Population,PS,Persons,F,Female,Y35T39,From 35 to 39 years,H,Historical,1989,,1589204,,A,Normal value,0,Units,0,Zero
DATAFLOW,OECD.ELS.SAE:DSD_POPULATION@DF_POP_HIST(1.0),Historical population data,I,POL,Poland,POP,Population,PS,Persons,F,Female,Y35T39,From 35 to 39 years,H,Historical,1990,,1537954,,A,Normal value,0,Units,0,Zero
DATAFLOW,OECD.ELS.SAE:DSD_POPULATION@DF_POP_HIST(1.0),Historical population data,I,POL,Poland,POP,Population,PS,Persons,F,Female,Y35T39,From 35 to 39 years,H,Historical,1991,,1514048,,A,Normal value,0,Units,0,Zero
DATAFLOW,OECD.ELS.SAE:DSD_POPULATION@DF_POP_HIST(1.0),Historical population data,I,POL,Poland,POP,Population,PS,Persons,F,Female,Y35T39,From 35 to 39 years,H,Historical,1992,,1489681,,A,Normal value,0,Units,0,Zero
DATAFLOW,OECD.ELS.SAE:DSD_POPULATION@DF_POP_HIST(1.0),Historical population data,I,POL,Poland,POP,Population,PS,Persons,F,Female,Y35T39,From 35 to 39 years,H,Historical,1993,,1462241,,A,Normal value,0,Units,0,Zero
DATAFLOW,OECD.ELS.SAE:DSD_POPULATION@DF_POP_HIST(1.0),Historical population data,I,POL,Poland,POP,Population,PS,Persons,F,Female,Y35T39,From 35 to 39 years,H,Historical,1994,,1435324,,A,Normal value,0,Units,0,Zero
DATAFLOW,OECD.ELS.SAE:DSD_POPULATION@DF_POP_HIST(1.0),Historical population data,I,POL,Poland,POP,Population,PS,Persons,F,Female,Y35T39,From 35 to 39 years,H,Historical,1995,,1410110,,A,Normal value,0,Units,0,Zero
DATAFLOW,OECD.ELS.SAE:DSD_POPULATION@DF_POP_HIST(1.0),Historical population data,I,POL,Poland,POP,Population,PS,Persons,F,Female,Y35T39,From 35 to 39 years,H,Historical,1996,,1383000,,A,Normal value,0,Units,0,Zero
DATAFLOW,OECD.ELS.SAE:DSD_POPULATION@DF_POP_HIST(1.0),Historical population data,I,POL,Poland,POP,Population,PS,Persons,F,Female,Y35T39,From 35 to 39 years,H,Historical,1997,,1355843,,A,Normal value,0,Units,0,Zero
DATAFLOW,OECD.ELS.SAE:DSD_POPULATION@DF_POP_HIST(1.0),Historical population data,I,POL,Poland,POP,Population,PS,Persons,F,Female,Y35T39,From 35 to 39 years,H,Historical,1998,,1329301,,A,Normal value,0,Units,0,Zero
DATAFLOW,OECD.ELS.SAE:DSD_POPULATION@DF_POP_HIST(1.0),Historical population data,I,POL,Poland,POP,Population,PS,Persons,F,Female,Y35T39,From 35 to 39 years,H,Historical,1999,,1310524,,A,Normal value,0,Units,0,Zero
DATAFLOW,OECD.ELS.SAE:DSD_POPULATION@DF_POP_HIST(1.0),Historical population data,I,POL,Poland,POP,Population,PS,Persons,F,Female,Y35T39,From 35 to 39 years,H,Historical,2000,,1280147,,A,Normal value,0,Units,0,Zero
DATAFLOW,OECD.ELS.SAE:DSD_POPULATION@DF_POP_HIST(1.0),Historical population data,I,POL,Poland,POP,Population,PS,Persons,F,Female,Y35T39,From 35 to 39 years,H,Historical,2001,,1238196,,A,Normal value,0,Units,0,Zero
DATAFLOW,OECD.ELS.SAE:DSD_POPULATION@DF_POP_HIST(1.0),Historical population data,I,POL,Poland,POP,Population,PS,Persons,F,Female,Y35T39,From 35 to 39 years,H,Historical,2002,,1207220,,A,Normal value,0,Units,0,Zero
DATAFLOW,OECD.ELS.SAE:DSD_POPULATION@DF_POP_HIST(1.0),Historical population data,I,POL,Poland,POP,Population,PS,Persons,F,Female,Y35T39,From 35 to 39 years,H,Historical,2003,,1187739,,A,Normal value,0,Units,0,Zero
DATAFLOW,OECD.ELS.SAE:DSD_POPULATION@DF_POP_HIST(1.0),Historical population data,I,POL,Poland,POP,Population,PS,Persons,F,Female,Y35T39,From 35 to 39 years,H,Historical,2004,,1174368,,A,Normal value,0,Units,0,Zero
DATAFLOW,OECD.ELS.SAE:DSD_POPULATION@DF_POP_HIST(1.0),Historical population data,I,POL,Poland,POP,Population,PS,Persons,F,Female,Y35T39,From 35 to 39 years,H,Historical,2005,,1173757,,A,Normal value,0,Units,0,Zero
DATAFLOW,OECD.ELS.SAE:DSD_POPULATION@DF_POP_HIST(1.0),Historical population data,I,POL,Poland,POP,Population,PS,Persons,F,Female,Y35T39,From 35 to 39 years,H,Historical,2006,,1186350,,A,Normal value,0,Units,0,Zero
DATAFLOW,OECD.ELS.SAE:DSD_POPULATION@DF_POP_HIST(1.0),Historical population data,I,POL,Poland,POP,Population,PS,Persons,F,Female,Y35T39,From 35 to 39 years,H,Historical,2007,,1210438,,A,Normal value,0,Units,0,Zero
DATAFLOW,OECD.ELS.SAE:DSD_POPULATION@DF_POP_HIST(1.0),Historical population data,I,POL,Poland,POP,Population,PS,Persons,F,Female,Y35T39,From 35 to 39 years,H,Historical,2008,,1243494,,A,Normal value,0,Units,0,Zero
DATAFLOW,OECD.ELS.SAE:DSD_POPULATION@DF_POP_HIST(1.0),Historical population data,I,POL,Poland,POP,Population,PS,Persons,F,Female,Y35T39,From 35 to 39 years,H,Historical,2009,,1283271,,A,Normal value,0,Units,0,Zero
DATAFLOW,OECD.ELS.SAE:DSD_POPULATION@DF_POP_HIST(1.0),Historical population data,I,POL,Poland,POP,Population,PS,Persons,F,Female,Y35T39,From 35 to 39 years,H,Historical,2010,,1340021,,A,Normal value,0,Units,0,Zero
DATAFLOW,OECD.ELS.SAE:DSD_POPULATION@DF_POP_HIST(1.0),Historical population data,I,POL,Poland,POP,Population,PS,Persons,F,Female,Y35T39,From 35 to 39 years,H,Historical,2011,,1388651,,A,Normal value,0,Units,0,Zero
DATAFLOW,OECD.ELS.SAE:DSD_POPULATION@DF_POP_HIST(1.0),Historical population data,I,POL,Poland,POP,Population,PS,Persons,F,Female,Y35T39,From 35 to 39 years,H,Historical,2012,,1432822,,A,Normal value,0,Units,0,Zero
DATAFLOW,OECD.ELS.SAE:DSD_POPULATION@DF_POP_HIST(1.0),Historical population data,I,POL,Poland,POP,Population,PS,Persons,F,Female,Y35T39,From 35 to 39 years,H,Historical,2013,,1467382,,A,Normal value,0,Units,0,Zero
DATAFLOW,OECD.ELS.SAE:DSD_POPULATION@DF_POP_HIST(1.0),Historical population data,I,POL,Poland,POP,Population,PS,Persons,F,Female,Y35T39,From 35 to 39 years,H,Historical,2014,,1496998,,A,Normal value,0,Units,0,Zero
DATAFLOW,OECD.ELS.SAE:DSD_POPULATION@DF_POP_HIST(1.0),Historical population data,I,POL,Poland,POP,Population,PS,Persons,F,Female,Y35T39,From 35 to 39 years,H,Historical,2015,,1522202,,A,Normal value,0,Units,0,Zero
DATAFLOW,OECD.ELS.SAE:DSD_POPULATION@DF_POP_HIST(1.0),Historical population data,I,POL,Poland,POP,Population,PS,Persons,F,Female,Y35T39,From 35 to 39 years,H,Historical,2016,,1534838,,A,Normal value,0,Units,0,Zero
DATAFLOW,OECD.ELS.SAE:DSD_POPULATION@DF_POP_HIST(1.0),Historical population data,I,POL,Poland,POP,Population,PS,Persons,F,Female,Y35T39,From 35 to 39 years,H,Historical,2017,,1547565,,A,Normal value,0,Units,0,Zero
DATAFLOW,OECD.ELS.SAE:DSD_POPULATION@DF_POP_HIST(1.0),Historical population data,I,POL,Poland,POP,Population,PS,Persons,F,Female,Y35T39,From 35 to 39 years,H,Historical,2018,,1572049,,A,Normal value,0,Units,0,Zero
DATAFLOW,OECD.ELS.SAE:DSD_POPULATION@DF_POP_HIST(1.0),Historical population data,I,POL,Poland,POP,Population,PS,Persons,F,Female,Y35T39,From 35 to 39 years,H,Historical,2019,,1591643,,A,Normal value,0,Units,0,Zero
DATAFLOW,OECD.ELS.SAE:DSD_POPULATION@DF_POP_HIST(1.0),Historical population data,I,POL,Poland,POP,Population,PS,Persons,F,Female,Y35T39,From 35 to 39 years,H,Historical,2022,,1552583,,A,Normal value,0,Units,0,Zero
DATAFLOW,OECD.ELS.SAE:DSD_POPULATION@DF_POP_HIST(1.0),Historical population data,I,POL,Poland,POP,Population,PS,Persons,F,Female,Y30T34,From 30 to 34 years,H,Historical,1960,,1187708,,A,Normal value,0,Units,0,Zero
DATAFLOW,OECD.ELS.SAE:DSD_POPULATION@DF_POP_HIST(1.0),Historical population data,I,POL,Poland,POP,Population,PS,Persons,F,Female,Y30T34,From 30 to 34 years,H,Historical,1961,,1195800,,A,Normal value,0,Units,0,Zero
DATAFLOW,OECD.ELS.SAE:DSD_POPULATION@DF_POP_HIST(1.0),Historical population data,I,POL,Poland,POP,Population,PS,Persons,F,Female,Y30T34,From 30 to 34 years,H,Historical,1962,,1203000,,A,Normal value,0,Units,0,Zero
DATAFLOW,OECD.ELS.SAE:DSD_POPULATION@DF_POP_HIST(1.0),Historical population data,I,POL,Poland,POP,Population,PS,Persons,F,Female,Y30T34,From 30 to 34 years,H,Historical,1963,,1194000,,A,Normal value,0,Units,0,Zero
DATAFLOW,OECD.ELS.SAE:DSD_POPULATION@DF_POP_HIST(1.0),Historical population data,I,POL,Poland,POP,Population,PS,Persons,F,Female,Y30T34,From 30 to 34 years,H,Historical,1964,,1182500,,A,Normal value,0,Units,0,Zero
DATAFLOW,OECD.ELS.SAE:DSD_POPULATION@DF_POP_HIST(1.0),Historical population data,I,POL,Poland,POP,Population,PS,Persons,F,Female,Y30T34,From 30 to 34 years,H,Historical,1965,,1169600,,A,Normal value,0,Units,0,Zero
DATAFLOW,OECD.ELS.SAE:DSD_POPULATION@DF_POP_HIST(1.0),Historical population data,I,POL,Poland,POP,Population,PS,Persons,F,Female,Y30T34,From 30 to 34 years,H,Historical,1966,,1146300,,A,Normal value,0,Units,0,Zero
DATAFLOW,OECD.ELS.SAE:DSD_POPULATION@DF_POP_HIST(1.0),Historical population data,I,POL,Poland,POP,Population,PS,Persons,F,Female,Y30T34,From 30 to 34 years,H,Historical,1967,,1129700,,A,Normal value,0,Units,0,Zero
DATAFLOW,OECD.ELS.SAE:DSD_POPULATION@DF_POP_HIST(1.0),Historical population data,I,POL,Poland,POP,Population,PS,Persons,F,Female,Y30T34,From 30 to 34 years,H,Historical,1968,,1130400,,A,Normal value,0,Units,0,Zero
DATAFLOW,OECD.ELS.SAE:DSD_POPULATION@DF_POP_HIST(1.0),Historical population data,I,POL,Poland,POP,Population,PS,Persons,F,Female,Y30T34,From 30 to 34 years,H,Historical,1969,,1124100,,A,Normal value,0,Units,0,Zero
DATAFLOW,OECD.ELS.SAE:DSD_POPULATION@DF_POP_HIST(1.0),Historical population data,I,POL,Poland,POP,Population,PS,Persons,F,Female,Y30T34,From 30 to 34 years,H,Historical,1970,,1079138,,A,Normal value,0,Units,0,Zero
DATAFLOW,OECD.ELS.SAE:DSD_POPULATION@DF_POP_HIST(1.0),Historical population data,I,POL,Poland,POP,Population,PS,Persons,F,Female,Y30T34,From 30 to 34 years,H,Historical,1971,,1065600,,A,Normal value,0,Units,0,Zero
DATAFLOW,OECD.ELS.SAE:DSD_POPULATION@DF_POP_HIST(1.0),Historical population data,I,POL,Poland,POP,Population,PS,Persons,F,Female,Y30T34,From 30 to 34 years,H,Historical,1972,,1027800,,A,Normal value,0,Units,0,Zero
DATAFLOW,OECD.ELS.SAE:DSD_POPULATION@DF_POP_HIST(1.0),Historical population data,I,POL,Poland,POP,Population,PS,Persons,F,Female,Y30T34,From 30 to 34 years,H,Historical,1973,,993500,,A,Normal value,0,Units,0,Zero
DATAFLOW,OECD.ELS.SAE:DSD_POPULATION@DF_POP_HIST(1.0),Historical population data,I,POL,Poland,POP,Population,PS,Persons,F,Female,Y30T34,From 30 to 34 years,H,Historical,1974,,965200,,A,Normal value,0,Units,0,Zero
DATAFLOW,OECD.ELS.SAE:DSD_POPULATION@DF_POP_HIST(1.0),Historical population data,I,POL,Poland,POP,Population,PS,Persons,F,Female,Y30T34,From 30 to 34 years,H,Historical,1975,,942808,,A,Normal value,0,Units,0,Zero
DATAFLOW,OECD.ELS.SAE:DSD_POPULATION@DF_POP_HIST(1.0),Historical population data,I,POL,Poland,POP,Population,PS,Persons,F,Female,Y30T34,From 30 to 34 years,H,Historical,1976,,962233,,A,Normal value,0,Units,0,Zero
DATAFLOW,OECD.ELS.SAE:DSD_POPULATION@DF_POP_HIST(1.0),Historical population data,I,POL,Poland,POP,Population,PS,Persons,F,Female,Y30T34,From 30 to 34 years,H,Historical,1977,,1039140,,A,Normal value,0,Units,0,Zero
DATAFLOW,OECD.ELS.SAE:DSD_POPULATION@DF_POP_HIST(1.0),Historical population data,I,POL,Poland,POP,Population,PS,Persons,F,Female,Y30T34,From 30 to 34 years,H,Historical,1978,,1142903,,A,Normal value,0,Units,0,Zero
DATAFLOW,OECD.ELS.SAE:DSD_POPULATION@DF_POP_HIST(1.0),Historical population data,I,POL,Poland,POP,Population,PS,Persons,F,Female,Y30T34,From 30 to 34 years,H,Historical,1979,,1253551,,A,Normal value,0,Units,0,Zero
DATAFLOW,OECD.ELS.SAE:DSD_POPULATION@DF_POP_HIST(1.0),Historical population data,I,POL,Poland,POP,Population,PS,Persons,F,Female,Y30T34,From 30 to 34 years,H,Historical,1980,,1372676,,A,Normal value,0,Units,0,Zero
DATAFLOW,OECD.ELS.SAE:DSD_POPULATION@DF_POP_HIST(1.0),Historical population data,I,POL,Poland,POP,Population,PS,Persons,F,Female,Y30T34,From 30 to 34 years,H,Historical,1981,,1470807,,A,Normal value,0,Units,0,Zero
DATAFLOW,OECD.ELS.SAE:DSD_POPULATION@DF_POP_HIST(1.0),Historical population data,I,POL,Poland,POP,Population,PS,Persons,F,Female,Y30T34,From 30 to 34 years,H,Historical,1982,,1532759,,A,Normal value,0,Units,0,Zero
DATAFLOW,OECD.ELS.SAE:DSD_POPULATION@DF_POP_HIST(1.0),Historical population data,I,POL,Poland,POP,Population,PS,Persons,F,Female,Y30T34,From 30 to 34 years,H,Historical,1983,,1576363,,A,Normal value,0,Units,0,Zero
DATAFLOW,OECD.ELS.SAE:DSD_POPULATION@DF_POP_HIST(1.0),Historical population data,I,POL,Poland,POP,Population,PS,Persons,F,Female,Y30T34,From 30 to 34 years,H,Historical,1984,,1608925,,A,Normal value,0,Units,0,Zero
DATAFLOW,OECD.ELS.SAE:DSD_POPULATION@DF_POP_HIST(1.0),Historical population data,I,POL,Poland,POP,Population,PS,Persons,F,Female,Y30T34,From 30 to 34 years,H,Historical,1985,,1636468,,A,Normal value,0,Units,0,Zero
DATAFLOW,OECD.ELS.SAE:DSD_POPULATION@DF_POP_HIST(1.0),Historical population data,I,POL,Poland,POP,Population,PS,Persons,F,Female,Y30T34,From 30 to 34 years,H,Historical,1986,,1652225,,A,Normal value,0,Units,0,Zero
DATAFLOW,OECD.ELS.SAE:DSD_POPULATION@DF_POP_HIST(1.0),Historical population data,I,POL,Poland,POP,Population,PS,Persons,F,Female,Y30T34,From 30 to 34 years,H,Historical,1987,,1656722,,A,Normal value,0,Units,0,Zero
DATAFLOW,OECD.ELS.SAE:DSD_POPULATION@DF_POP_HIST(1.0),Historical population data,I,POL,Poland,POP,Population,PS,Persons,F,Female,Y30T34,From 30 to 34 years,H,Historical,1988,,1652756,,A,Normal value,0,Units,0,Zero
DATAFLOW,OECD.ELS.SAE:DSD_POPULATION@DF_POP_HIST(1.0),Historical population data,I,POL,Poland,POP,Population,PS,Persons,F,Female,Y30T34,From 30 to 34 years,H,Historical,1989,,1647093,,A,Normal value,0,Units,0,Zero
DATAFLOW,OECD.ELS.SAE:DSD_POPULATION@DF_POP_HIST(1.0),Historical population data,I,POL,Poland,POP,Population,PS,Persons,F,Female,Y30T34,From 30 to 34 years,H,Historical,1990,,1602720,,A,Normal value,0,Units,0,Zero
DATAFLOW,OECD.ELS.SAE:DSD_POPULATION@DF_POP_HIST(1.0),Historical population data,I,POL,Poland,POP,Population,PS,Persons,F,Female,Y30T34,From 30 to 34 years,H,Historical,1991,,1567192,,A,Normal value,0,Units,0,Zero
DATAFLOW,OECD.ELS.SAE:DSD_POPULATION@DF_POP_HIST(1.0),Historical population data,I,POL,Poland,POP,Population,PS,Persons,F,Female,Y30T34,From 30 to 34 years,H,Historical,1992,,1529937,,A,Normal value,0,Units,0,Zero
DATAFLOW,OECD.ELS.SAE:DSD_POPULATION@DF_POP_HIST(1.0),Historical population data,I,POL,Poland,POP,Population,PS,Persons,F,Female,Y30T34,From 30 to 34 years,H,Historical,1993,,1490257,,A,Normal value,0,Units,0,Zero
DATAFLOW,OECD.ELS.SAE:DSD_POPULATION@DF_POP_HIST(1.0),Historical population data,I,POL,Poland,POP,Population,PS,Persons,F,Female,Y30T34,From 30 to 34 years,H,Historical,1994,,1450063,,A,Normal value,0,Units,0,Zero
DATAFLOW,OECD.ELS.SAE:DSD_POPULATION@DF_POP_HIST(1.0),Historical population data,I,POL,Poland,POP,Population,PS,Persons,F,Female,Y30T34,From 30 to 34 years,H,Historical,1995,,1411452,,A,Normal value,0,Units,0,Zero
DATAFLOW,OECD.ELS.SAE:DSD_POPULATION@DF_POP_HIST(1.0),Historical population data,I,POL,Poland,POP,Population,PS,Persons,F,Female,Y30T34,From 30 to 34 years,H,Historical,1996,,1371792,,A,Normal value,0,Units,0,Zero
DATAFLOW,OECD.ELS.SAE:DSD_POPULATION@DF_POP_HIST(1.0),Historical population data,I,POL,Poland,POP,Population,PS,Persons,F,Female,Y30T34,From 30 to 34 years,H,Historical,1997,,1329919,,A,Normal value,0,Units,0,Zero
DATAFLOW,OECD.ELS.SAE:DSD_POPULATION@DF_POP_HIST(1.0),Historical population data,I,POL,Poland,POP,Population,PS,Persons,F,Female,Y30T34,From 30 to 34 years,H,Historical,1998,,1288005,,A,Normal value,0,Units,0,Zero
DATAFLOW,OECD.ELS.SAE:DSD_POPULATION@DF_POP_HIST(1.0),Historical population data,I,POL,Poland,POP,Population,PS,Persons,F,Female,Y30T34,From 30 to 34 years,H,Historical,1999,,1221205,,A,Normal value,0,Units,0,Zero
DATAFLOW,OECD.ELS.SAE:DSD_POPULATION@DF_POP_HIST(1.0),Historical population data,I,POL,Poland,POP,Population,PS,Persons,F,Female,Y30T34,From 30 to 34 years,H,Historical,2000,,1179894,,A,Normal value,0,Units,0,Zero
DATAFLOW,OECD.ELS.SAE:DSD_POPULATION@DF_POP_HIST(1.0),Historical population data,I,POL,Poland,POP,Population,PS,Persons,F,Female,Y30T34,From 30 to 34 years,H,Historical,2001,,1193642,,A,Normal value,0,Units,0,Zero
DATAFLOW,OECD.ELS.SAE:DSD_POPULATION@DF_POP_HIST(1.0),Historical population data,I,POL,Poland,POP,Population,PS,Persons,F,Female,Y30T34,From 30 to 34 years,H,Historical,2002,,1216377,,A,Normal value,0,Units,0,Zero
DATAFLOW,OECD.ELS.SAE:DSD_POPULATION@DF_POP_HIST(1.0),Historical population data,I,POL,Poland,POP,Population,PS,Persons,F,Female,Y30T34,From 30 to 34 years,H,Historical,2003,,1251448,,A,Normal value,0,Units,0,Zero
DATAFLOW,OECD.ELS.SAE:DSD_POPULATION@DF_POP_HIST(1.0),Historical population data,I,POL,Poland,POP,Population,PS,Persons,F,Female,Y30T34,From 30 to 34 years,H,Historical,2004,,1292090,,A,Normal value,0,Units,0,Zero
DATAFLOW,OECD.ELS.SAE:DSD_POPULATION@DF_POP_HIST(1.0),Historical population data,I,POL,Poland,POP,Population,PS,Persons,F,Female,Y30T34,From 30 to 34 years,H,Historical,2005,,1336980,,A,Normal value,0,Units,0,Zero
DATAFLOW,OECD.ELS.SAE:DSD_POPULATION@DF_POP_HIST(1.0),Historical population data,I,POL,Poland,POP,Population,PS,Persons,F,Female,Y30T34,From 30 to 34 years,H,Historical,2006,,1382953,,A,Normal value,0,Units,0,Zero
DATAFLOW,OECD.ELS.SAE:DSD_POPULATION@DF_POP_HIST(1.0),Historical population data,I,POL,Poland,POP,Population,PS,Persons,F,Female,Y30T34,From 30 to 34 years,H,Historical,2007,,1423548,,A,Normal value,0,Units,0,Zero
DATAFLOW,OECD.ELS.SAE:DSD_POPULATION@DF_POP_HIST(1.0),Historical population data,I,POL,Poland,POP,Population,PS,Persons,F,Female,Y30T34,From 30 to 34 years,H,Historical,2008,,1455584,,A,Normal value,0,Units,0,Zero
DATAFLOW,OECD.ELS.SAE:DSD_POPULATION@DF_POP_HIST(1.0),Historical population data,I,POL,Poland,POP,Population,PS,Persons,F,Female,Y30T34,From 30 to 34 years,H,Historical,2009,,1484587,,A,Normal value,0,Units,0,Zero
DATAFLOW,OECD.ELS.SAE:DSD_POPULATION@DF_POP_HIST(1.0),Historical population data,I,POL,Poland,POP,Population,PS,Persons,F,Female,Y30T34,From 30 to 34 years,H,Historical,2010,,1532569,,A,Normal value,0,Units,0,Zero
DATAFLOW,OECD.ELS.SAE:DSD_POPULATION@DF_POP_HIST(1.0),Historical population data,I,POL,Poland,POP,Population,PS,Persons,F,Female,Y30T34,From 30 to 34 years,H,Historical,2011,,1546135,,A,Normal value,0,Units,0,Zero
DATAFLOW,OECD.ELS.SAE:DSD_POPULATION@DF_POP_HIST(1.0),Historical population data,I,POL,Poland,POP,Population,PS,Persons,F,Female,Y30T34,From 30 to 34 years,H,Historical,2012,,1558622,,A,Normal value,0,Units,0,Zero
DATAFLOW,OECD.ELS.SAE:DSD_POPULATION@DF_POP_HIST(1.0),Historical population data,I,POL,Poland,POP,Population,PS,Persons,F,Female,Y30T34,From 30 to 34 years,H,Historical,2013,,1581796,,A,Normal value,0,Units,0,Zero
DATAFLOW,OECD.ELS.SAE:DSD_POPULATION@DF_POP_HIST(1.0),Historical population data,I,POL,Poland,POP,Population,PS,Persons,F,Female,Y30T34,From 30 to 34 years,H,Historical,2014,,1599937,,A,Normal value,0,Units,0,Zero
DATAFLOW,OECD.ELS.SAE:DSD_POPULATION@DF_POP_HIST(1.0),Historical population data,I,POL,Poland,POP,Population,PS,Persons,F,Female,Y30T34,From 30 to 34 years,H,Historical,2015,,1602930,,A,Normal value,0,Units,0,Zero
DATAFLOW,OECD.ELS.SAE:DSD_POPULATION@DF_POP_HIST(1.0),Historical population data,I,POL,Poland,POP,Population,PS,Persons,F,Female,Y30T34,From 30 to 34 years,H,Historical,2016,,1593325,,A,Normal value,0,Units,0,Zero
DATAFLOW,OECD.ELS.SAE:DSD_POPULATION@DF_POP_HIST(1.0),Historical population data,I,POL,Poland,POP,Population,PS,Persons,F,Female,Y30T34,From 30 to 34 years,H,Historical,2017,,1566263,,A,Normal value,0,Units,0,Zero
DATAFLOW,OECD.ELS.SAE:DSD_POPULATION@DF_POP_HIST(1.0),Historical population data,I,POL,Poland,POP,Population,PS,Persons,F,Female,Y30T34,From 30 to 34 years,H,Historical,2018,,1518295,,A,Normal value,0,Units,0,Zero
DATAFLOW,OECD.ELS.SAE:DSD_POPULATION@DF_POP_HIST(1.0),Historical population data,I,POL,Poland,POP,Population,PS,Persons,F,Female,Y30T34,From 30 to 34 years,H,Historical,2019,,1463269,,A,Normal value,0,Units,0,Zero
DATAFLOW,OECD.ELS.SAE:DSD_POPULATION@DF_POP_HIST(1.0),Historical population data,I,POL,Poland,POP,Population,PS,Persons,F,Female,Y30T34,From 30 to 34 years,H,Historical,2022,,1325839,,A,Normal value,0,Units,0,Zero
DATAFLOW,OECD.ELS.SAE:DSD_POPULATION@DF_POP_HIST(1.0),Historical population data,I,POL,Poland,POP,Population,PS,Persons,F,Female,Y5T9,From 5 to 9 years,H,Historical,1960,,1722033,,A,Normal value,0,Units,0,Zero
DATAFLOW,OECD.ELS.SAE:DSD_POPULATION@DF_POP_HIST(1.0),Historical population data,I,POL,Poland,POP,Population,PS,Persons,F,Female,Y5T9,From 5 to 9 years,H,Historical,1961,,1721400,,A,Normal value,0,Units,0,Zero
DATAFLOW,OECD.ELS.SAE:DSD_POPULATION@DF_POP_HIST(1.0),Historical population data,I,POL,Poland,POP,Population,PS,Persons,F,Female,Y5T9,From 5 to 9 years,H,Historical,1962,,1731400,,A,Normal value,0,Units,0,Zero
DATAFLOW,OECD.ELS.SAE:DSD_POPULATION@DF_POP_HIST(1.0),Historical population data,I,POL,Poland,POP,Population,PS,Persons,F,Female,Y5T9,From 5 to 9 years,H,Historical,1963,,1743000,,A,Normal value,0,Units,0,Zero
DATAFLOW,OECD.ELS.SAE:DSD_POPULATION@DF_POP_HIST(1.0),Historical population data,I,POL,Poland,POP,Population,PS,Persons,F,Female,Y5T9,From 5 to 9 years,H,Historical,1964,,1734600,,A,Normal value,0,Units,0,Zero
DATAFLOW,OECD.ELS.SAE:DSD_POPULATION@DF_POP_HIST(1.0),Historical population data,I,POL,Poland,POP,Population,PS,Persons,F,Female,Y5T9,From 5 to 9 years,H,Historical,1965,,1689000,,A,Normal value,0,Units,0,Zero
DATAFLOW,OECD.ELS.SAE:DSD_POPULATION@DF_POP_HIST(1.0),Historical population data,I,POL,Poland,POP,Population,PS,Persons,F,Female,Y5T9,From 5 to 9 years,H,Historical,1966,,1623100,,A,Normal value,0,Units,0,Zero
DATAFLOW,OECD.ELS.SAE:DSD_POPULATION@DF_POP_HIST(1.0),Historical population data,I,POL,Poland,POP,Population,PS,Persons,F,Female,Y5T9,From 5 to 9 years,H,Historical,1967,,1551000,,A,Normal value,0,Units,0,Zero
DATAFLOW,OECD.ELS.SAE:DSD_POPULATION@DF_POP_HIST(1.0),Historical population data,I,POL,Poland,POP,Population,PS,Persons,F,Female,Y5T9,From 5 to 9 years,H,Historical,1968,,1487900,,A,Normal value,0,Units,0,Zero
DATAFLOW,OECD.ELS.SAE:DSD_POPULATION@DF_POP_HIST(1.0),Historical population data,I,POL,Poland,POP,Population,PS,Persons,F,Female,Y5T9,From 5 to 9 years,H,Historical,1969,,1417800,,A,Normal value,0,Units,0,Zero
DATAFLOW,OECD.ELS.SAE:DSD_POPULATION@DF_POP_HIST(1.0),Historical population data,I,POL,Poland,POP,Population,PS,Persons,F,Female,Y5T9,From 5 to 9 years,H,Historical,1970,,1334190,,A,Normal value,0,Units,0,Zero
DATAFLOW,OECD.ELS.SAE:DSD_POPULATION@DF_POP_HIST(1.0),Historical population data,I,POL,Poland,POP,Population,PS,Persons,F,Female,Y5T9,From 5 to 9 years,H,Historical,1971,,1316500,,A,Normal value,0,Units,0,Zero
DATAFLOW,OECD.ELS.SAE:DSD_POPULATION@DF_POP_HIST(1.0),Historical population data,I,POL,Poland,POP,Population,PS,Persons,F,Female,Y5T9,From 5 to 9 years,H,Historical,1972,,1284300,,A,Normal value,0,Units,0,Zero
DATAFLOW,OECD.ELS.SAE:DSD_POPULATION@DF_POP_HIST(1.0),Historical population data,I,POL,Poland,POP,Population,PS,Persons,F,Female,Y5T9,From 5 to 9 years,H,Historical,1973,,1261200,,A,Normal value,0,Units,0,Zero
DATAFLOW,OECD.ELS.SAE:DSD_POPULATION@DF_POP_HIST(1.0),Historical population data,I,POL,Poland,POP,Population,PS,Persons,F,Female,Y5T9,From 5 to 9 years,H,Historical,1974,,1243561,,A,Normal value,0,Units,0,Zero
DATAFLOW,OECD.ELS.SAE:DSD_POPULATION@DF_POP_HIST(1.0),Historical population data,I,POL,Poland,POP,Population,PS,Persons,F,Female,Y5T9,From 5 to 9 years,H,Historical,1975,,1239520,,A,Normal value,0,Units,0,Zero
DATAFLOW,OECD.ELS.SAE:DSD_POPULATION@DF_POP_HIST(1.0),Historical population data,I,POL,Poland,POP,Population,PS,Persons,F,Female,Y5T9,From 5 to 9 years,H,Historical,1976,,1252417,,A,Normal value,0,Units,0,Zero
DATAFLOW,OECD.ELS.SAE:DSD_POPULATION@DF_POP_HIST(1.0),Historical population data,I,POL,Poland,POP,Population,PS,Persons,F,Female,Y5T9,From 5 to 9 years,H,Historical,1977,,1274301,,A,Normal value,0,Units,0,Zero
DATAFLOW,OECD.ELS.SAE:DSD_POPULATION@DF_POP_HIST(1.0),Historical population data,I,POL,Poland,POP,Population,PS,Persons,F,Female,Y5T9,From 5 to 9 years,H,Historical,1978,,1303907,,A,Normal value,0,Units,0,Zero
DATAFLOW,OECD.ELS.SAE:DSD_POPULATION@DF_POP_HIST(1.0),Historical population data,I,POL,Poland,POP,Population,PS,Persons,F,Female,Y5T9,From 5 to 9 years,H,Historical,1979,,1349966,,A,Normal value,0,Units,0,Zero
DATAFLOW,OECD.ELS.SAE:DSD_POPULATION@DF_POP_HIST(1.0),Historical population data,I,POL,Poland,POP,Population,PS,Persons,F,Female,Y5T9,From 5 to 9 years,H,Historical,1980,,1399424,,A,Normal value,0,Units,0,Zero
DATAFLOW,OECD.ELS.SAE:DSD_POPULATION@DF_POP_HIST(1.0),Historical population data,I,POL,Poland,POP,Population,PS,Persons,F,Female,Y5T9,From 5 to 9 years,H,Historical,1981,,1451936,,A,Normal value,0,Units,0,Zero
DATAFLOW,OECD.ELS.SAE:DSD_POPULATION@DF_POP_HIST(1.0),Historical population data,I,POL,Poland,POP,Population,PS,Persons,F,Female,Y5T9,From 5 to 9 years,H,Historical,1982,,1491207,,A,Normal value,0,Units,0,Zero
DATAFLOW,OECD.ELS.SAE:DSD_POPULATION@DF_POP_HIST(1.0),Historical population data,I,POL,Poland,POP,Population,PS,Persons,F,Female,Y5T9,From 5 to 9 years,H,Historical,1983,,1518692,,A,Normal value,0,Units,0,Zero
DATAFLOW,OECD.ELS.SAE:DSD_POPULATION@DF_POP_HIST(1.0),Historical population data,I,POL,Poland,POP,Population,PS,Persons,F,Female,Y5T9,From 5 to 9 years,H,Historical,1984,,1548708,,A,Normal value,0,Units,0,Zero
DATAFLOW,OECD.ELS.SAE:DSD_POPULATION@DF_POP_HIST(1.0),Historical population data,I,POL,Poland,POP,Population,PS,Persons,F,Female,Y5T9,From 5 to 9 years,H,Historical,1985,,1575070,,A,Normal value,0,Units,0,Zero
DATAFLOW,OECD.ELS.SAE:DSD_POPULATION@DF_POP_HIST(1.0),Historical population data,I,POL,Poland,POP,Population,PS,Persons,F,Female,Y5T9,From 5 to 9 years,H,Historical,1986,,1589326,,A,Normal value,0,Units,0,Zero
DATAFLOW,OECD.ELS.SAE:DSD_POPULATION@DF_POP_HIST(1.0),Historical population data,I,POL,Poland,POP,Population,PS,Persons,F,Female,Y5T9,From 5 to 9 years,H,Historical,1987,,1607810,,A,Normal value,0,Units,0,Zero
DATAFLOW,OECD.ELS.SAE:DSD_POPULATION@DF_POP_HIST(1.0),Historical population data,I,POL,Poland,POP,Population,PS,Persons,F,Female,Y5T9,From 5 to 9 years,H,Historical,1988,,1637028,,A,Normal value,0,Units,0,Zero
DATAFLOW,OECD.ELS.SAE:DSD_POPULATION@DF_POP_HIST(1.0),Historical population data,I,POL,Poland,POP,Population,PS,Persons,F,Female,Y5T9,From 5 to 9 years,H,Historical,1989,,1655307,,A,Normal value,0,Units,0,Zero
DATAFLOW,OECD.ELS.SAE:DSD_POPULATION@DF_POP_HIST(1.0),Historical population data,I,POL,Poland,POP,Population,PS,Persons,F,Female,Y5T9,From 5 to 9 years,H,Historical,1990,,1599356,,A,Normal value,0,Units,0,Zero
DATAFLOW,OECD.ELS.SAE:DSD_POPULATION@DF_POP_HIST(1.0),Historical population data,I,POL,Poland,POP,Population,PS,Persons,F,Female,Y5T9,From 5 to 9 years,H,Historical,1991,,1562293,,A,Normal value,0,Units,0,Zero
DATAFLOW,OECD.ELS.SAE:DSD_POPULATION@DF_POP_HIST(1.0),Historical population data,I,POL,Poland,POP,Population,PS,Persons,F,Female,Y5T9,From 5 to 9 years,H,Historical,1992,,1523919,,A,Normal value,0,Units,0,Zero
DATAFLOW,OECD.ELS.SAE:DSD_POPULATION@DF_POP_HIST(1.0),Historical population data,I,POL,Poland,POP,Population,PS,Persons,F,Female,Y5T9,From 5 to 9 years,H,Historical,1993,,1478965,,A,Normal value,0,Units,0,Zero
DATAFLOW,OECD.ELS.SAE:DSD_POPULATION@DF_POP_HIST(1.0),Historical population data,I,POL,Poland,POP,Population,PS,Persons,F,Female,Y5T9,From 5 to 9 years,H,Historical,1994,,1433037,,A,Normal value,0,Units,0,Zero
DATAFLOW,OECD.ELS.SAE:DSD_POPULATION@DF_POP_HIST(1.0),Historical population data,I,POL,Poland,POP,Population,PS,Persons,F,Female,Y5T9,From 5 to 9 years,H,Historical,1995,,1396328,,A,Normal value,0,Units,0,Zero
DATAFLOW,OECD.ELS.SAE:DSD_POPULATION@DF_POP_HIST(1.0),Historical population data,I,POL,Poland,POP,Population,PS,Persons,F,Female,Y5T9,From 5 to 9 years,H,Historical,1996,,1366900,,A,Normal value,0,Units,0,Zero
DATAFLOW,OECD.ELS.SAE:DSD_POPULATION@DF_POP_HIST(1.0),Historical population data,I,POL,Poland,POP,Population,PS,Persons,F,Female,Y5T9,From 5 to 9 years,H,Historical,1997,,1335743,,A,Normal value,0,Units,0,Zero
DATAFLOW,OECD.ELS.SAE:DSD_POPULATION@DF_POP_HIST(1.0),Historical population data,I,POL,Poland,POP,Population,PS,Persons,F,Female,Y5T9,From 5 to 9 years,H,Historical,1998,,1296763,,A,Normal value,0,Units,0,Zero
DATAFLOW,OECD.ELS.SAE:DSD_POPULATION@DF_POP_HIST(1.0),Historical population data,I,POL,Poland,POP,Population,PS,Persons,F,Female,Y5T9,From 5 to 9 years,H,Historical,1999,,1258367,,A,Normal value,0,Units,0,Zero
DATAFLOW,OECD.ELS.SAE:DSD_POPULATION@DF_POP_HIST(1.0),Historical population data,I,POL,Poland,POP,Population,PS,Persons,F,Female,Y5T9,From 5 to 9 years,H,Historical,2000,,1214391,,A,Normal value,0,Units,0,Zero
DATAFLOW,OECD.ELS.SAE:DSD_POPULATION@DF_POP_HIST(1.0),Historical population data,I,POL,Poland,POP,Population,PS,Persons,F,Female,Y5T9,From 5 to 9 years,H,Historical,2001,,1160631,,A,Normal value,0,Units,0,Zero
DATAFLOW,OECD.ELS.SAE:DSD_POPULATION@DF_POP_HIST(1.0),Historical population data,I,POL,Poland,POP,Population,PS,Persons,F,Female,Y5T9,From 5 to 9 years,H,Historical,2002,,1110042,,A,Normal value,0,Units,0,Zero
DATAFLOW,OECD.ELS.SAE:DSD_POPULATION@DF_POP_HIST(1.0),Historical population data,I,POL,Poland,POP,Population,PS,Persons,F,Female,Y5T9,From 5 to 9 years,H,Historical,2003,,1062333,,A,Normal value,0,Units,0,Zero
DATAFLOW,OECD.ELS.SAE:DSD_POPULATION@DF_POP_HIST(1.0),Historical population data,I,POL,Poland,POP,Population,PS,Persons,F,Female,Y5T9,From 5 to 9 years,H,Historical,2004,,1018377,,A,Normal value,0,Units,0,Zero
DATAFLOW,OECD.ELS.SAE:DSD_POPULATION@DF_POP_HIST(1.0),Historical population data,I,POL,Poland,POP,Population,PS,Persons,F,Female,Y5T9,From 5 to 9 years,H,Historical,2005,,981669,,A,Normal value,0,Units,0,Zero
DATAFLOW,OECD.ELS.SAE:DSD_POPULATION@DF_POP_HIST(1.0),Historical population data,I,POL,Poland,POP,Population,PS,Persons,F,Female,Y5T9,From 5 to 9 years,H,Historical,2006,,949935,,A,Normal value,0,Units,0,Zero
DATAFLOW,OECD.ELS.SAE:DSD_POPULATION@DF_POP_HIST(1.0),Historical population data,I,POL,Poland,POP,Population,PS,Persons,F,Female,Y5T9,From 5 to 9 years,H,Historical,2007,,919931,,A,Normal value,0,Units,0,Zero
DATAFLOW,OECD.ELS.SAE:DSD_POPULATION@DF_POP_HIST(1.0),Historical population data,I,POL,Poland,POP,Population,PS,Persons,F,Female,Y5T9,From 5 to 9 years,H,Historical,2008,,895191,,A,Normal value,0,Units,0,Zero
DATAFLOW,OECD.ELS.SAE:DSD_POPULATION@DF_POP_HIST(1.0),Historical population data,I,POL,Poland,POP,Population,PS,Persons,F,Female,Y5T9,From 5 to 9 years,H,Historical,2009,,877477,,A,Normal value,0,Units,0,Zero
DATAFLOW,OECD.ELS.SAE:DSD_POPULATION@DF_POP_HIST(1.0),Historical population data,I,POL,Poland,POP,Population,PS,Persons,F,Female,Y5T9,From 5 to 9 years,H,Historical,2010,,880330,,A,Normal value,0,Units,0,Zero
DATAFLOW,OECD.ELS.SAE:DSD_POPULATION@DF_POP_HIST(1.0),Historical population data,I,POL,Poland,POP,Population,PS,Persons,F,Female,Y5T9,From 5 to 9 years,H,Historical,2011,,882057,,A,Normal value,0,Units,0,Zero
DATAFLOW,OECD.ELS.SAE:DSD_POPULATION@DF_POP_HIST(1.0),Historical population data,I,POL,Poland,POP,Population,PS,Persons,F,Female,Y5T9,From 5 to 9 years,H,Historical,2012,,897723,,A,Normal value,0,Units,0,Zero
DATAFLOW,OECD.ELS.SAE:DSD_POPULATION@DF_POP_HIST(1.0),Historical population data,I,POL,Poland,POP,Population,PS,Persons,F,Female,Y5T9,From 5 to 9 years,H,Historical,2013,,928948,,A,Normal value,0,Units,0,Zero
DATAFLOW,OECD.ELS.SAE:DSD_POPULATION@DF_POP_HIST(1.0),Historical population data,I,POL,Poland,POP,Population,PS,Persons,F,Female,Y5T9,From 5 to 9 years,H,Historical,2014,,966957,,A,Normal value,0,Units,0,Zero
DATAFLOW,OECD.ELS.SAE:DSD_POPULATION@DF_POP_HIST(1.0),Historical population data,I,POL,Poland,POP,Population,PS,Persons,F,Female,Y5T9,From 5 to 9 years,H,Historical,2015,,996205,,A,Normal value,0,Units,0,Zero
DATAFLOW,OECD.ELS.SAE:DSD_POPULATION@DF_POP_HIST(1.0),Historical population data,I,POL,Poland,POP,Population,PS,Persons,F,Female,Y5T9,From 5 to 9 years,H,Historical,2016,,1009511,,A,Normal value,0,Units,0,Zero
DATAFLOW,OECD.ELS.SAE:DSD_POPULATION@DF_POP_HIST(1.0),Historical population data,I,POL,Poland,POP,Population,PS,Persons,F,Female,Y5T9,From 5 to 9 years,H,Historical,2017,,1008844,,A,Normal value,0,Units,0,Zero
DATAFLOW,OECD.ELS.SAE:DSD_POPULATION@DF_POP_HIST(1.0),Historical population data,I,POL,Poland,POP,Population,PS,Persons,F,Female,Y5T9,From 5 to 9 years,H,Historical,2018,,990348,,A,Normal value,0,Units,0,Zero
DATAFLOW,OECD.ELS.SAE:DSD_POPULATION@DF_POP_HIST(1.0),Historical population data,I,POL,Poland,POP,Population,PS,Persons,F,Female,Y5T9,From 5 to 9 years,H,Historical,2019,,961474,,A,Normal value,0,Units,0,Zero
DATAFLOW,OECD.ELS.SAE:DSD_POPULATION@DF_POP_HIST(1.0),Historical population data,I,POL,Poland,POP,Population,PS,Persons,F,Female,Y5T9,From 5 to 9 years,H,Historical,2022,,956878,,A,Normal value,0,Units,0,Zero
DATAFLOW,OECD.ELS.SAE:DSD_POPULATION@DF_POP_HIST(1.0),Historical population data,I,POL,Poland,POP,Population,PS,Persons,F,Female,Y70T74,From 70 to 74 years,H,Historical,1960,,319614,,A,Normal value,0,Units,0,Zero
DATAFLOW,OECD.ELS.SAE:DSD_POPULATION@DF_POP_HIST(1.0),Historical population data,I,POL,Poland,POP,Population,PS,Persons,F,Female,Y70T74,From 70 to 74 years,H,Historical,1961,,312559,,A,Normal value,0,Units,0,Zero
DATAFLOW,OECD.ELS.SAE:DSD_POPULATION@DF_POP_HIST(1.0),Historical population data,I,POL,Poland,POP,Population,PS,Persons,F,Female,Y70T74,From 70 to 74 years,H,Historical,1962,,322660,,A,Normal value,0,Units,0,Zero
DATAFLOW,OECD.ELS.SAE:DSD_POPULATION@DF_POP_HIST(1.0),Historical population data,I,POL,Poland,POP,Population,PS,Persons,F,Female,Y70T74,From 70 to 74 years,H,Historical,1963,,336782,,A,Normal value,0,Units,0,Zero
DATAFLOW,OECD.ELS.SAE:DSD_POPULATION@DF_POP_HIST(1.0),Historical population data,I,POL,Poland,POP,Population,PS,Persons,F,Female,Y70T74,From 70 to 74 years,H,Historical,1964,,351719,,A,Normal value,0,Units,0,Zero
DATAFLOW,OECD.ELS.SAE:DSD_POPULATION@DF_POP_HIST(1.0),Historical population data,I,POL,Poland,POP,Population,PS,Persons,F,Female,Y70T74,From 70 to 74 years,H,Historical,1965,,359300,,A,Normal value,0,Units,0,Zero
DATAFLOW,OECD.ELS.SAE:DSD_POPULATION@DF_POP_HIST(1.0),Historical population data,I,POL,Poland,POP,Population,PS,Persons,F,Female,Y70T74,From 70 to 74 years,H,Historical,1966,,381100,,A,Normal value,0,Units,0,Zero
DATAFLOW,OECD.ELS.SAE:DSD_POPULATION@DF_POP_HIST(1.0),Historical population data,I,POL,Poland,POP,Population,PS,Persons,F,Female,Y70T74,From 70 to 74 years,H,Historical,1967,,405400,,A,Normal value,0,Units,0,Zero
DATAFLOW,OECD.ELS.SAE:DSD_POPULATION@DF_POP_HIST(1.0),Historical population data,I,POL,Poland,POP,Population,PS,Persons,F,Female,Y70T74,From 70 to 74 years,H,Historical,1968,,418200,,A,Normal value,0,Units,0,Zero
DATAFLOW,OECD.ELS.SAE:DSD_POPULATION@DF_POP_HIST(1.0),Historical population data,I,POL,Poland,POP,Population,PS,Persons,F,Female,Y70T74,From 70 to 74 years,H,Historical,1969,,451300,,A,Normal value,0,Units,0,Zero
DATAFLOW,OECD.ELS.SAE:DSD_POPULATION@DF_POP_HIST(1.0),Historical population data,I,POL,Poland,POP,Population,PS,Persons,F,Female,Y70T74,From 70 to 74 years,H,Historical,1970,,490127,,A,Normal value,0,Units,0,Zero
DATAFLOW,OECD.ELS.SAE:DSD_POPULATION@DF_POP_HIST(1.0),Historical population data,I,POL,Poland,POP,Population,PS,Persons,F,Female,Y70T74,From 70 to 74 years,H,Historical,1971,,490000,,A,Normal value,0,Units,0,Zero
DATAFLOW,OECD.ELS.SAE:DSD_POPULATION@DF_POP_HIST(1.0),Historical population data,I,POL,Poland,POP,Population,PS,Persons,F,Female,Y70T74,From 70 to 74 years,H,Historical,1972,,521600,,A,Normal value,0,Units,0,Zero
DATAFLOW,OECD.ELS.SAE:DSD_POPULATION@DF_POP_HIST(1.0),Historical population data,I,POL,Poland,POP,Population,PS,Persons,F,Female,Y70T74,From 70 to 74 years,H,Historical,1973,,543100,,A,Normal value,0,Units,0,Zero
DATAFLOW,OECD.ELS.SAE:DSD_POPULATION@DF_POP_HIST(1.0),Historical population data,I,POL,Poland,POP,Population,PS,Persons,F,Female,Y70T74,From 70 to 74 years,H,Historical,1974,,564506,,A,Normal value,0,Units,0,Zero
DATAFLOW,OECD.ELS.SAE:DSD_POPULATION@DF_POP_HIST(1.0),Historical population data,I,POL,Poland,POP,Population,PS,Persons,F,Female,Y70T74,From 70 to 74 years,H,Historical,1975,,574888,,A,Normal value,0,Units,0,Zero
DATAFLOW,OECD.ELS.SAE:DSD_POPULATION@DF_POP_HIST(1.0),Historical population data,I,POL,Poland,POP,Population,PS,Persons,F,Female,Y70T74,From 70 to 74 years,H,Historical,1976,,583935,,A,Normal value,0,Units,0,Zero
DATAFLOW,OECD.ELS.SAE:DSD_POPULATION@DF_POP_HIST(1.0),Historical population data,I,POL,Poland,POP,Population,PS,Persons,F,Female,Y70T74,From 70 to 74 years,H,Historical,1977,,602211,,A,Normal value,0,Units,0,Zero
DATAFLOW,OECD.ELS.SAE:DSD_POPULATION@DF_POP_HIST(1.0),Historical population data,I,POL,Poland,POP,Population,PS,Persons,F,Female,Y70T74,From 70 to 74 years,H,Historical,1978,,617278,,A,Normal value,0,Units,0,Zero
DATAFLOW,OECD.ELS.SAE:DSD_POPULATION@DF_POP_HIST(1.0),Historical population data,I,POL,Poland,POP,Population,PS,Persons,F,Female,Y70T74,From 70 to 74 years,H,Historical,1979,,636091,,A,Normal value,0,Units,0,Zero
DATAFLOW,OECD.ELS.SAE:DSD_POPULATION@DF_POP_HIST(1.0),Historical population data,I,POL,Poland,POP,Population,PS,Persons,F,Female,Y70T74,From 70 to 74 years,H,Historical,1980,,650447,,A,Normal value,0,Units,0,Zero
DATAFLOW,OECD.ELS.SAE:DSD_POPULATION@DF_POP_HIST(1.0),Historical population data,I,POL,Poland,POP,Population,PS,Persons,F,Female,Y70T74,From 70 to 74 years,H,Historical,1981,,660466,,A,Normal value,0,Units,0,Zero
DATAFLOW,OECD.ELS.SAE:DSD_POPULATION@DF_POP_HIST(1.0),Historical population data,I,POL,Poland,POP,Population,PS,Persons,F,Female,Y70T74,From 70 to 74 years,H,Historical,1982,,669544,,A,Normal value,0,Units,0,Zero
DATAFLOW,OECD.ELS.SAE:DSD_POPULATION@DF_POP_HIST(1.0),Historical population data,I,POL,Poland,POP,Population,PS,Persons,F,Female,Y70T74,From 70 to 74 years,H,Historical,1983,,676718,,A,Normal value,0,Units,0,Zero
DATAFLOW,OECD.ELS.SAE:DSD_POPULATION@DF_POP_HIST(1.0),Historical population data,I,POL,Poland,POP,Population,PS,Persons,F,Female,Y70T74,From 70 to 74 years,H,Historical,1984,,675865,,A,Normal value,0,Units,0,Zero
DATAFLOW,OECD.ELS.SAE:DSD_POPULATION@DF_POP_HIST(1.0),Historical population data,I,POL,Poland,POP,Population,PS,Persons,F,Female,Y70T74,From 70 to 74 years,H,Historical,1985,,654904,,A,Normal value,0,Units,0,Zero
DATAFLOW,OECD.ELS.SAE:DSD_POPULATION@DF_POP_HIST(1.0),Historical population data,I,POL,Poland,POP,Population,PS,Persons,F,Female,Y70T74,From 70 to 74 years,H,Historical,1986,,613965,,A,Normal value,0,Units,0,Zero
DATAFLOW,OECD.ELS.SAE:DSD_POPULATION@DF_POP_HIST(1.0),Historical population data,I,POL,Poland,POP,Population,PS,Persons,F,Female,Y70T74,From 70 to 74 years,H,Historical,1987,,563463,,A,Normal value,0,Units,0,Zero
DATAFLOW,OECD.ELS.SAE:DSD_POPULATION@DF_POP_HIST(1.0),Historical population data,I,POL,Poland,POP,Population,PS,Persons,F,Female,Y70T74,From 70 to 74 years,H,Historical,1988,,512966,,A,Normal value,0,Units,0,Zero
DATAFLOW,OECD.ELS.SAE:DSD_POPULATION@DF_POP_HIST(1.0),Historical population data,I,POL,Poland,POP,Population,PS,Persons,F,Female,Y70T74,From 70 to 74 years,H,Historical,1989,,480995,,A,Normal value,0,Units,0,Zero
DATAFLOW,OECD.ELS.SAE:DSD_POPULATION@DF_POP_HIST(1.0),Historical population data,I,POL,Poland,POP,Population,PS,Persons,F,Female,Y70T74,From 70 to 74 years,H,Historical,1990,,528236,,A,Normal value,0,Units,0,Zero
DATAFLOW,OECD.ELS.SAE:DSD_POPULATION@DF_POP_HIST(1.0),Historical population data,I,POL,Poland,POP,Population,PS,Persons,F,Female,Y70T74,From 70 to 74 years,H,Historical,1991,,556939,,A,Normal value,0,Units,0,Zero
DATAFLOW,OECD.ELS.SAE:DSD_POPULATION@DF_POP_HIST(1.0),Historical population data,I,POL,Poland,POP,Population,PS,Persons,F,Female,Y70T74,From 70 to 74 years,H,Historical,1992,,588370,,A,Normal value,0,Units,0,Zero
DATAFLOW,OECD.ELS.SAE:DSD_POPULATION@DF_POP_HIST(1.0),Historical population data,I,POL,Poland,POP,Population,PS,Persons,F,Female,Y70T74,From 70 to 74 years,H,Historical,1993,,622672,,A,Normal value,0,Units,0,Zero
DATAFLOW,OECD.ELS.SAE:DSD_POPULATION@DF_POP_HIST(1.0),Historical population data,I,POL,Poland,POP,Population,PS,Persons,F,Female,Y70T74,From 70 to 74 years,H,Historical,1994,,657361,,A,Normal value,0,Units,0,Zero
DATAFLOW,OECD.ELS.SAE:DSD_POPULATION@DF_POP_HIST(1.0),Historical population data,I,POL,Poland,POP,Population,PS,Persons,F,Female,Y70T74,From 70 to 74 years,H,Historical,1995,,689946,,A,Normal value,0,Units,0,Zero
DATAFLOW,OECD.ELS.SAE:DSD_POPULATION@DF_POP_HIST(1.0),Historical population data,I,POL,Poland,POP,Population,PS,Persons,F,Female,Y70T74,From 70 to 74 years,H,Historical,1996,,722550,,A,Normal value,0,Units,0,Zero
DATAFLOW,OECD.ELS.SAE:DSD_POPULATION@DF_POP_HIST(1.0),Historical population data,I,POL,Poland,POP,Population,PS,Persons,F,Female,Y70T74,From 70 to 74 years,H,Historical,1997,,752488,,A,Normal value,0,Units,0,Zero
DATAFLOW,OECD.ELS.SAE:DSD_POPULATION@DF_POP_HIST(1.0),Historical population data,I,POL,Poland,POP,Population,PS,Persons,F,Female,Y70T74,From 70 to 74 years,H,Historical,1998,,778806,,A,Normal value,0,Units,0,Zero
DATAFLOW,OECD.ELS.SAE:DSD_POPULATION@DF_POP_HIST(1.0),Historical population data,I,POL,Poland,POP,Population,PS,Persons,F,Female,Y70T74,From 70 to 74 years,H,Historical,1999,,809567,,A,Normal value,0,Units,0,Zero
DATAFLOW,OECD.ELS.SAE:DSD_POPULATION@DF_POP_HIST(1.0),Historical population data,I,POL,Poland,POP,Population,PS,Persons,F,Female,Y70T74,From 70 to 74 years,H,Historical,2000,,832775,,A,Normal value,0,Units,0,Zero
DATAFLOW,OECD.ELS.SAE:DSD_POPULATION@DF_POP_HIST(1.0),Historical population data,I,POL,Poland,POP,Population,PS,Persons,F,Female,Y70T74,From 70 to 74 years,H,Historical,2001,,843065,,A,Normal value,0,Units,0,Zero
DATAFLOW,OECD.ELS.SAE:DSD_POPULATION@DF_POP_HIST(1.0),Historical population data,I,POL,Poland,POP,Population,PS,Persons,F,Female,Y70T74,From 70 to 74 years,H,Historical,2002,,856684,,A,Normal value,0,Units,0,Zero
DATAFLOW,OECD.ELS.SAE:DSD_POPULATION@DF_POP_HIST(1.0),Historical population data,I,POL,Poland,POP,Population,PS,Persons,F,Female,Y70T74,From 70 to 74 years,H,Historical,2003,,854367,,A,Normal value,0,Units,0,Zero
DATAFLOW,OECD.ELS.SAE:DSD_POPULATION@DF_POP_HIST(1.0),Historical population data,I,POL,Poland,POP,Population,PS,Persons,F,Female,Y70T74,From 70 to 74 years,H,Historical,2004,,848239,,A,Normal value,0,Units,0,Zero
DATAFLOW,OECD.ELS.SAE:DSD_POPULATION@DF_POP_HIST(1.0),Historical population data,I,POL,Poland,POP,Population,PS,Persons,F,Female,Y70T74,From 70 to 74 years,H,Historical,2005,,839382,,A,Normal value,0,Units,0,Zero
DATAFLOW,OECD.ELS.SAE:DSD_POPULATION@DF_POP_HIST(1.0),Historical population data,I,POL,Poland,POP,Population,PS,Persons,F,Female,Y70T74,From 70 to 74 years,H,Historical,2006,,832396,,A,Normal value,0,Units,0,Zero
DATAFLOW,OECD.ELS.SAE:DSD_POPULATION@DF_POP_HIST(1.0),Historical population data,I,POL,Poland,POP,Population,PS,Persons,F,Female,Y70T74,From 70 to 74 years,H,Historical,2007,,827769,,A,Normal value,0,Units,0,Zero
DATAFLOW,OECD.ELS.SAE:DSD_POPULATION@DF_POP_HIST(1.0),Historical population data,I,POL,Poland,POP,Population,PS,Persons,F,Female,Y70T74,From 70 to 74 years,H,Historical,2008,,824239,,A,Normal value,0,Units,0,Zero
DATAFLOW,OECD.ELS.SAE:DSD_POPULATION@DF_POP_HIST(1.0),Historical population data,I,POL,Poland,POP,Population,PS,Persons,F,Female,Y70T74,From 70 to 74 years,H,Historical,2009,,822305,,A,Normal value,0,Units,0,Zero
DATAFLOW,OECD.ELS.SAE:DSD_POPULATION@DF_POP_HIST(1.0),Historical population data,I,POL,Poland,POP,Population,PS,Persons,F,Female,Y70T74,From 70 to 74 years,H,Historical,2010,,813882,,A,Normal value,0,Units,0,Zero
DATAFLOW,OECD.ELS.SAE:DSD_POPULATION@DF_POP_HIST(1.0),Historical population data,I,POL,Poland,POP,Population,PS,Persons,F,Female,Y70T74,From 70 to 74 years,H,Historical,2011,,799384,,A,Normal value,0,Units,0,Zero
DATAFLOW,OECD.ELS.SAE:DSD_POPULATION@DF_POP_HIST(1.0),Historical population data,I,POL,Poland,POP,Population,PS,Persons,F,Female,Y70T74,From 70 to 74 years,H,Historical,2012,,776722,,A,Normal value,0,Units,0,Zero
DATAFLOW,OECD.ELS.SAE:DSD_POPULATION@DF_POP_HIST(1.0),Historical population data,I,POL,Poland,POP,Population,PS,Persons,F,Female,Y70T74,From 70 to 74 years,H,Historical,2013,,751608,,A,Normal value,0,Units,0,Zero
DATAFLOW,OECD.ELS.SAE:DSD_POPULATION@DF_POP_HIST(1.0),Historical population data,I,POL,Poland,POP,Population,PS,Persons,F,Female,Y70T74,From 70 to 74 years,H,Historical,2014,,732256,,A,Normal value,0,Units,0,Zero
DATAFLOW,OECD.ELS.SAE:DSD_POPULATION@DF_POP_HIST(1.0),Historical population data,I,POL,Poland,POP,Population,PS,Persons,F,Female,Y70T74,From 70 to 74 years,H,Historical,2015,,716224,,A,Normal value,0,Units,0,Zero
DATAFLOW,OECD.ELS.SAE:DSD_POPULATION@DF_POP_HIST(1.0),Historical population data,I,POL,Poland,POP,Population,PS,Persons,F,Female,Y70T74,From 70 to 74 years,H,Historical,2016,,734049,,A,Normal value,0,Units,0,Zero
DATAFLOW,OECD.ELS.SAE:DSD_POPULATION@DF_POP_HIST(1.0),Historical population data,I,POL,Poland,POP,Population,PS,Persons,F,Female,Y70T74,From 70 to 74 years,H,Historical,2017,,797186,,A,Normal value,0,Units,0,Zero
DATAFLOW,OECD.ELS.SAE:DSD_POPULATION@DF_POP_HIST(1.0),Historical population data,I,POL,Poland,POP,Population,PS,Persons,F,Female,Y70T74,From 70 to 74 years,H,Historical,2018,,879647,,A,Normal value,0,Units,0,Zero
DATAFLOW,OECD.ELS.SAE:DSD_POPULATION@DF_POP_HIST(1.0),Historical population data,I,POL,Poland,POP,Population,PS,Persons,F,Female,Y70T74,From 70 to 74 years,H,Historical,2019,,968691,,A,Normal value,0,Units,0,Zero
DATAFLOW,OECD.ELS.SAE:DSD_POPULATION@DF_POP_HIST(1.0),Historical population data,I,POL,Poland,POP,Population,PS,Persons,F,Female,Y70T74,From 70 to 74 years,H,Historical,2022,,1167399,,A,Normal value,0,Units,0,Zero
DATAFLOW,OECD.ELS.SAE:DSD_POPULATION@DF_POP_HIST(1.0),Historical population data,I,POL,Poland,POP,Population,PS,Persons,F,Female,Y_GE65,65 years or over,H,Historical,1960,,1086286,,A,Normal value,0,Units,0,Zero
DATAFLOW,OECD.ELS.SAE:DSD_POPULATION@DF_POP_HIST(1.0),Historical population data,I,POL,Poland,POP,Population,PS,Persons,F,Female,Y_GE65,65 years or over,H,Historical,1961,,1101300,,A,Normal value,0,Units,0,Zero
DATAFLOW,OECD.ELS.SAE:DSD_POPULATION@DF_POP_HIST(1.0),Historical population data,I,POL,Poland,POP,Population,PS,Persons,F,Female,Y_GE65,65 years or over,H,Historical,1962,,1149200,,A,Normal value,0,Units,0,Zero
DATAFLOW,OECD.ELS.SAE:DSD_POPULATION@DF_POP_HIST(1.0),Historical population data,I,POL,Poland,POP,Population,PS,Persons,F,Female,Y_GE65,65 years or over,H,Historical,1963,,1208800,,A,Normal value,0,Units,0,Zero
DATAFLOW,OECD.ELS.SAE:DSD_POPULATION@DF_POP_HIST(1.0),Historical population data,I,POL,Poland,POP,Population,PS,Persons,F,Female,Y_GE65,65 years or over,H,Historical,1964,,1262601,,A,Normal value,0,Units,0,Zero
DATAFLOW,OECD.ELS.SAE:DSD_POPULATION@DF_POP_HIST(1.0),Historical population data,I,POL,Poland,POP,Population,PS,Persons,F,Female,Y_GE65,65 years or over,H,Historical,1965,,1319100,,A,Normal value,0,Units,0,Zero
DATAFLOW,OECD.ELS.SAE:DSD_POPULATION@DF_POP_HIST(1.0),Historical population data,I,POL,Poland,POP,Population,PS,Persons,F,Female,Y_GE65,65 years or over,H,Historical,1966,,1382500,,A,Normal value,0,Units,0,Zero
DATAFLOW,OECD.ELS.SAE:DSD_POPULATION@DF_POP_HIST(1.0),Historical population data,I,POL,Poland,POP,Population,PS,Persons,F,Female,Y_GE65,65 years or over,H,Historical,1967,,1438400,,A,Normal value,0,Units,0,Zero
DATAFLOW,OECD.ELS.SAE:DSD_POPULATION@DF_POP_HIST(1.0),Historical population data,I,POL,Poland,POP,Population,PS,Persons,F,Female,Y_GE65,65 years or over,H,Historical,1968,,1534700,,A,Normal value,0,Units,0,Zero
DATAFLOW,OECD.ELS.SAE:DSD_POPULATION@DF_POP_HIST(1.0),Historical population data,I,POL,Poland,POP,Population,PS,Persons,F,Female,Y_GE65,65 years or over,H,Historical,1969,,1598400,,A,Normal value,0,Units,0,Zero
DATAFLOW,OECD.ELS.SAE:DSD_POPULATION@DF_POP_HIST(1.0),Historical population data,I,POL,Poland,POP,Population,PS,Persons,F,Female,Y_GE65,65 years or over,H,Historical,1970,,1673602,,A,Normal value,0,Units,0,Zero
DATAFLOW,OECD.ELS.SAE:DSD_POPULATION@DF_POP_HIST(1.0),Historical population data,I,POL,Poland,POP,Population,PS,Persons,F,Female,Y_GE65,65 years or over,H,Historical,1971,,1700700,,A,Normal value,0,Units,0,Zero
DATAFLOW,OECD.ELS.SAE:DSD_POPULATION@DF_POP_HIST(1.0),Historical population data,I,POL,Poland,POP,Population,PS,Persons,F,Female,Y_GE65,65 years or over,H,Historical,1972,,1769000,,A,Normal value,0,Units,0,Zero
DATAFLOW,OECD.ELS.SAE:DSD_POPULATION@DF_POP_HIST(1.0),Historical population data,I,POL,Poland,POP,Population,PS,Persons,F,Female,Y_GE65,65 years or over,H,Historical,1973,,1836700,,A,Normal value,0,Units,0,Zero
DATAFLOW,OECD.ELS.SAE:DSD_POPULATION@DF_POP_HIST(1.0),Historical population data,I,POL,Poland,POP,Population,PS,Persons,F,Female,Y_GE65,65 years or over,H,Historical,1974,,1905924,,A,Normal value,0,Units,0,Zero
DATAFLOW,OECD.ELS.SAE:DSD_POPULATION@DF_POP_HIST(1.0),Historical population data,I,POL,Poland,POP,Population,PS,Persons,F,Female,Y_GE65,65 years or over,H,Historical,1975,,1971020,,A,Normal value,0,Units,0,Zero
DATAFLOW,OECD.ELS.SAE:DSD_POPULATION@DF_POP_HIST(1.0),Historical population data,I,POL,Poland,POP,Population,PS,Persons,F,Female,Y_GE65,65 years or over,H,Historical,1976,,2031821,,A,Normal value,0,Units,0,Zero
DATAFLOW,OECD.ELS.SAE:DSD_POPULATION@DF_POP_HIST(1.0),Historical population data,I,POL,Poland,POP,Population,PS,Persons,F,Female,Y_GE65,65 years or over,H,Historical,1977,,2092914,,A,Normal value,0,Units,0,Zero
DATAFLOW,OECD.ELS.SAE:DSD_POPULATION@DF_POP_HIST(1.0),Historical population data,I,POL,Poland,POP,Population,PS,Persons,F,Female,Y_GE65,65 years or over,H,Historical,1978,,2145974,,A,Normal value,0,Units,0,Zero
DATAFLOW,OECD.ELS.SAE:DSD_POPULATION@DF_POP_HIST(1.0),Historical population data,I,POL,Poland,POP,Population,PS,Persons,F,Female,Y_GE65,65 years or over,H,Historical,1979,,2186576,,A,Normal value,0,Units,0,Zero
DATAFLOW,OECD.ELS.SAE:DSD_POPULATION@DF_POP_HIST(1.0),Historical population data,I,POL,Poland,POP,Population,PS,Persons,F,Female,Y_GE65,65 years or over,H,Historical,1980,,2206560,,A,Normal value,0,Units,0,Zero
DATAFLOW,OECD.ELS.SAE:DSD_POPULATION@DF_POP_HIST(1.0),Historical population data,I,POL,Poland,POP,Population,PS,Persons,F,Female,Y_GE65,65 years or over,H,Historical,1981,,2205831,,A,Normal value,0,Units,0,Zero
DATAFLOW,OECD.ELS.SAE:DSD_POPULATION@DF_POP_HIST(1.0),Historical population data,I,POL,Poland,POP,Population,PS,Persons,F,Female,Y_GE65,65 years or over,H,Historical,1982,,2192635,,A,Normal value,0,Units,0,Zero
DATAFLOW,OECD.ELS.SAE:DSD_POPULATION@DF_POP_HIST(1.0),Historical population data,I,POL,Poland,POP,Population,PS,Persons,F,Female,Y_GE65,65 years or over,H,Historical,1983,,2177269,,A,Normal value,0,Units,0,Zero
DATAFLOW,OECD.ELS.SAE:DSD_POPULATION@DF_POP_HIST(1.0),Historical population data,I,POL,Poland,POP,Population,PS,Persons,F,Female,Y_GE65,65 years or over,H,Historical,1984,,2175606,,A,Normal value,0,Units,0,Zero
DATAFLOW,OECD.ELS.SAE:DSD_POPULATION@DF_POP_HIST(1.0),Historical population data,I,POL,Poland,POP,Population,PS,Persons,F,Female,Y_GE65,65 years or over,H,Historical,1985,,2187886,,A,Normal value,0,Units,0,Zero
DATAFLOW,OECD.ELS.SAE:DSD_POPULATION@DF_POP_HIST(1.0),Historical population data,I,POL,Poland,POP,Population,PS,Persons,F,Female,Y_GE65,65 years or over,H,Historical,1986,,2208686,,A,Normal value,0,Units,0,Zero
DATAFLOW,OECD.ELS.SAE:DSD_POPULATION@DF_POP_HIST(1.0),Historical population data,I,POL,Poland,POP,Population,PS,Persons,F,Female,Y_GE65,65 years or over,H,Historical,1987,,2244877,,A,Normal value,0,Units,0,Zero
DATAFLOW,OECD.ELS.SAE:DSD_POPULATION@DF_POP_HIST(1.0),Historical population data,I,POL,Poland,POP,Population,PS,Persons,F,Female,Y_GE65,65 years or over,H,Historical,1988,,2301438,,A,Normal value,0,Units,0,Zero
DATAFLOW,OECD.ELS.SAE:DSD_POPULATION@DF_POP_HIST(1.0),Historical population data,I,POL,Poland,POP,Population,PS,Persons,F,Female,Y_GE65,65 years or over,H,Historical,1989,,2336316,,A,Normal value,0,Units,0,Zero
DATAFLOW,OECD.ELS.SAE:DSD_POPULATION@DF_POP_HIST(1.0),Historical population data,I,POL,Poland,POP,Population,PS,Persons,F,Female,Y_GE65,65 years or over,H,Historical,1990,,2403237,,A,Normal value,0,Units,0,Zero
DATAFLOW,OECD.ELS.SAE:DSD_POPULATION@DF_POP_HIST(1.0),Historical population data,I,POL,Poland,POP,Population,PS,Persons,F,Female,Y_GE65,65 years or over,H,Historical,1991,,2463611,,A,Normal value,0,Units,0,Zero
DATAFLOW,OECD.ELS.SAE:DSD_POPULATION@DF_POP_HIST(1.0),Historical population data,I,POL,Poland,POP,Population,PS,Persons,F,Female,Y_GE65,65 years or over,H,Historical,1992,,2523077,,A,Normal value,0,Units,0,Zero
DATAFLOW,OECD.ELS.SAE:DSD_POPULATION@DF_POP_HIST(1.0),Historical population data,I,POL,Poland,POP,Population,PS,Persons,F,Female,Y_GE65,65 years or over,H,Historical,1993,,2582537,,A,Normal value,0,Units,0,Zero
DATAFLOW,OECD.ELS.SAE:DSD_POPULATION@DF_POP_HIST(1.0),Historical population data,I,POL,Poland,POP,Population,PS,Persons,F,Female,Y_GE65,65 years or over,H,Historical,1994,,2632166,,A,Normal value,0,Units,0,Zero
DATAFLOW,OECD.ELS.SAE:DSD_POPULATION@DF_POP_HIST(1.0),Historical population data,I,POL,Poland,POP,Population,PS,Persons,F,Female,Y_GE65,65 years or over,H,Historical,1995,,2672934,,A,Normal value,0,Units,0,Zero
DATAFLOW,OECD.ELS.SAE:DSD_POPULATION@DF_POP_HIST(1.0),Historical population data,I,POL,Poland,POP,Population,PS,Persons,F,Female,Y_GE65,65 years or over,H,Historical,1996,,2717532,,A,Normal value,0,Units,0,Zero
DATAFLOW,OECD.ELS.SAE:DSD_POPULATION@DF_POP_HIST(1.0),Historical population data,I,POL,Poland,POP,Population,PS,Persons,F,Female,Y_GE65,65 years or over,H,Historical,1997,,2764594,,A,Normal value,0,Units,0,Zero
DATAFLOW,OECD.ELS.SAE:DSD_POPULATION@DF_POP_HIST(1.0),Historical population data,I,POL,Poland,POP,Population,PS,Persons,F,Female,Y_GE65,65 years or over,H,Historical,1998,,2811928,,A,Normal value,0,Units,0,Zero
DATAFLOW,OECD.ELS.SAE:DSD_POPULATION@DF_POP_HIST(1.0),Historical population data,I,POL,Poland,POP,Population,PS,Persons,F,Female,Y_GE65,65 years or over,H,Historical,1999,,2856849,,A,Normal value,0,Units,0,Zero
DATAFLOW,OECD.ELS.SAE:DSD_POPULATION@DF_POP_HIST(1.0),Historical population data,I,POL,Poland,POP,Population,PS,Persons,F,Female,Y_GE65,65 years or over,H,Historical,2000,,2908525,,A,Normal value,0,Units,0,Zero
DATAFLOW,OECD.ELS.SAE:DSD_POPULATION@DF_POP_HIST(1.0),Historical population data,I,POL,Poland,POP,Population,PS,Persons,F,Female,Y_GE65,65 years or over,H,Historical,2001,,2964435,,A,Normal value,0,Units,0,Zero
DATAFLOW,OECD.ELS.SAE:DSD_POPULATION@DF_POP_HIST(1.0),Historical population data,I,POL,Poland,POP,Population,PS,Persons,F,Female,Y_GE65,65 years or over,H,Historical,2002,,3019603,,A,Normal value,0,Units,0,Zero
DATAFLOW,OECD.ELS.SAE:DSD_POPULATION@DF_POP_HIST(1.0),Historical population data,I,POL,Poland,POP,Population,PS,Persons,F,Female,Y_GE65,65 years or over,H,Historical,2003,,3052927,,A,Normal value,0,Units,0,Zero
DATAFLOW,OECD.ELS.SAE:DSD_POPULATION@DF_POP_HIST(1.0),Historical population data,I,POL,Poland,POP,Population,PS,Persons,F,Female,Y_GE65,65 years or over,H,Historical,2004,,3096653,,A,Normal value,0,Units,0,Zero
DATAFLOW,OECD.ELS.SAE:DSD_POPULATION@DF_POP_HIST(1.0),Historical population data,I,POL,Poland,POP,Population,PS,Persons,F,Female,Y_GE65,65 years or over,H,Historical,2005,,3133984,,A,Normal value,0,Units,0,Zero
DATAFLOW,OECD.ELS.SAE:DSD_POPULATION@DF_POP_HIST(1.0),Historical population data,I,POL,Poland,POP,Population,PS,Persons,F,Female,Y_GE65,65 years or over,H,Historical,2006,,3166560,,A,Normal value,0,Units,0,Zero
DATAFLOW,OECD.ELS.SAE:DSD_POPULATION@DF_POP_HIST(1.0),Historical population data,I,POL,Poland,POP,Population,PS,Persons,F,Female,Y_GE65,65 years or over,H,Historical,2007,,3187127,,A,Normal value,0,Units,0,Zero
DATAFLOW,OECD.ELS.SAE:DSD_POPULATION@DF_POP_HIST(1.0),Historical population data,I,POL,Poland,POP,Population,PS,Persons,F,Female,Y_GE65,65 years or over,H,Historical,2008,,3197281,,A,Normal value,0,Units,0,Zero
DATAFLOW,OECD.ELS.SAE:DSD_POPULATION@DF_POP_HIST(1.0),Historical population data,I,POL,Poland,POP,Population,PS,Persons,F,Female,Y_GE65,65 years or over,H,Historical,2009,,3207192,,A,Normal value,0,Units,0,Zero
DATAFLOW,OECD.ELS.SAE:DSD_POPULATION@DF_POP_HIST(1.0),Historical population data,I,POL,Poland,POP,Population,PS,Persons,F,Female,Y_GE65,65 years or over,H,Historical,2010,,3224421,,A,Normal value,0,Units,0,Zero
DATAFLOW,OECD.ELS.SAE:DSD_POPULATION@DF_POP_HIST(1.0),Historical population data,I,POL,Poland,POP,Population,PS,Persons,F,Female,Y_GE65,65 years or over,H,Historical,2011,,3265113,,A,Normal value,0,Units,0,Zero
DATAFLOW,OECD.ELS.SAE:DSD_POPULATION@DF_POP_HIST(1.0),Historical population data,I,POL,Poland,POP,Population,PS,Persons,F,Female,Y_GE65,65 years or over,H,Historical,2012,,3346877,,A,Normal value,0,Units,0,Zero
DATAFLOW,OECD.ELS.SAE:DSD_POPULATION@DF_POP_HIST(1.0),Historical population data,I,POL,Poland,POP,Population,PS,Persons,F,Female,Y_GE65,65 years or over,H,Historical,2013,,3436929,,A,Normal value,0,Units,0,Zero
DATAFLOW,OECD.ELS.SAE:DSD_POPULATION@DF_POP_HIST(1.0),Historical population data,I,POL,Poland,POP,Population,PS,Persons,F,Female,Y_GE65,65 years or over,H,Historical,2014,,3545407,,A,Normal value,0,Units,0,Zero
DATAFLOW,OECD.ELS.SAE:DSD_POPULATION@DF_POP_HIST(1.0),Historical population data,I,POL,Poland,POP,Population,PS,Persons,F,Female,Y_GE65,65 years or over,H,Historical,2015,,3650704,,A,Normal value,0,Units,0,Zero
DATAFLOW,OECD.ELS.SAE:DSD_POPULATION@DF_POP_HIST(1.0),Historical population data,I,POL,Poland,POP,Population,PS,Persons,F,Female,Y_GE65,65 years or over,H,Historical,2016,,3769085,,A,Normal value,0,Units,0,Zero
DATAFLOW,OECD.ELS.SAE:DSD_POPULATION@DF_POP_HIST(1.0),Historical population data,I,POL,Poland,POP,Population,PS,Persons,F,Female,Y_GE65,65 years or over,H,Historical,2017,,3885214,,A,Normal value,0,Units,0,Zero
DATAFLOW,OECD.ELS.SAE:DSD_POPULATION@DF_POP_HIST(1.0),Historical population data,I,POL,Poland,POP,Population,PS,Persons,F,Female,Y_GE65,65 years or over,H,Historical,2018,,4001602,,A,Normal value,0,Units,0,Zero
DATAFLOW,OECD.ELS.SAE:DSD_POPULATION@DF_POP_HIST(1.0),Historical population data,I,POL,Poland,POP,Population,PS,Persons,F,Female,Y_GE65,65 years or over,H,Historical,2019,,4118045,,A,Normal value,0,Units,0,Zero
DATAFLOW,OECD.ELS.SAE:DSD_POPULATION@DF_POP_HIST(1.0),Historical population data,I,POL,Poland,POP,Population,PS,Persons,F,Female,Y_GE65,65 years or over,H,Historical,2022,,4348572,,A,Normal value,0,Units,0,Zero
DATAFLOW,OECD.ELS.SAE:DSD_POPULATION@DF_POP_HIST(1.0),Historical population data,I,POL,Poland,POP,Population,PS,Persons,F,Female,Y50T54,From 50 to 54 years,H,Historical,1960,,899929,,A,Normal value,0,Units,0,Zero
DATAFLOW,OECD.ELS.SAE:DSD_POPULATION@DF_POP_HIST(1.0),Historical population data,I,POL,Poland,POP,Population,PS,Persons,F,Female,Y50T54,From 50 to 54 years,H,Historical,1961,,897100,,A,Normal value,0,Units,0,Zero
DATAFLOW,OECD.ELS.SAE:DSD_POPULATION@DF_POP_HIST(1.0),Historical population data,I,POL,Poland,POP,Population,PS,Persons,F,Female,Y50T54,From 50 to 54 years,H,Historical,1962,,904700,,A,Normal value,0,Units,0,Zero
DATAFLOW,OECD.ELS.SAE:DSD_POPULATION@DF_POP_HIST(1.0),Historical population data,I,POL,Poland,POP,Population,PS,Persons,F,Female,Y50T54,From 50 to 54 years,H,Historical,1963,,913600,,A,Normal value,0,Units,0,Zero
DATAFLOW,OECD.ELS.SAE:DSD_POPULATION@DF_POP_HIST(1.0),Historical population data,I,POL,Poland,POP,Population,PS,Persons,F,Female,Y50T54,From 50 to 54 years,H,Historical,1964,,913300,,A,Normal value,0,Units,0,Zero
DATAFLOW,OECD.ELS.SAE:DSD_POPULATION@DF_POP_HIST(1.0),Historical population data,I,POL,Poland,POP,Population,PS,Persons,F,Female,Y50T54,From 50 to 54 years,H,Historical,1965,,884800,,A,Normal value,0,Units,0,Zero
DATAFLOW,OECD.ELS.SAE:DSD_POPULATION@DF_POP_HIST(1.0),Historical population data,I,POL,Poland,POP,Population,PS,Persons,F,Female,Y50T54,From 50 to 54 years,H,Historical,1966,,828000,,A,Normal value,0,Units,0,Zero
DATAFLOW,OECD.ELS.SAE:DSD_POPULATION@DF_POP_HIST(1.0),Historical population data,I,POL,Poland,POP,Population,PS,Persons,F,Female,Y50T54,From 50 to 54 years,H,Historical,1967,,769600,,A,Normal value,0,Units,0,Zero
DATAFLOW,OECD.ELS.SAE:DSD_POPULATION@DF_POP_HIST(1.0),Historical population data,I,POL,Poland,POP,Population,PS,Persons,F,Female,Y50T54,From 50 to 54 years,H,Historical,1968,,694400,,A,Normal value,0,Units,0,Zero
DATAFLOW,OECD.ELS.SAE:DSD_POPULATION@DF_POP_HIST(1.0),Historical population data,I,POL,Poland,POP,Population,PS,Persons,F,Female,Y50T54,From 50 to 54 years,H,Historical,1969,,658400,,A,Normal value,0,Units,0,Zero
DATAFLOW,OECD.ELS.SAE:DSD_POPULATION@DF_POP_HIST(1.0),Historical population data,I,POL,Poland,POP,Population,PS,Persons,F,Female,Y50T54,From 50 to 54 years,H,Historical,1970,,693634,,A,Normal value,0,Units,0,Zero
DATAFLOW,OECD.ELS.SAE:DSD_POPULATION@DF_POP_HIST(1.0),Historical population data,I,POL,Poland,POP,Population,PS,Persons,F,Female,Y50T54,From 50 to 54 years,H,Historical,1971,,721900,,A,Normal value,0,Units,0,Zero
DATAFLOW,OECD.ELS.SAE:DSD_POPULATION@DF_POP_HIST(1.0),Historical population data,I,POL,Poland,POP,Population,PS,Persons,F,Female,Y50T54,From 50 to 54 years,H,Historical,1972,,795100,,A,Normal value,0,Units,0,Zero
DATAFLOW,OECD.ELS.SAE:DSD_POPULATION@DF_POP_HIST(1.0),Historical population data,I,POL,Poland,POP,Population,PS,Persons,F,Female,Y50T54,From 50 to 54 years,H,Historical,1973,,890700,,A,Normal value,0,Units,0,Zero
DATAFLOW,OECD.ELS.SAE:DSD_POPULATION@DF_POP_HIST(1.0),Historical population data,I,POL,Poland,POP,Population,PS,Persons,F,Female,Y50T54,From 50 to 54 years,H,Historical,1974,,967696,,A,Normal value,0,Units,0,Zero
DATAFLOW,OECD.ELS.SAE:DSD_POPULATION@DF_POP_HIST(1.0),Historical population data,I,POL,Poland,POP,Population,PS,Persons,F,Female,Y50T54,From 50 to 54 years,H,Historical,1975,,1022091,,A,Normal value,0,Units,0,Zero
DATAFLOW,OECD.ELS.SAE:DSD_POPULATION@DF_POP_HIST(1.0),Historical population data,I,POL,Poland,POP,Population,PS,Persons,F,Female,Y50T54,From 50 to 54 years,H,Historical,1976,,1068109,,A,Normal value,0,Units,0,Zero
DATAFLOW,OECD.ELS.SAE:DSD_POPULATION@DF_POP_HIST(1.0),Historical population data,I,POL,Poland,POP,Population,PS,Persons,F,Female,Y50T54,From 50 to 54 years,H,Historical,1977,,1089652,,A,Normal value,0,Units,0,Zero
DATAFLOW,OECD.ELS.SAE:DSD_POPULATION@DF_POP_HIST(1.0),Historical population data,I,POL,Poland,POP,Population,PS,Persons,F,Female,Y50T54,From 50 to 54 years,H,Historical,1978,,1096119,,A,Normal value,0,Units,0,Zero
DATAFLOW,OECD.ELS.SAE:DSD_POPULATION@DF_POP_HIST(1.0),Historical population data,I,POL,Poland,POP,Population,PS,Persons,F,Female,Y50T54,From 50 to 54 years,H,Historical,1979,,1104079,,A,Normal value,0,Units,0,Zero
DATAFLOW,OECD.ELS.SAE:DSD_POPULATION@DF_POP_HIST(1.0),Historical population data,I,POL,Poland,POP,Population,PS,Persons,F,Female,Y50T54,From 50 to 54 years,H,Historical,1980,,1109060,,A,Normal value,0,Units,0,Zero
DATAFLOW,OECD.ELS.SAE:DSD_POPULATION@DF_POP_HIST(1.0),Historical population data,I,POL,Poland,POP,Population,PS,Persons,F,Female,Y50T54,From 50 to 54 years,H,Historical,1981,,1112361,,A,Normal value,0,Units,0,Zero
DATAFLOW,OECD.ELS.SAE:DSD_POPULATION@DF_POP_HIST(1.0),Historical population data,I,POL,Poland,POP,Population,PS,Persons,F,Female,Y50T54,From 50 to 54 years,H,Historical,1982,,1118035,,A,Normal value,0,Units,0,Zero
DATAFLOW,OECD.ELS.SAE:DSD_POPULATION@DF_POP_HIST(1.0),Historical population data,I,POL,Poland,POP,Population,PS,Persons,F,Female,Y50T54,From 50 to 54 years,H,Historical,1983,,1112822,,A,Normal value,0,Units,0,Zero
DATAFLOW,OECD.ELS.SAE:DSD_POPULATION@DF_POP_HIST(1.0),Historical population data,I,POL,Poland,POP,Population,PS,Persons,F,Female,Y50T54,From 50 to 54 years,H,Historical,1984,,1097003,,A,Normal value,0,Units,0,Zero
DATAFLOW,OECD.ELS.SAE:DSD_POPULATION@DF_POP_HIST(1.0),Historical population data,I,POL,Poland,POP,Population,PS,Persons,F,Female,Y50T54,From 50 to 54 years,H,Historical,1985,,1079113,,A,Normal value,0,Units,0,Zero
DATAFLOW,OECD.ELS.SAE:DSD_POPULATION@DF_POP_HIST(1.0),Historical population data,I,POL,Poland,POP,Population,PS,Persons,F,Female,Y50T54,From 50 to 54 years,H,Historical,1986,,1064309,,A,Normal value,0,Units,0,Zero
DATAFLOW,OECD.ELS.SAE:DSD_POPULATION@DF_POP_HIST(1.0),Historical population data,I,POL,Poland,POP,Population,PS,Persons,F,Female,Y50T54,From 50 to 54 years,H,Historical,1987,,1052369,,A,Normal value,0,Units,0,Zero
DATAFLOW,OECD.ELS.SAE:DSD_POPULATION@DF_POP_HIST(1.0),Historical population data,I,POL,Poland,POP,Population,PS,Persons,F,Female,Y50T54,From 50 to 54 years,H,Historical,1988,,1041481,,A,Normal value,0,Units,0,Zero
DATAFLOW,OECD.ELS.SAE:DSD_POPULATION@DF_POP_HIST(1.0),Historical population data,I,POL,Poland,POP,Population,PS,Persons,F,Female,Y50T54,From 50 to 54 years,H,Historical,1989,,1030160,,A,Normal value,0,Units,0,Zero
DATAFLOW,OECD.ELS.SAE:DSD_POPULATION@DF_POP_HIST(1.0),Historical population data,I,POL,Poland,POP,Population,PS,Persons,F,Female,Y50T54,From 50 to 54 years,H,Historical,1990,,1077328,,A,Normal value,0,Units,0,Zero
DATAFLOW,OECD.ELS.SAE:DSD_POPULATION@DF_POP_HIST(1.0),Historical population data,I,POL,Poland,POP,Population,PS,Persons,F,Female,Y50T54,From 50 to 54 years,H,Historical,1991,,1105256,,A,Normal value,0,Units,0,Zero
DATAFLOW,OECD.ELS.SAE:DSD_POPULATION@DF_POP_HIST(1.0),Historical population data,I,POL,Poland,POP,Population,PS,Persons,F,Female,Y50T54,From 50 to 54 years,H,Historical,1992,,1134220,,A,Normal value,0,Units,0,Zero
DATAFLOW,OECD.ELS.SAE:DSD_POPULATION@DF_POP_HIST(1.0),Historical population data,I,POL,Poland,POP,Population,PS,Persons,F,Female,Y50T54,From 50 to 54 years,H,Historical,1993,,1162417,,A,Normal value,0,Units,0,Zero
DATAFLOW,OECD.ELS.SAE:DSD_POPULATION@DF_POP_HIST(1.0),Historical population data,I,POL,Poland,POP,Population,PS,Persons,F,Female,Y50T54,From 50 to 54 years,H,Historical,1994,,1188151,,A,Normal value,0,Units,0,Zero
DATAFLOW,OECD.ELS.SAE:DSD_POPULATION@DF_POP_HIST(1.0),Historical population data,I,POL,Poland,POP,Population,PS,Persons,F,Female,Y50T54,From 50 to 54 years,H,Historical,1995,,1213536,,A,Normal value,0,Units,0,Zero
DATAFLOW,OECD.ELS.SAE:DSD_POPULATION@DF_POP_HIST(1.0),Historical population data,I,POL,Poland,POP,Population,PS,Persons,F,Female,Y50T54,From 50 to 54 years,H,Historical,1996,,1239094,,A,Normal value,0,Units,0,Zero
DATAFLOW,OECD.ELS.SAE:DSD_POPULATION@DF_POP_HIST(1.0),Historical population data,I,POL,Poland,POP,Population,PS,Persons,F,Female,Y50T54,From 50 to 54 years,H,Historical,1997,,1262457,,A,Normal value,0,Units,0,Zero
DATAFLOW,OECD.ELS.SAE:DSD_POPULATION@DF_POP_HIST(1.0),Historical population data,I,POL,Poland,POP,Population,PS,Persons,F,Female,Y50T54,From 50 to 54 years,H,Historical,1998,,1283818,,A,Normal value,0,Units,0,Zero
DATAFLOW,OECD.ELS.SAE:DSD_POPULATION@DF_POP_HIST(1.0),Historical population data,I,POL,Poland,POP,Population,PS,Persons,F,Female,Y50T54,From 50 to 54 years,H,Historical,1999,,1261653,,A,Normal value,0,Units,0,Zero
DATAFLOW,OECD.ELS.SAE:DSD_POPULATION@DF_POP_HIST(1.0),Historical population data,I,POL,Poland,POP,Population,PS,Persons,F,Female,Y50T54,From 50 to 54 years,H,Historical,2000,,1286469,,A,Normal value,0,Units,0,Zero
DATAFLOW,OECD.ELS.SAE:DSD_POPULATION@DF_POP_HIST(1.0),Historical population data,I,POL,Poland,POP,Population,PS,Persons,F,Female,Y50T54,From 50 to 54 years,H,Historical,2001,,1377567,,A,Normal value,0,Units,0,Zero
DATAFLOW,OECD.ELS.SAE:DSD_POPULATION@DF_POP_HIST(1.0),Historical population data,I,POL,Poland,POP,Population,PS,Persons,F,Female,Y50T54,From 50 to 54 years,H,Historical,2002,,1439606,,A,Normal value,0,Units,0,Zero
DATAFLOW,OECD.ELS.SAE:DSD_POPULATION@DF_POP_HIST(1.0),Historical population data,I,POL,Poland,POP,Population,PS,Persons,F,Female,Y50T54,From 50 to 54 years,H,Historical,2003,,1474664,,A,Normal value,0,Units,0,Zero
DATAFLOW,OECD.ELS.SAE:DSD_POPULATION@DF_POP_HIST(1.0),Historical population data,I,POL,Poland,POP,Population,PS,Persons,F,Female,Y50T54,From 50 to 54 years,H,Historical,2004,,1505058,,A,Normal value,0,Units,0,Zero
DATAFLOW,OECD.ELS.SAE:DSD_POPULATION@DF_POP_HIST(1.0),Historical population data,I,POL,Poland,POP,Population,PS,Persons,F,Female,Y50T54,From 50 to 54 years,H,Historical,2005,,1530688,,A,Normal value,0,Units,0,Zero
DATAFLOW,OECD.ELS.SAE:DSD_POPULATION@DF_POP_HIST(1.0),Historical population data,I,POL,Poland,POP,Population,PS,Persons,F,Female,Y50T54,From 50 to 54 years,H,Historical,2006,,1546581,,A,Normal value,0,Units,0,Zero
DATAFLOW,OECD.ELS.SAE:DSD_POPULATION@DF_POP_HIST(1.0),Historical population data,I,POL,Poland,POP,Population,PS,Persons,F,Female,Y50T54,From 50 to 54 years,H,Historical,2007,,1553623,,A,Normal value,0,Units,0,Zero
DATAFLOW,OECD.ELS.SAE:DSD_POPULATION@DF_POP_HIST(1.0),Historical population data,I,POL,Poland,POP,Population,PS,Persons,F,Female,Y50T54,From 50 to 54 years,H,Historical,2008,,1555190,,A,Normal value,0,Units,0,Zero
DATAFLOW,OECD.ELS.SAE:DSD_POPULATION@DF_POP_HIST(1.0),Historical population data,I,POL,Poland,POP,Population,PS,Persons,F,Female,Y50T54,From 50 to 54 years,H,Historical,2009,,1545228,,A,Normal value,0,Units,0,Zero
DATAFLOW,OECD.ELS.SAE:DSD_POPULATION@DF_POP_HIST(1.0),Historical population data,I,POL,Poland,POP,Population,PS,Persons,F,Female,Y50T54,From 50 to 54 years,H,Historical,2010,,1525487,,A,Normal value,0,Units,0,Zero
DATAFLOW,OECD.ELS.SAE:DSD_POPULATION@DF_POP_HIST(1.0),Historical population data,I,POL,Poland,POP,Population,PS,Persons,F,Female,Y50T54,From 50 to 54 years,H,Historical,2011,,1476402,,A,Normal value,0,Units,0,Zero
DATAFLOW,OECD.ELS.SAE:DSD_POPULATION@DF_POP_HIST(1.0),Historical population data,I,POL,Poland,POP,Population,PS,Persons,F,Female,Y50T54,From 50 to 54 years,H,Historical,2012,,1414996,,A,Normal value,0,Units,0,Zero
DATAFLOW,OECD.ELS.SAE:DSD_POPULATION@DF_POP_HIST(1.0),Historical population data,I,POL,Poland,POP,Population,PS,Persons,F,Female,Y50T54,From 50 to 54 years,H,Historical,2013,,1349353,,A,Normal value,0,Units,0,Zero
DATAFLOW,OECD.ELS.SAE:DSD_POPULATION@DF_POP_HIST(1.0),Historical population data,I,POL,Poland,POP,Population,PS,Persons,F,Female,Y50T54,From 50 to 54 years,H,Historical,2014,,1289093,,A,Normal value,0,Units,0,Zero
DATAFLOW,OECD.ELS.SAE:DSD_POPULATION@DF_POP_HIST(1.0),Historical population data,I,POL,Poland,POP,Population,PS,Persons,F,Female,Y50T54,From 50 to 54 years,H,Historical,2015,,1238398,,A,Normal value,0,Units,0,Zero
DATAFLOW,OECD.ELS.SAE:DSD_POPULATION@DF_POP_HIST(1.0),Historical population data,I,POL,Poland,POP,Population,PS,Persons,F,Female,Y50T54,From 50 to 54 years,H,Historical,2016,,1201119,,A,Normal value,0,Units,0,Zero
DATAFLOW,OECD.ELS.SAE:DSD_POPULATION@DF_POP_HIST(1.0),Historical population data,I,POL,Poland,POP,Population,PS,Persons,F,Female,Y50T54,From 50 to 54 years,H,Historical,2017,,1175409,,A,Normal value,0,Units,0,Zero
DATAFLOW,OECD.ELS.SAE:DSD_POPULATION@DF_POP_HIST(1.0),Historical population data,I,POL,Poland,POP,Population,PS,Persons,F,Female,Y50T54,From 50 to 54 years,H,Historical,2018,,1156541,,A,Normal value,0,Units,0,Zero
DATAFLOW,OECD.ELS.SAE:DSD_POPULATION@DF_POP_HIST(1.0),Historical population data,I,POL,Poland,POP,Population,PS,Persons,F,Female,Y50T54,From 50 to 54 years,H,Historical,2019,,1145187,,A,Normal value,0,Units,0,Zero
DATAFLOW,OECD.ELS.SAE:DSD_POPULATION@DF_POP_HIST(1.0),Historical population data,I,POL,Poland,POP,Population,PS,Persons,F,Female,Y50T54,From 50 to 54 years,H,Historical,2022,,1174961,,A,Normal value,0,Units,0,Zero
DATAFLOW,OECD.ELS.SAE:DSD_POPULATION@DF_POP_HIST(1.0),Historical population data,I,POL,Poland,POP,Population,PS,Persons,F,Female,Y65T69,From 65 to 69 years,H,Historical,1960,,435312,,A,Normal value,0,Units,0,Zero
DATAFLOW,OECD.ELS.SAE:DSD_POPULATION@DF_POP_HIST(1.0),Historical population data,I,POL,Poland,POP,Population,PS,Persons,F,Female,Y65T69,From 65 to 69 years,H,Historical,1961,,448400,,A,Normal value,0,Units,0,Zero
DATAFLOW,OECD.ELS.SAE:DSD_POPULATION@DF_POP_HIST(1.0),Historical population data,I,POL,Poland,POP,Population,PS,Persons,F,Female,Y65T69,From 65 to 69 years,H,Historical,1962,,475200,,A,Normal value,0,Units,0,Zero
DATAFLOW,OECD.ELS.SAE:DSD_POPULATION@DF_POP_HIST(1.0),Historical population data,I,POL,Poland,POP,Population,PS,Persons,F,Female,Y65T69,From 65 to 69 years,H,Historical,1963,,505300,,A,Normal value,0,Units,0,Zero
DATAFLOW,OECD.ELS.SAE:DSD_POPULATION@DF_POP_HIST(1.0),Historical population data,I,POL,Poland,POP,Population,PS,Persons,F,Female,Y65T69,From 65 to 69 years,H,Historical,1964,,527900,,A,Normal value,0,Units,0,Zero
DATAFLOW,OECD.ELS.SAE:DSD_POPULATION@DF_POP_HIST(1.0),Historical population data,I,POL,Poland,POP,Population,PS,Persons,F,Female,Y65T69,From 65 to 69 years,H,Historical,1965,,551900,,A,Normal value,0,Units,0,Zero
DATAFLOW,OECD.ELS.SAE:DSD_POPULATION@DF_POP_HIST(1.0),Historical population data,I,POL,Poland,POP,Population,PS,Persons,F,Female,Y65T69,From 65 to 69 years,H,Historical,1966,,577500,,A,Normal value,0,Units,0,Zero
DATAFLOW,OECD.ELS.SAE:DSD_POPULATION@DF_POP_HIST(1.0),Historical population data,I,POL,Poland,POP,Population,PS,Persons,F,Female,Y65T69,From 65 to 69 years,H,Historical,1967,,598900,,A,Normal value,0,Units,0,Zero
DATAFLOW,OECD.ELS.SAE:DSD_POPULATION@DF_POP_HIST(1.0),Historical population data,I,POL,Poland,POP,Population,PS,Persons,F,Female,Y65T69,From 65 to 69 years,H,Historical,1968,,626800,,A,Normal value,0,Units,0,Zero
DATAFLOW,OECD.ELS.SAE:DSD_POPULATION@DF_POP_HIST(1.0),Historical population data,I,POL,Poland,POP,Population,PS,Persons,F,Female,Y65T69,From 65 to 69 years,H,Historical,1969,,646800,,A,Normal value,0,Units,0,Zero
DATAFLOW,OECD.ELS.SAE:DSD_POPULATION@DF_POP_HIST(1.0),Historical population data,I,POL,Poland,POP,Population,PS,Persons,F,Female,Y65T69,From 65 to 69 years,H,Historical,1970,,664953,,A,Normal value,0,Units,0,Zero
DATAFLOW,OECD.ELS.SAE:DSD_POPULATION@DF_POP_HIST(1.0),Historical population data,I,POL,Poland,POP,Population,PS,Persons,F,Female,Y65T69,From 65 to 69 years,H,Historical,1971,,667200,,A,Normal value,0,Units,0,Zero
DATAFLOW,OECD.ELS.SAE:DSD_POPULATION@DF_POP_HIST(1.0),Historical population data,I,POL,Poland,POP,Population,PS,Persons,F,Female,Y65T69,From 65 to 69 years,H,Historical,1972,,694300,,A,Normal value,0,Units,0,Zero
DATAFLOW,OECD.ELS.SAE:DSD_POPULATION@DF_POP_HIST(1.0),Historical population data,I,POL,Poland,POP,Population,PS,Persons,F,Female,Y65T69,From 65 to 69 years,H,Historical,1973,,712600,,A,Normal value,0,Units,0,Zero
DATAFLOW,OECD.ELS.SAE:DSD_POPULATION@DF_POP_HIST(1.0),Historical population data,I,POL,Poland,POP,Population,PS,Persons,F,Female,Y65T69,From 65 to 69 years,H,Historical,1974,,729562,,A,Normal value,0,Units,0,Zero
DATAFLOW,OECD.ELS.SAE:DSD_POPULATION@DF_POP_HIST(1.0),Historical population data,I,POL,Poland,POP,Population,PS,Persons,F,Female,Y65T69,From 65 to 69 years,H,Historical,1975,,746774,,A,Normal value,0,Units,0,Zero
DATAFLOW,OECD.ELS.SAE:DSD_POPULATION@DF_POP_HIST(1.0),Historical population data,I,POL,Poland,POP,Population,PS,Persons,F,Female,Y65T69,From 65 to 69 years,H,Historical,1976,,758466,,A,Normal value,0,Units,0,Zero
DATAFLOW,OECD.ELS.SAE:DSD_POPULATION@DF_POP_HIST(1.0),Historical population data,I,POL,Poland,POP,Population,PS,Persons,F,Female,Y65T69,From 65 to 69 years,H,Historical,1977,,765569,,A,Normal value,0,Units,0,Zero
DATAFLOW,OECD.ELS.SAE:DSD_POPULATION@DF_POP_HIST(1.0),Historical population data,I,POL,Poland,POP,Population,PS,Persons,F,Female,Y65T69,From 65 to 69 years,H,Historical,1978,,769328,,A,Normal value,0,Units,0,Zero
DATAFLOW,OECD.ELS.SAE:DSD_POPULATION@DF_POP_HIST(1.0),Historical population data,I,POL,Poland,POP,Population,PS,Persons,F,Female,Y65T69,From 65 to 69 years,H,Historical,1979,,772241,,A,Normal value,0,Units,0,Zero
DATAFLOW,OECD.ELS.SAE:DSD_POPULATION@DF_POP_HIST(1.0),Historical population data,I,POL,Poland,POP,Population,PS,Persons,F,Female,Y65T69,From 65 to 69 years,H,Historical,1980,,749816,,A,Normal value,0,Units,0,Zero
DATAFLOW,OECD.ELS.SAE:DSD_POPULATION@DF_POP_HIST(1.0),Historical population data,I,POL,Poland,POP,Population,PS,Persons,F,Female,Y65T69,From 65 to 69 years,H,Historical,1981,,704630,,A,Normal value,0,Units,0,Zero
DATAFLOW,OECD.ELS.SAE:DSD_POPULATION@DF_POP_HIST(1.0),Historical population data,I,POL,Poland,POP,Population,PS,Persons,F,Female,Y65T69,From 65 to 69 years,H,Historical,1982,,647885,,A,Normal value,0,Units,0,Zero
DATAFLOW,OECD.ELS.SAE:DSD_POPULATION@DF_POP_HIST(1.0),Historical population data,I,POL,Poland,POP,Population,PS,Persons,F,Female,Y65T69,From 65 to 69 years,H,Historical,1983,,589904,,A,Normal value,0,Units,0,Zero
DATAFLOW,OECD.ELS.SAE:DSD_POPULATION@DF_POP_HIST(1.0),Historical population data,I,POL,Poland,POP,Population,PS,Persons,F,Female,Y65T69,From 65 to 69 years,H,Historical,1984,,558875,,A,Normal value,0,Units,0,Zero
DATAFLOW,OECD.ELS.SAE:DSD_POPULATION@DF_POP_HIST(1.0),Historical population data,I,POL,Poland,POP,Population,PS,Persons,F,Female,Y65T69,From 65 to 69 years,H,Historical,1985,,569902,,A,Normal value,0,Units,0,Zero
DATAFLOW,OECD.ELS.SAE:DSD_POPULATION@DF_POP_HIST(1.0),Historical population data,I,POL,Poland,POP,Population,PS,Persons,F,Female,Y65T69,From 65 to 69 years,H,Historical,1986,,609895,,A,Normal value,0,Units,0,Zero
DATAFLOW,OECD.ELS.SAE:DSD_POPULATION@DF_POP_HIST(1.0),Historical population data,I,POL,Poland,POP,Population,PS,Persons,F,Female,Y65T69,From 65 to 69 years,H,Historical,1987,,672272,,A,Normal value,0,Units,0,Zero
DATAFLOW,OECD.ELS.SAE:DSD_POPULATION@DF_POP_HIST(1.0),Historical population data,I,POL,Poland,POP,Population,PS,Persons,F,Female,Y65T69,From 65 to 69 years,H,Historical,1988,,752281,,A,Normal value,0,Units,0,Zero
DATAFLOW,OECD.ELS.SAE:DSD_POPULATION@DF_POP_HIST(1.0),Historical population data,I,POL,Poland,POP,Population,PS,Persons,F,Female,Y65T69,From 65 to 69 years,H,Historical,1989,,814983,,A,Normal value,0,Units,0,Zero
DATAFLOW,OECD.ELS.SAE:DSD_POPULATION@DF_POP_HIST(1.0),Historical population data,I,POL,Poland,POP,Population,PS,Persons,F,Female,Y65T69,From 65 to 69 years,H,Historical,1990,,818788,,A,Normal value,0,Units,0,Zero
DATAFLOW,OECD.ELS.SAE:DSD_POPULATION@DF_POP_HIST(1.0),Historical population data,I,POL,Poland,POP,Population,PS,Persons,F,Female,Y65T69,From 65 to 69 years,H,Historical,1991,,835761,,A,Normal value,0,Units,0,Zero
DATAFLOW,OECD.ELS.SAE:DSD_POPULATION@DF_POP_HIST(1.0),Historical population data,I,POL,Poland,POP,Population,PS,Persons,F,Female,Y65T69,From 65 to 69 years,H,Historical,1992,,850336,,A,Normal value,0,Units,0,Zero
DATAFLOW,OECD.ELS.SAE:DSD_POPULATION@DF_POP_HIST(1.0),Historical population data,I,POL,Poland,POP,Population,PS,Persons,F,Female,Y65T69,From 65 to 69 years,H,Historical,1993,,860242,,A,Normal value,0,Units,0,Zero
DATAFLOW,OECD.ELS.SAE:DSD_POPULATION@DF_POP_HIST(1.0),Historical population data,I,POL,Poland,POP,Population,PS,Persons,F,Female,Y65T69,From 65 to 69 years,H,Historical,1994,,866138,,A,Normal value,0,Units,0,Zero
DATAFLOW,OECD.ELS.SAE:DSD_POPULATION@DF_POP_HIST(1.0),Historical population data,I,POL,Poland,POP,Population,PS,Persons,F,Female,Y65T69,From 65 to 69 years,H,Historical,1995,,871301,,A,Normal value,0,Units,0,Zero
DATAFLOW,OECD.ELS.SAE:DSD_POPULATION@DF_POP_HIST(1.0),Historical population data,I,POL,Poland,POP,Population,PS,Persons,F,Female,Y65T69,From 65 to 69 years,H,Historical,1996,,874804,,A,Normal value,0,Units,0,Zero
DATAFLOW,OECD.ELS.SAE:DSD_POPULATION@DF_POP_HIST(1.0),Historical population data,I,POL,Poland,POP,Population,PS,Persons,F,Female,Y65T69,From 65 to 69 years,H,Historical,1997,,880236,,A,Normal value,0,Units,0,Zero
DATAFLOW,OECD.ELS.SAE:DSD_POPULATION@DF_POP_HIST(1.0),Historical population data,I,POL,Poland,POP,Population,PS,Persons,F,Female,Y65T69,From 65 to 69 years,H,Historical,1998,,889746,,A,Normal value,0,Units,0,Zero
DATAFLOW,OECD.ELS.SAE:DSD_POPULATION@DF_POP_HIST(1.0),Historical population data,I,POL,Poland,POP,Population,PS,Persons,F,Female,Y65T69,From 65 to 69 years,H,Historical,1999,,915537,,A,Normal value,0,Units,0,Zero
DATAFLOW,OECD.ELS.SAE:DSD_POPULATION@DF_POP_HIST(1.0),Historical population data,I,POL,Poland,POP,Population,PS,Persons,F,Female,Y65T69,From 65 to 69 years,H,Historical,2000,,926873,,A,Normal value,0,Units,0,Zero
DATAFLOW,OECD.ELS.SAE:DSD_POPULATION@DF_POP_HIST(1.0),Historical population data,I,POL,Poland,POP,Population,PS,Persons,F,Female,Y65T69,From 65 to 69 years,H,Historical,2001,,914247,,A,Normal value,0,Units,0,Zero
DATAFLOW,OECD.ELS.SAE:DSD_POPULATION@DF_POP_HIST(1.0),Historical population data,I,POL,Poland,POP,Population,PS,Persons,F,Female,Y65T69,From 65 to 69 years,H,Historical,2002,,906350,,A,Normal value,0,Units,0,Zero
DATAFLOW,OECD.ELS.SAE:DSD_POPULATION@DF_POP_HIST(1.0),Historical population data,I,POL,Poland,POP,Population,PS,Persons,F,Female,Y65T69,From 65 to 69 years,H,Historical,2003,,899948,,A,Normal value,0,Units,0,Zero
DATAFLOW,OECD.ELS.SAE:DSD_POPULATION@DF_POP_HIST(1.0),Historical population data,I,POL,Poland,POP,Population,PS,Persons,F,Female,Y65T69,From 65 to 69 years,H,Historical,2004,,896185,,A,Normal value,0,Units,0,Zero
DATAFLOW,OECD.ELS.SAE:DSD_POPULATION@DF_POP_HIST(1.0),Historical population data,I,POL,Poland,POP,Population,PS,Persons,F,Female,Y65T69,From 65 to 69 years,H,Historical,2005,,887648,,A,Normal value,0,Units,0,Zero
DATAFLOW,OECD.ELS.SAE:DSD_POPULATION@DF_POP_HIST(1.0),Historical population data,I,POL,Poland,POP,Population,PS,Persons,F,Female,Y65T69,From 65 to 69 years,H,Historical,2006,,870411,,A,Normal value,0,Units,0,Zero
DATAFLOW,OECD.ELS.SAE:DSD_POPULATION@DF_POP_HIST(1.0),Historical population data,I,POL,Poland,POP,Population,PS,Persons,F,Female,Y65T69,From 65 to 69 years,H,Historical,2007,,844227,,A,Normal value,0,Units,0,Zero
DATAFLOW,OECD.ELS.SAE:DSD_POPULATION@DF_POP_HIST(1.0),Historical population data,I,POL,Poland,POP,Population,PS,Persons,F,Female,Y65T69,From 65 to 69 years,H,Historical,2008,,817168,,A,Normal value,0,Units,0,Zero
DATAFLOW,OECD.ELS.SAE:DSD_POPULATION@DF_POP_HIST(1.0),Historical population data,I,POL,Poland,POP,Population,PS,Persons,F,Female,Y65T69,From 65 to 69 years,H,Historical,2009,,794642,,A,Normal value,0,Units,0,Zero
DATAFLOW,OECD.ELS.SAE:DSD_POPULATION@DF_POP_HIST(1.0),Historical population data,I,POL,Poland,POP,Population,PS,Persons,F,Female,Y65T69,From 65 to 69 years,H,Historical,2010,,775286,,A,Normal value,0,Units,0,Zero
DATAFLOW,OECD.ELS.SAE:DSD_POPULATION@DF_POP_HIST(1.0),Historical population data,I,POL,Poland,POP,Population,PS,Persons,F,Female,Y65T69,From 65 to 69 years,H,Historical,2011,,793696,,A,Normal value,0,Units,0,Zero
DATAFLOW,OECD.ELS.SAE:DSD_POPULATION@DF_POP_HIST(1.0),Historical population data,I,POL,Poland,POP,Population,PS,Persons,F,Female,Y65T69,From 65 to 69 years,H,Historical,2012,,861584,,A,Normal value,0,Units,0,Zero
DATAFLOW,OECD.ELS.SAE:DSD_POPULATION@DF_POP_HIST(1.0),Historical population data,I,POL,Poland,POP,Population,PS,Persons,F,Female,Y65T69,From 65 to 69 years,H,Historical,2013,,950037,,A,Normal value,0,Units,0,Zero
DATAFLOW,OECD.ELS.SAE:DSD_POPULATION@DF_POP_HIST(1.0),Historical population data,I,POL,Poland,POP,Population,PS,Persons,F,Female,Y65T69,From 65 to 69 years,H,Historical,2014,,1046433,,A,Normal value,0,Units,0,Zero
DATAFLOW,OECD.ELS.SAE:DSD_POPULATION@DF_POP_HIST(1.0),Historical population data,I,POL,Poland,POP,Population,PS,Persons,F,Female,Y65T69,From 65 to 69 years,H,Historical,2015,,1147725,,A,Normal value,0,Units,0,Zero
DATAFLOW,OECD.ELS.SAE:DSD_POPULATION@DF_POP_HIST(1.0),Historical population data,I,POL,Poland,POP,Population,PS,Persons,F,Female,Y65T69,From 65 to 69 years,H,Historical,2016,,1230371,,A,Normal value,0,Units,0,Zero
DATAFLOW,OECD.ELS.SAE:DSD_POPULATION@DF_POP_HIST(1.0),Historical population data,I,POL,Poland,POP,Population,PS,Persons,F,Female,Y65T69,From 65 to 69 years,H,Historical,2017,,1281862,,A,Normal value,0,Units,0,Zero
DATAFLOW,OECD.ELS.SAE:DSD_POPULATION@DF_POP_HIST(1.0),Historical population data,I,POL,Poland,POP,Population,PS,Persons,F,Female,Y65T69,From 65 to 69 years,H,Historical,2018,,1318859,,A,Normal value,0,Units,0,Zero
DATAFLOW,OECD.ELS.SAE:DSD_POPULATION@DF_POP_HIST(1.0),Historical population data,I,POL,Poland,POP,Population,PS,Persons,F,Female,Y65T69,From 65 to 69 years,H,Historical,2019,,1347042,,A,Normal value,0,Units,0,Zero
DATAFLOW,OECD.ELS.SAE:DSD_POPULATION@DF_POP_HIST(1.0),Historical population data,I,POL,Poland,POP,Population,PS,Persons,F,Female,Y65T69,From 65 to 69 years,H,Historical,2022,,1379790,,A,Normal value,0,Units,0,Zero
DATAFLOW,OECD.ELS.SAE:DSD_POPULATION@DF_POP_HIST(1.0),Historical population data,I,POL,Poland,POP,Population,PS,Persons,M,Male,Y_LE4,4 years or less,H,Historical,1960,,1728928,,A,Normal value,0,Units,0,Zero
DATAFLOW,OECD.ELS.SAE:DSD_POPULATION@DF_POP_HIST(1.0),Historical population data,I,POL,Poland,POP,Population,PS,Persons,M,Male,Y_LE4,4 years or less,H,Historical,1961,,1742000,,A,Normal value,0,Units,0,Zero
DATAFLOW,OECD.ELS.SAE:DSD_POPULATION@DF_POP_HIST(1.0),Historical population data,I,POL,Poland,POP,Population,PS,Persons,M,Male,Y_LE4,4 years or less,H,Historical,1962,,1668900,,A,Normal value,0,Units,0,Zero
DATAFLOW,OECD.ELS.SAE:DSD_POPULATION@DF_POP_HIST(1.0),Historical population data,I,POL,Poland,POP,Population,PS,Persons,M,Male,Y_LE4,4 years or less,H,Historical,1963,,1579600,,A,Normal value,0,Units,0,Zero
DATAFLOW,OECD.ELS.SAE:DSD_POPULATION@DF_POP_HIST(1.0),Historical population data,I,POL,Poland,POP,Population,PS,Persons,M,Male,Y_LE4,4 years or less,H,Historical,1964,,1512500,,A,Normal value,0,Units,0,Zero
DATAFLOW,OECD.ELS.SAE:DSD_POPULATION@DF_POP_HIST(1.0),Historical population data,I,POL,Poland,POP,Population,PS,Persons,M,Male,Y_LE4,4 years or less,H,Historical,1965,,1455500,,A,Normal value,0,Units,0,Zero
DATAFLOW,OECD.ELS.SAE:DSD_POPULATION@DF_POP_HIST(1.0),Historical population data,I,POL,Poland,POP,Population,PS,Persons,M,Male,Y_LE4,4 years or less,H,Historical,1966,,1407400,,A,Normal value,0,Units,0,Zero
DATAFLOW,OECD.ELS.SAE:DSD_POPULATION@DF_POP_HIST(1.0),Historical population data,I,POL,Poland,POP,Population,PS,Persons,M,Male,Y_LE4,4 years or less,H,Historical,1967,,1370200,,A,Normal value,0,Units,0,Zero
DATAFLOW,OECD.ELS.SAE:DSD_POPULATION@DF_POP_HIST(1.0),Historical population data,I,POL,Poland,POP,Population,PS,Persons,M,Male,Y_LE4,4 years or less,H,Historical,1968,,1342300,,A,Normal value,0,Units,0,Zero
DATAFLOW,OECD.ELS.SAE:DSD_POPULATION@DF_POP_HIST(1.0),Historical population data,I,POL,Poland,POP,Population,PS,Persons,M,Male,Y_LE4,4 years or less,H,Historical,1969,,1318000,,A,Normal value,0,Units,0,Zero
DATAFLOW,OECD.ELS.SAE:DSD_POPULATION@DF_POP_HIST(1.0),Historical population data,I,POL,Poland,POP,Population,PS,Persons,M,Male,Y_LE4,4 years or less,H,Historical,1970,,1280522,,A,Normal value,0,Units,0,Zero
DATAFLOW,OECD.ELS.SAE:DSD_POPULATION@DF_POP_HIST(1.0),Historical population data,I,POL,Poland,POP,Population,PS,Persons,M,Male,Y_LE4,4 years or less,H,Historical,1971,,1306800,,A,Normal value,0,Units,0,Zero
DATAFLOW,OECD.ELS.SAE:DSD_POPULATION@DF_POP_HIST(1.0),Historical population data,I,POL,Poland,POP,Population,PS,Persons,M,Male,Y_LE4,4 years or less,H,Historical,1972,,1338300,,A,Normal value,0,Units,0,Zero
DATAFLOW,OECD.ELS.SAE:DSD_POPULATION@DF_POP_HIST(1.0),Historical population data,I,POL,Poland,POP,Population,PS,Persons,M,Male,Y_LE4,4 years or less,H,Historical,1973,,1371200,,A,Normal value,0,Units,0,Zero
DATAFLOW,OECD.ELS.SAE:DSD_POPULATION@DF_POP_HIST(1.0),Historical population data,I,POL,Poland,POP,Population,PS,Persons,M,Male,Y_LE4,4 years or less,H,Historical,1974,,1418988,,A,Normal value,0,Units,0,Zero
DATAFLOW,OECD.ELS.SAE:DSD_POPULATION@DF_POP_HIST(1.0),Historical population data,I,POL,Poland,POP,Population,PS,Persons,M,Male,Y_LE4,4 years or less,H,Historical,1975,,1473071,,A,Normal value,0,Units,0,Zero
DATAFLOW,OECD.ELS.SAE:DSD_POPULATION@DF_POP_HIST(1.0),Historical population data,I,POL,Poland,POP,Population,PS,Persons,M,Male,Y_LE4,4 years or less,H,Historical,1976,,1522940,,A,Normal value,0,Units,0,Zero
DATAFLOW,OECD.ELS.SAE:DSD_POPULATION@DF_POP_HIST(1.0),Historical population data,I,POL,Poland,POP,Population,PS,Persons,M,Male,Y_LE4,4 years or less,H,Historical,1977,,1573704,,A,Normal value,0,Units,0,Zero
DATAFLOW,OECD.ELS.SAE:DSD_POPULATION@DF_POP_HIST(1.0),Historical population data,I,POL,Poland,POP,Population,PS,Persons,M,Male,Y_LE4,4 years or less,H,Historical,1978,,1614933,,A,Normal value,0,Units,0,Zero
DATAFLOW,OECD.ELS.SAE:DSD_POPULATION@DF_POP_HIST(1.0),Historical population data,I,POL,Poland,POP,Population,PS,Persons,M,Male,Y_LE4,4 years or less,H,Historical,1979,,1636470,,A,Normal value,0,Units,0,Zero
DATAFLOW,OECD.ELS.SAE:DSD_POPULATION@DF_POP_HIST(1.0),Historical population data,I,POL,Poland,POP,Population,PS,Persons,M,Male,Y_LE4,4 years or less,H,Historical,1980,,1664638,,A,Normal value,0,Units,0,Zero
DATAFLOW,OECD.ELS.SAE:DSD_POPULATION@DF_POP_HIST(1.0),Historical population data,I,POL,Poland,POP,Population,PS,Persons,M,Male,Y_LE4,4 years or less,H,Historical,1981,,1678012,,A,Normal value,0,Units,0,Zero
DATAFLOW,OECD.ELS.SAE:DSD_POPULATION@DF_POP_HIST(1.0),Historical population data,I,POL,Poland,POP,Population,PS,Persons,M,Male,Y_LE4,4 years or less,H,Historical,1982,,1698253,,A,Normal value,0,Units,0,Zero
DATAFLOW,OECD.ELS.SAE:DSD_POPULATION@DF_POP_HIST(1.0),Historical population data,I,POL,Poland,POP,Population,PS,Persons,M,Male,Y_LE4,4 years or less,H,Historical,1983,,1731591,,A,Normal value,0,Units,0,Zero
DATAFLOW,OECD.ELS.SAE:DSD_POPULATION@DF_POP_HIST(1.0),Historical population data,I,POL,Poland,POP,Population,PS,Persons,M,Male,Y_LE4,4 years or less,H,Historical,1984,,1754778,,A,Normal value,0,Units,0,Zero
DATAFLOW,OECD.ELS.SAE:DSD_POPULATION@DF_POP_HIST(1.0),Historical population data,I,POL,Poland,POP,Population,PS,Persons,M,Male,Y_LE4,4 years or less,H,Historical,1985,,1754924,,A,Normal value,0,Units,0,Zero
DATAFLOW,OECD.ELS.SAE:DSD_POPULATION@DF_POP_HIST(1.0),Historical population data,I,POL,Poland,POP,Population,PS,Persons,M,Male,Y_LE4,4 years or less,H,Historical,1986,,1743019,,A,Normal value,0,Units,0,Zero
DATAFLOW,OECD.ELS.SAE:DSD_POPULATION@DF_POP_HIST(1.0),Historical population data,I,POL,Poland,POP,Population,PS,Persons,M,Male,Y_LE4,4 years or less,H,Historical,1987,,1705221,,A,Normal value,0,Units,0,Zero
DATAFLOW,OECD.ELS.SAE:DSD_POPULATION@DF_POP_HIST(1.0),Historical population data,I,POL,Poland,POP,Population,PS,Persons,M,Male,Y_LE4,4 years or less,H,Historical,1988,,1651063,,A,Normal value,0,Units,0,Zero
DATAFLOW,OECD.ELS.SAE:DSD_POPULATION@DF_POP_HIST(1.0),Historical population data,I,POL,Poland,POP,Population,PS,Persons,M,Male,Y_LE4,4 years or less,H,Historical,1989,,1578196,,A,Normal value,0,Units,0,Zero
DATAFLOW,OECD.ELS.SAE:DSD_POPULATION@DF_POP_HIST(1.0),Historical population data,I,POL,Poland,POP,Population,PS,Persons,M,Male,Y_LE4,4 years or less,H,Historical,1990,,1535179,,A,Normal value,0,Units,0,Zero
DATAFLOW,OECD.ELS.SAE:DSD_POPULATION@DF_POP_HIST(1.0),Historical population data,I,POL,Poland,POP,Population,PS,Persons,M,Male,Y_LE4,4 years or less,H,Historical,1991,,1481159,,A,Normal value,0,Units,0,Zero
DATAFLOW,OECD.ELS.SAE:DSD_POPULATION@DF_POP_HIST(1.0),Historical population data,I,POL,Poland,POP,Population,PS,Persons,M,Male,Y_LE4,4 years or less,H,Historical,1992,,1423408,,A,Normal value,0,Units,0,Zero
DATAFLOW,OECD.ELS.SAE:DSD_POPULATION@DF_POP_HIST(1.0),Historical population data,I,POL,Poland,POP,Population,PS,Persons,M,Male,Y_LE4,4 years or less,H,Historical,1993,,1369033,,A,Normal value,0,Units,0,Zero
DATAFLOW,OECD.ELS.SAE:DSD_POPULATION@DF_POP_HIST(1.0),Historical population data,I,POL,Poland,POP,Population,PS,Persons,M,Male,Y_LE4,4 years or less,H,Historical,1994,,1324583,,A,Normal value,0,Units,0,Zero
DATAFLOW,OECD.ELS.SAE:DSD_POPULATION@DF_POP_HIST(1.0),Historical population data,I,POL,Poland,POP,Population,PS,Persons,M,Male,Y_LE4,4 years or less,H,Historical,1995,,1274926,,A,Normal value,0,Units,0,Zero
DATAFLOW,OECD.ELS.SAE:DSD_POPULATION@DF_POP_HIST(1.0),Historical population data,I,POL,Poland,POP,Population,PS,Persons,M,Male,Y_LE4,4 years or less,H,Historical,1996,,1217418,,A,Normal value,0,Units,0,Zero
DATAFLOW,OECD.ELS.SAE:DSD_POPULATION@DF_POP_HIST(1.0),Historical population data,I,POL,Poland,POP,Population,PS,Persons,M,Male,Y_LE4,4 years or less,H,Historical,1997,,1163161,,A,Normal value,0,Units,0,Zero
DATAFLOW,OECD.ELS.SAE:DSD_POPULATION@DF_POP_HIST(1.0),Historical population data,I,POL,Poland,POP,Population,PS,Persons,M,Male,Y_LE4,4 years or less,H,Historical,1998,,1113883,,A,Normal value,0,Units,0,Zero
DATAFLOW,OECD.ELS.SAE:DSD_POPULATION@DF_POP_HIST(1.0),Historical population data,I,POL,Poland,POP,Population,PS,Persons,M,Male,Y_LE4,4 years or less,H,Historical,1999,,1070170,,A,Normal value,0,Units,0,Zero
DATAFLOW,OECD.ELS.SAE:DSD_POPULATION@DF_POP_HIST(1.0),Historical population data,I,POL,Poland,POP,Population,PS,Persons,M,Male,Y_LE4,4 years or less,H,Historical,2000,,1034342,,A,Normal value,0,Units,0,Zero
DATAFLOW,OECD.ELS.SAE:DSD_POPULATION@DF_POP_HIST(1.0),Historical population data,I,POL,Poland,POP,Population,PS,Persons,M,Male,Y_LE4,4 years or less,H,Historical,2001,,1001209,,A,Normal value,0,Units,0,Zero
DATAFLOW,OECD.ELS.SAE:DSD_POPULATION@DF_POP_HIST(1.0),Historical population data,I,POL,Poland,POP,Population,PS,Persons,M,Male,Y_LE4,4 years or less,H,Historical,2002,,966828,,A,Normal value,0,Units,0,Zero
DATAFLOW,OECD.ELS.SAE:DSD_POPULATION@DF_POP_HIST(1.0),Historical population data,I,POL,Poland,POP,Population,PS,Persons,M,Male,Y_LE4,4 years or less,H,Historical,2003,,945188,,A,Normal value,0,Units,0,Zero
DATAFLOW,OECD.ELS.SAE:DSD_POPULATION@DF_POP_HIST(1.0),Historical population data,I,POL,Poland,POP,Population,PS,Persons,M,Male,Y_LE4,4 years or less,H,Historical,2004,,928989,,A,Normal value,0,Units,0,Zero
DATAFLOW,OECD.ELS.SAE:DSD_POPULATION@DF_POP_HIST(1.0),Historical population data,I,POL,Poland,POP,Population,PS,Persons,M,Male,Y_LE4,4 years or less,H,Historical,2005,,919504,,A,Normal value,0,Units,0,Zero
DATAFLOW,OECD.ELS.SAE:DSD_POPULATION@DF_POP_HIST(1.0),Historical population data,I,POL,Poland,POP,Population,PS,Persons,M,Male,Y_LE4,4 years or less,H,Historical,2006,,917093,,A,Normal value,0,Units,0,Zero
DATAFLOW,OECD.ELS.SAE:DSD_POPULATION@DF_POP_HIST(1.0),Historical population data,I,POL,Poland,POP,Population,PS,Persons,M,Male,Y_LE4,4 years or less,H,Historical,2007,,928448,,A,Normal value,0,Units,0,Zero
DATAFLOW,OECD.ELS.SAE:DSD_POPULATION@DF_POP_HIST(1.0),Historical population data,I,POL,Poland,POP,Population,PS,Persons,M,Male,Y_LE4,4 years or less,H,Historical,2008,,952657,,A,Normal value,0,Units,0,Zero
DATAFLOW,OECD.ELS.SAE:DSD_POPULATION@DF_POP_HIST(1.0),Historical population data,I,POL,Poland,POP,Population,PS,Persons,M,Male,Y_LE4,4 years or less,H,Historical,2009,,991665,,A,Normal value,0,Units,0,Zero
DATAFLOW,OECD.ELS.SAE:DSD_POPULATION@DF_POP_HIST(1.0),Historical population data,I,POL,Poland,POP,Population,PS,Persons,M,Male,Y_LE4,4 years or less,H,Historical,2010,,1048524,,A,Normal value,0,Units,0,Zero
DATAFLOW,OECD.ELS.SAE:DSD_POPULATION@DF_POP_HIST(1.0),Historical population data,I,POL,Poland,POP,Population,PS,Persons,M,Male,Y_LE4,4 years or less,H,Historical,2011,,1060309,,A,Normal value,0,Units,0,Zero
DATAFLOW,OECD.ELS.SAE:DSD_POPULATION@DF_POP_HIST(1.0),Historical population data,I,POL,Poland,POP,Population,PS,Persons,M,Male,Y_LE4,4 years or less,H,Historical,2012,,1059874,,A,Normal value,0,Units,0,Zero
DATAFLOW,OECD.ELS.SAE:DSD_POPULATION@DF_POP_HIST(1.0),Historical population data,I,POL,Poland,POP,Population,PS,Persons,M,Male,Y_LE4,4 years or less,H,Historical,2013,,1039009,,A,Normal value,0,Units,0,Zero
DATAFLOW,OECD.ELS.SAE:DSD_POPULATION@DF_POP_HIST(1.0),Historical population data,I,POL,Poland,POP,Population,PS,Persons,M,Male,Y_LE4,4 years or less,H,Historical,2014,,1008381,,A,Normal value,0,Units,0,Zero
DATAFLOW,OECD.ELS.SAE:DSD_POPULATION@DF_POP_HIST(1.0),Historical population data,I,POL,Poland,POP,Population,PS,Persons,M,Male,Y_LE4,4 years or less,H,Historical,2015,,982639,,A,Normal value,0,Units,0,Zero
DATAFLOW,OECD.ELS.SAE:DSD_POPULATION@DF_POP_HIST(1.0),Historical population data,I,POL,Poland,POP,Population,PS,Persons,M,Male,Y_LE4,4 years or less,H,Historical,2016,,967398,,A,Normal value,0,Units,0,Zero
DATAFLOW,OECD.ELS.SAE:DSD_POPULATION@DF_POP_HIST(1.0),Historical population data,I,POL,Poland,POP,Population,PS,Persons,M,Male,Y_LE4,4 years or less,H,Historical,2017,,970098,,A,Normal value,0,Units,0,Zero
DATAFLOW,OECD.ELS.SAE:DSD_POPULATION@DF_POP_HIST(1.0),Historical population data,I,POL,Poland,POP,Population,PS,Persons,M,Male,Y_LE4,4 years or less,H,Historical,2018,,979835,,A,Normal value,0,Units,0,Zero
DATAFLOW,OECD.ELS.SAE:DSD_POPULATION@DF_POP_HIST(1.0),Historical population data,I,POL,Poland,POP,Population,PS,Persons,M,Male,Y_LE4,4 years or less,H,Historical,2019,,983166,,A,Normal value,0,Units,0,Zero
DATAFLOW,OECD.ELS.SAE:DSD_POPULATION@DF_POP_HIST(1.0),Historical population data,I,POL,Poland,POP,Population,PS,Persons,M,Male,Y_LE4,4 years or less,H,Historical,2022,,928152,,A,Normal value,0,Units,0,Zero
DATAFLOW,OECD.ELS.SAE:DSD_POPULATION@DF_POP_HIST(1.0),Historical population data,I,POL,Poland,POP,Population,PS,Persons,M,Male,Y40T44,From 40 to 44 years,H,Historical,1960,,624536,,A,Normal value,0,Units,0,Zero
DATAFLOW,OECD.ELS.SAE:DSD_POPULATION@DF_POP_HIST(1.0),Historical population data,I,POL,Poland,POP,Population,PS,Persons,M,Male,Y40T44,From 40 to 44 years,H,Historical,1961,,652500,,A,Normal value,0,Units,0,Zero
DATAFLOW,OECD.ELS.SAE:DSD_POPULATION@DF_POP_HIST(1.0),Historical population data,I,POL,Poland,POP,Population,PS,Persons,M,Male,Y40T44,From 40 to 44 years,H,Historical,1962,,719000,,A,Normal value,0,Units,0,Zero
DATAFLOW,OECD.ELS.SAE:DSD_POPULATION@DF_POP_HIST(1.0),Historical population data,I,POL,Poland,POP,Population,PS,Persons,M,Male,Y40T44,From 40 to 44 years,H,Historical,1963,,811200,,A,Normal value,0,Units,0,Zero
DATAFLOW,OECD.ELS.SAE:DSD_POPULATION@DF_POP_HIST(1.0),Historical population data,I,POL,Poland,POP,Population,PS,Persons,M,Male,Y40T44,From 40 to 44 years,H,Historical,1964,,882200,,A,Normal value,0,Units,0,Zero
DATAFLOW,OECD.ELS.SAE:DSD_POPULATION@DF_POP_HIST(1.0),Historical population data,I,POL,Poland,POP,Population,PS,Persons,M,Male,Y40T44,From 40 to 44 years,H,Historical,1965,,925700,,A,Normal value,0,Units,0,Zero
DATAFLOW,OECD.ELS.SAE:DSD_POPULATION@DF_POP_HIST(1.0),Historical population data,I,POL,Poland,POP,Population,PS,Persons,M,Male,Y40T44,From 40 to 44 years,H,Historical,1966,,963500,,A,Normal value,0,Units,0,Zero
DATAFLOW,OECD.ELS.SAE:DSD_POPULATION@DF_POP_HIST(1.0),Historical population data,I,POL,Poland,POP,Population,PS,Persons,M,Male,Y40T44,From 40 to 44 years,H,Historical,1967,,991800,,A,Normal value,0,Units,0,Zero
DATAFLOW,OECD.ELS.SAE:DSD_POPULATION@DF_POP_HIST(1.0),Historical population data,I,POL,Poland,POP,Population,PS,Persons,M,Male,Y40T44,From 40 to 44 years,H,Historical,1968,,1017100,,A,Normal value,0,Units,0,Zero
DATAFLOW,OECD.ELS.SAE:DSD_POPULATION@DF_POP_HIST(1.0),Historical population data,I,POL,Poland,POP,Population,PS,Persons,M,Male,Y40T44,From 40 to 44 years,H,Historical,1969,,1052900,,A,Normal value,0,Units,0,Zero
DATAFLOW,OECD.ELS.SAE:DSD_POPULATION@DF_POP_HIST(1.0),Historical population data,I,POL,Poland,POP,Population,PS,Persons,M,Male,Y40T44,From 40 to 44 years,H,Historical,1970,,1097386,,A,Normal value,0,Units,0,Zero
DATAFLOW,OECD.ELS.SAE:DSD_POPULATION@DF_POP_HIST(1.0),Historical population data,I,POL,Poland,POP,Population,PS,Persons,M,Male,Y40T44,From 40 to 44 years,H,Historical,1971,,1113100,,A,Normal value,0,Units,0,Zero
DATAFLOW,OECD.ELS.SAE:DSD_POPULATION@DF_POP_HIST(1.0),Historical population data,I,POL,Poland,POP,Population,PS,Persons,M,Male,Y40T44,From 40 to 44 years,H,Historical,1972,,1138200,,A,Normal value,0,Units,0,Zero
DATAFLOW,OECD.ELS.SAE:DSD_POPULATION@DF_POP_HIST(1.0),Historical population data,I,POL,Poland,POP,Population,PS,Persons,M,Male,Y40T44,From 40 to 44 years,H,Historical,1973,,1143000,,A,Normal value,0,Units,0,Zero
DATAFLOW,OECD.ELS.SAE:DSD_POPULATION@DF_POP_HIST(1.0),Historical population data,I,POL,Poland,POP,Population,PS,Persons,M,Male,Y40T44,From 40 to 44 years,H,Historical,1974,,1131659,,A,Normal value,0,Units,0,Zero
DATAFLOW,OECD.ELS.SAE:DSD_POPULATION@DF_POP_HIST(1.0),Historical population data,I,POL,Poland,POP,Population,PS,Persons,M,Male,Y40T44,From 40 to 44 years,H,Historical,1975,,1113024,,A,Normal value,0,Units,0,Zero
DATAFLOW,OECD.ELS.SAE:DSD_POPULATION@DF_POP_HIST(1.0),Historical population data,I,POL,Poland,POP,Population,PS,Persons,M,Male,Y40T44,From 40 to 44 years,H,Historical,1976,,1093184,,A,Normal value,0,Units,0,Zero
DATAFLOW,OECD.ELS.SAE:DSD_POPULATION@DF_POP_HIST(1.0),Historical population data,I,POL,Poland,POP,Population,PS,Persons,M,Male,Y40T44,From 40 to 44 years,H,Historical,1977,,1076703,,A,Normal value,0,Units,0,Zero
DATAFLOW,OECD.ELS.SAE:DSD_POPULATION@DF_POP_HIST(1.0),Historical population data,I,POL,Poland,POP,Population,PS,Persons,M,Male,Y40T44,From 40 to 44 years,H,Historical,1978,,1062722,,A,Normal value,0,Units,0,Zero
DATAFLOW,OECD.ELS.SAE:DSD_POPULATION@DF_POP_HIST(1.0),Historical population data,I,POL,Poland,POP,Population,PS,Persons,M,Male,Y40T44,From 40 to 44 years,H,Historical,1979,,1053073,,A,Normal value,0,Units,0,Zero
DATAFLOW,OECD.ELS.SAE:DSD_POPULATION@DF_POP_HIST(1.0),Historical population data,I,POL,Poland,POP,Population,PS,Persons,M,Male,Y40T44,From 40 to 44 years,H,Historical,1980,,1037718,,A,Normal value,0,Units,0,Zero
DATAFLOW,OECD.ELS.SAE:DSD_POPULATION@DF_POP_HIST(1.0),Historical population data,I,POL,Poland,POP,Population,PS,Persons,M,Male,Y40T44,From 40 to 44 years,H,Historical,1981,,1013273,,A,Normal value,0,Units,0,Zero
DATAFLOW,OECD.ELS.SAE:DSD_POPULATION@DF_POP_HIST(1.0),Historical population data,I,POL,Poland,POP,Population,PS,Persons,M,Male,Y40T44,From 40 to 44 years,H,Historical,1982,,981364,,A,Normal value,0,Units,0,Zero
DATAFLOW,OECD.ELS.SAE:DSD_POPULATION@DF_POP_HIST(1.0),Historical population data,I,POL,Poland,POP,Population,PS,Persons,M,Male,Y40T44,From 40 to 44 years,H,Historical,1983,,949262,,A,Normal value,0,Units,0,Zero
DATAFLOW,OECD.ELS.SAE:DSD_POPULATION@DF_POP_HIST(1.0),Historical population data,I,POL,Poland,POP,Population,PS,Persons,M,Male,Y40T44,From 40 to 44 years,H,Historical,1984,,921418,,A,Normal value,0,Units,0,Zero
DATAFLOW,OECD.ELS.SAE:DSD_POPULATION@DF_POP_HIST(1.0),Historical population data,I,POL,Poland,POP,Population,PS,Persons,M,Male,Y40T44,From 40 to 44 years,H,Historical,1985,,900082,,A,Normal value,0,Units,0,Zero
DATAFLOW,OECD.ELS.SAE:DSD_POPULATION@DF_POP_HIST(1.0),Historical population data,I,POL,Poland,POP,Population,PS,Persons,M,Male,Y40T44,From 40 to 44 years,H,Historical,1986,,921290,,A,Normal value,0,Units,0,Zero
DATAFLOW,OECD.ELS.SAE:DSD_POPULATION@DF_POP_HIST(1.0),Historical population data,I,POL,Poland,POP,Population,PS,Persons,M,Male,Y40T44,From 40 to 44 years,H,Historical,1987,,997864,,A,Normal value,0,Units,0,Zero
DATAFLOW,OECD.ELS.SAE:DSD_POPULATION@DF_POP_HIST(1.0),Historical population data,I,POL,Poland,POP,Population,PS,Persons,M,Male,Y40T44,From 40 to 44 years,H,Historical,1988,,1101970,,A,Normal value,0,Units,0,Zero
DATAFLOW,OECD.ELS.SAE:DSD_POPULATION@DF_POP_HIST(1.0),Historical population data,I,POL,Poland,POP,Population,PS,Persons,M,Male,Y40T44,From 40 to 44 years,H,Historical,1989,,1212526,,A,Normal value,0,Units,0,Zero
DATAFLOW,OECD.ELS.SAE:DSD_POPULATION@DF_POP_HIST(1.0),Historical population data,I,POL,Poland,POP,Population,PS,Persons,M,Male,Y40T44,From 40 to 44 years,H,Historical,1990,,1209059,,A,Normal value,0,Units,0,Zero
DATAFLOW,OECD.ELS.SAE:DSD_POPULATION@DF_POP_HIST(1.0),Historical population data,I,POL,Poland,POP,Population,PS,Persons,M,Male,Y40T44,From 40 to 44 years,H,Historical,1991,,1244017,,A,Normal value,0,Units,0,Zero
DATAFLOW,OECD.ELS.SAE:DSD_POPULATION@DF_POP_HIST(1.0),Historical population data,I,POL,Poland,POP,Population,PS,Persons,M,Male,Y40T44,From 40 to 44 years,H,Historical,1992,,1276876,,A,Normal value,0,Units,0,Zero
DATAFLOW,OECD.ELS.SAE:DSD_POPULATION@DF_POP_HIST(1.0),Historical population data,I,POL,Poland,POP,Population,PS,Persons,M,Male,Y40T44,From 40 to 44 years,H,Historical,1993,,1309068,,A,Normal value,0,Units,0,Zero
DATAFLOW,OECD.ELS.SAE:DSD_POPULATION@DF_POP_HIST(1.0),Historical population data,I,POL,Poland,POP,Population,PS,Persons,M,Male,Y40T44,From 40 to 44 years,H,Historical,1994,,1340449,,A,Normal value,0,Units,0,Zero
DATAFLOW,OECD.ELS.SAE:DSD_POPULATION@DF_POP_HIST(1.0),Historical population data,I,POL,Poland,POP,Population,PS,Persons,M,Male,Y40T44,From 40 to 44 years,H,Historical,1995,,1370852,,A,Normal value,0,Units,0,Zero
DATAFLOW,OECD.ELS.SAE:DSD_POPULATION@DF_POP_HIST(1.0),Historical population data,I,POL,Poland,POP,Population,PS,Persons,M,Male,Y40T44,From 40 to 44 years,H,Historical,1996,,1402300,,A,Normal value,0,Units,0,Zero
DATAFLOW,OECD.ELS.SAE:DSD_POPULATION@DF_POP_HIST(1.0),Historical population data,I,POL,Poland,POP,Population,PS,Persons,M,Male,Y40T44,From 40 to 44 years,H,Historical,1997,,1433708,,A,Normal value,0,Units,0,Zero
DATAFLOW,OECD.ELS.SAE:DSD_POPULATION@DF_POP_HIST(1.0),Historical population data,I,POL,Poland,POP,Population,PS,Persons,M,Male,Y40T44,From 40 to 44 years,H,Historical,1998,,1463875,,A,Normal value,0,Units,0,Zero
DATAFLOW,OECD.ELS.SAE:DSD_POPULATION@DF_POP_HIST(1.0),Historical population data,I,POL,Poland,POP,Population,PS,Persons,M,Male,Y40T44,From 40 to 44 years,H,Historical,1999,,1528450,,A,Normal value,0,Units,0,Zero
DATAFLOW,OECD.ELS.SAE:DSD_POPULATION@DF_POP_HIST(1.0),Historical population data,I,POL,Poland,POP,Population,PS,Persons,M,Male,Y40T44,From 40 to 44 years,H,Historical,2000,,1556478,,A,Normal value,0,Units,0,Zero
DATAFLOW,OECD.ELS.SAE:DSD_POPULATION@DF_POP_HIST(1.0),Historical population data,I,POL,Poland,POP,Population,PS,Persons,M,Male,Y40T44,From 40 to 44 years,H,Historical,2001,,1506662,,A,Normal value,0,Units,0,Zero
DATAFLOW,OECD.ELS.SAE:DSD_POPULATION@DF_POP_HIST(1.0),Historical population data,I,POL,Poland,POP,Population,PS,Persons,M,Male,Y40T44,From 40 to 44 years,H,Historical,2002,,1445726,,A,Normal value,0,Units,0,Zero
DATAFLOW,OECD.ELS.SAE:DSD_POPULATION@DF_POP_HIST(1.0),Historical population data,I,POL,Poland,POP,Population,PS,Persons,M,Male,Y40T44,From 40 to 44 years,H,Historical,2003,,1381664,,A,Normal value,0,Units,0,Zero
DATAFLOW,OECD.ELS.SAE:DSD_POPULATION@DF_POP_HIST(1.0),Historical population data,I,POL,Poland,POP,Population,PS,Persons,M,Male,Y40T44,From 40 to 44 years,H,Historical,2004,,1323062,,A,Normal value,0,Units,0,Zero
DATAFLOW,OECD.ELS.SAE:DSD_POPULATION@DF_POP_HIST(1.0),Historical population data,I,POL,Poland,POP,Population,PS,Persons,M,Male,Y40T44,From 40 to 44 years,H,Historical,2005,,1274117,,A,Normal value,0,Units,0,Zero
DATAFLOW,OECD.ELS.SAE:DSD_POPULATION@DF_POP_HIST(1.0),Historical population data,I,POL,Poland,POP,Population,PS,Persons,M,Male,Y40T44,From 40 to 44 years,H,Historical,2006,,1236842,,A,Normal value,0,Units,0,Zero
DATAFLOW,OECD.ELS.SAE:DSD_POPULATION@DF_POP_HIST(1.0),Historical population data,I,POL,Poland,POP,Population,PS,Persons,M,Male,Y40T44,From 40 to 44 years,H,Historical,2007,,1209326,,A,Normal value,0,Units,0,Zero
DATAFLOW,OECD.ELS.SAE:DSD_POPULATION@DF_POP_HIST(1.0),Historical population data,I,POL,Poland,POP,Population,PS,Persons,M,Male,Y40T44,From 40 to 44 years,H,Historical,2008,,1189098,,A,Normal value,0,Units,0,Zero
DATAFLOW,OECD.ELS.SAE:DSD_POPULATION@DF_POP_HIST(1.0),Historical population data,I,POL,Poland,POP,Population,PS,Persons,M,Male,Y40T44,From 40 to 44 years,H,Historical,2009,,1176928,,A,Normal value,0,Units,0,Zero
DATAFLOW,OECD.ELS.SAE:DSD_POPULATION@DF_POP_HIST(1.0),Historical population data,I,POL,Poland,POP,Population,PS,Persons,M,Male,Y40T44,From 40 to 44 years,H,Historical,2010,,1194559,,A,Normal value,0,Units,0,Zero
DATAFLOW,OECD.ELS.SAE:DSD_POPULATION@DF_POP_HIST(1.0),Historical population data,I,POL,Poland,POP,Population,PS,Persons,M,Male,Y40T44,From 40 to 44 years,H,Historical,2011,,1206998,,A,Normal value,0,Units,0,Zero
DATAFLOW,OECD.ELS.SAE:DSD_POPULATION@DF_POP_HIST(1.0),Historical population data,I,POL,Poland,POP,Population,PS,Persons,M,Male,Y40T44,From 40 to 44 years,H,Historical,2012,,1231083,,A,Normal value,0,Units,0,Zero
DATAFLOW,OECD.ELS.SAE:DSD_POPULATION@DF_POP_HIST(1.0),Historical population data,I,POL,Poland,POP,Population,PS,Persons,M,Male,Y40T44,From 40 to 44 years,H,Historical,2013,,1265384,,A,Normal value,0,Units,0,Zero
DATAFLOW,OECD.ELS.SAE:DSD_POPULATION@DF_POP_HIST(1.0),Historical population data,I,POL,Poland,POP,Population,PS,Persons,M,Male,Y40T44,From 40 to 44 years,H,Historical,2014,,1307863,,A,Normal value,0,Units,0,Zero
DATAFLOW,OECD.ELS.SAE:DSD_POPULATION@DF_POP_HIST(1.0),Historical population data,I,POL,Poland,POP,Population,PS,Persons,M,Male,Y40T44,From 40 to 44 years,H,Historical,2015,,1354899,,A,Normal value,0,Units,0,Zero
DATAFLOW,OECD.ELS.SAE:DSD_POPULATION@DF_POP_HIST(1.0),Historical population data,I,POL,Poland,POP,Population,PS,Persons,M,Male,Y40T44,From 40 to 44 years,H,Historical,2016,,1403880,,A,Normal value,0,Units,0,Zero
DATAFLOW,OECD.ELS.SAE:DSD_POPULATION@DF_POP_HIST(1.0),Historical population data,I,POL,Poland,POP,Population,PS,Persons,M,Male,Y40T44,From 40 to 44 years,H,Historical,2017,,1449335,,A,Normal value,0,Units,0,Zero
DATAFLOW,OECD.ELS.SAE:DSD_POPULATION@DF_POP_HIST(1.0),Historical population data,I,POL,Poland,POP,Population,PS,Persons,M,Male,Y40T44,From 40 to 44 years,H,Historical,2018,,1485053,,A,Normal value,0,Units,0,Zero
DATAFLOW,OECD.ELS.SAE:DSD_POPULATION@DF_POP_HIST(1.0),Historical population data,I,POL,Poland,POP,Population,PS,Persons,M,Male,Y40T44,From 40 to 44 years,H,Historical,2019,,1515876,,A,Normal value,0,Units,0,Zero
DATAFLOW,OECD.ELS.SAE:DSD_POPULATION@DF_POP_HIST(1.0),Historical population data,I,POL,Poland,POP,Population,PS,Persons,M,Male,Y40T44,From 40 to 44 years,H,Historical,2022,,1565292,,A,Normal value,0,Units,0,Zero
DATAFLOW,OECD.ELS.SAE:DSD_POPULATION@DF_POP_HIST(1.0),Historical population data,I,POL,Poland,POP,Population,PS,Persons,M,Male,Y70T74,From 70 to 74 years,H,Historical,1960,,193973,,A,Normal value,0,Units,0,Zero
DATAFLOW,OECD.ELS.SAE:DSD_POPULATION@DF_POP_HIST(1.0),Historical population data,I,POL,Poland,POP,Population,PS,Persons,M,Male,Y70T74,From 70 to 74 years,H,Historical,1961,,193116,,A,Normal value,0,Units,0,Zero
DATAFLOW,OECD.ELS.SAE:DSD_POPULATION@DF_POP_HIST(1.0),Historical population data,I,POL,Poland,POP,Population,PS,Persons,M,Male,Y70T74,From 70 to 74 years,H,Historical,1962,,198808,,A,Normal value,0,Units,0,Zero
DATAFLOW,OECD.ELS.SAE:DSD_POPULATION@DF_POP_HIST(1.0),Historical population data,I,POL,Poland,POP,Population,PS,Persons,M,Male,Y70T74,From 70 to 74 years,H,Historical,1963,,206119,,A,Normal value,0,Units,0,Zero
DATAFLOW,OECD.ELS.SAE:DSD_POPULATION@DF_POP_HIST(1.0),Historical population data,I,POL,Poland,POP,Population,PS,Persons,M,Male,Y70T74,From 70 to 74 years,H,Historical,1964,,214945,,A,Normal value,0,Units,0,Zero
DATAFLOW,OECD.ELS.SAE:DSD_POPULATION@DF_POP_HIST(1.0),Historical population data,I,POL,Poland,POP,Population,PS,Persons,M,Male,Y70T74,From 70 to 74 years,H,Historical,1965,,226300,,A,Normal value,0,Units,0,Zero
DATAFLOW,OECD.ELS.SAE:DSD_POPULATION@DF_POP_HIST(1.0),Historical population data,I,POL,Poland,POP,Population,PS,Persons,M,Male,Y70T74,From 70 to 74 years,H,Historical,1966,,240300,,A,Normal value,0,Units,0,Zero
DATAFLOW,OECD.ELS.SAE:DSD_POPULATION@DF_POP_HIST(1.0),Historical population data,I,POL,Poland,POP,Population,PS,Persons,M,Male,Y70T74,From 70 to 74 years,H,Historical,1967,,256300,,A,Normal value,0,Units,0,Zero
DATAFLOW,OECD.ELS.SAE:DSD_POPULATION@DF_POP_HIST(1.0),Historical population data,I,POL,Poland,POP,Population,PS,Persons,M,Male,Y70T74,From 70 to 74 years,H,Historical,1968,,266300,,A,Normal value,0,Units,0,Zero
DATAFLOW,OECD.ELS.SAE:DSD_POPULATION@DF_POP_HIST(1.0),Historical population data,I,POL,Poland,POP,Population,PS,Persons,M,Male,Y70T74,From 70 to 74 years,H,Historical,1969,,282100,,A,Normal value,0,Units,0,Zero
DATAFLOW,OECD.ELS.SAE:DSD_POPULATION@DF_POP_HIST(1.0),Historical population data,I,POL,Poland,POP,Population,PS,Persons,M,Male,Y70T74,From 70 to 74 years,H,Historical,1970,,306528,,A,Normal value,0,Units,0,Zero
DATAFLOW,OECD.ELS.SAE:DSD_POPULATION@DF_POP_HIST(1.0),Historical population data,I,POL,Poland,POP,Population,PS,Persons,M,Male,Y70T74,From 70 to 74 years,H,Historical,1971,,315400,,A,Normal value,0,Units,0,Zero
DATAFLOW,OECD.ELS.SAE:DSD_POPULATION@DF_POP_HIST(1.0),Historical population data,I,POL,Poland,POP,Population,PS,Persons,M,Male,Y70T74,From 70 to 74 years,H,Historical,1972,,333600,,A,Normal value,0,Units,0,Zero
DATAFLOW,OECD.ELS.SAE:DSD_POPULATION@DF_POP_HIST(1.0),Historical population data,I,POL,Poland,POP,Population,PS,Persons,M,Male,Y70T74,From 70 to 74 years,H,Historical,1973,,352000,,A,Normal value,0,Units,0,Zero
DATAFLOW,OECD.ELS.SAE:DSD_POPULATION@DF_POP_HIST(1.0),Historical population data,I,POL,Poland,POP,Population,PS,Persons,M,Male,Y70T74,From 70 to 74 years,H,Historical,1974,,371260,,A,Normal value,0,Units,0,Zero
DATAFLOW,OECD.ELS.SAE:DSD_POPULATION@DF_POP_HIST(1.0),Historical population data,I,POL,Poland,POP,Population,PS,Persons,M,Male,Y70T74,From 70 to 74 years,H,Historical,1975,,382823,,A,Normal value,0,Units,0,Zero
DATAFLOW,OECD.ELS.SAE:DSD_POPULATION@DF_POP_HIST(1.0),Historical population data,I,POL,Poland,POP,Population,PS,Persons,M,Male,Y70T74,From 70 to 74 years,H,Historical,1976,,392612,,A,Normal value,0,Units,0,Zero
DATAFLOW,OECD.ELS.SAE:DSD_POPULATION@DF_POP_HIST(1.0),Historical population data,I,POL,Poland,POP,Population,PS,Persons,M,Male,Y70T74,From 70 to 74 years,H,Historical,1977,,407408,,A,Normal value,0,Units,0,Zero
DATAFLOW,OECD.ELS.SAE:DSD_POPULATION@DF_POP_HIST(1.0),Historical population data,I,POL,Poland,POP,Population,PS,Persons,M,Male,Y70T74,From 70 to 74 years,H,Historical,1978,,418026,,A,Normal value,0,Units,0,Zero
DATAFLOW,OECD.ELS.SAE:DSD_POPULATION@DF_POP_HIST(1.0),Historical population data,I,POL,Poland,POP,Population,PS,Persons,M,Male,Y70T74,From 70 to 74 years,H,Historical,1979,,430366,,A,Normal value,0,Units,0,Zero
DATAFLOW,OECD.ELS.SAE:DSD_POPULATION@DF_POP_HIST(1.0),Historical population data,I,POL,Poland,POP,Population,PS,Persons,M,Male,Y70T74,From 70 to 74 years,H,Historical,1980,,440348,,A,Normal value,0,Units,0,Zero
DATAFLOW,OECD.ELS.SAE:DSD_POPULATION@DF_POP_HIST(1.0),Historical population data,I,POL,Poland,POP,Population,PS,Persons,M,Male,Y70T74,From 70 to 74 years,H,Historical,1981,,445876,,A,Normal value,0,Units,0,Zero
DATAFLOW,OECD.ELS.SAE:DSD_POPULATION@DF_POP_HIST(1.0),Historical population data,I,POL,Poland,POP,Population,PS,Persons,M,Male,Y70T74,From 70 to 74 years,H,Historical,1982,,447314,,A,Normal value,0,Units,0,Zero
DATAFLOW,OECD.ELS.SAE:DSD_POPULATION@DF_POP_HIST(1.0),Historical population data,I,POL,Poland,POP,Population,PS,Persons,M,Male,Y70T74,From 70 to 74 years,H,Historical,1983,,446882,,A,Normal value,0,Units,0,Zero
DATAFLOW,OECD.ELS.SAE:DSD_POPULATION@DF_POP_HIST(1.0),Historical population data,I,POL,Poland,POP,Population,PS,Persons,M,Male,Y70T74,From 70 to 74 years,H,Historical,1984,,441440,,A,Normal value,0,Units,0,Zero
DATAFLOW,OECD.ELS.SAE:DSD_POPULATION@DF_POP_HIST(1.0),Historical population data,I,POL,Poland,POP,Population,PS,Persons,M,Male,Y70T74,From 70 to 74 years,H,Historical,1985,,419347,,A,Normal value,0,Units,0,Zero
DATAFLOW,OECD.ELS.SAE:DSD_POPULATION@DF_POP_HIST(1.0),Historical population data,I,POL,Poland,POP,Population,PS,Persons,M,Male,Y70T74,From 70 to 74 years,H,Historical,1986,,386769,,A,Normal value,0,Units,0,Zero
DATAFLOW,OECD.ELS.SAE:DSD_POPULATION@DF_POP_HIST(1.0),Historical population data,I,POL,Poland,POP,Population,PS,Persons,M,Male,Y70T74,From 70 to 74 years,H,Historical,1987,,352831,,A,Normal value,0,Units,0,Zero
DATAFLOW,OECD.ELS.SAE:DSD_POPULATION@DF_POP_HIST(1.0),Historical population data,I,POL,Poland,POP,Population,PS,Persons,M,Male,Y70T74,From 70 to 74 years,H,Historical,1988,,319712,,A,Normal value,0,Units,0,Zero
DATAFLOW,OECD.ELS.SAE:DSD_POPULATION@DF_POP_HIST(1.0),Historical population data,I,POL,Poland,POP,Population,PS,Persons,M,Male,Y70T74,From 70 to 74 years,H,Historical,1989,,304824,,A,Normal value,0,Units,0,Zero
DATAFLOW,OECD.ELS.SAE:DSD_POPULATION@DF_POP_HIST(1.0),Historical population data,I,POL,Poland,POP,Population,PS,Persons,M,Male,Y70T74,From 70 to 74 years,H,Historical,1990,,339265,,A,Normal value,0,Units,0,Zero
DATAFLOW,OECD.ELS.SAE:DSD_POPULATION@DF_POP_HIST(1.0),Historical population data,I,POL,Poland,POP,Population,PS,Persons,M,Male,Y70T74,From 70 to 74 years,H,Historical,1991,,360061,,A,Normal value,0,Units,0,Zero
DATAFLOW,OECD.ELS.SAE:DSD_POPULATION@DF_POP_HIST(1.0),Historical population data,I,POL,Poland,POP,Population,PS,Persons,M,Male,Y70T74,From 70 to 74 years,H,Historical,1992,,377630,,A,Normal value,0,Units,0,Zero
DATAFLOW,OECD.ELS.SAE:DSD_POPULATION@DF_POP_HIST(1.0),Historical population data,I,POL,Poland,POP,Population,PS,Persons,M,Male,Y70T74,From 70 to 74 years,H,Historical,1993,,395328,,A,Normal value,0,Units,0,Zero
DATAFLOW,OECD.ELS.SAE:DSD_POPULATION@DF_POP_HIST(1.0),Historical population data,I,POL,Poland,POP,Population,PS,Persons,M,Male,Y70T74,From 70 to 74 years,H,Historical,1994,,412140,,A,Normal value,0,Units,0,Zero
DATAFLOW,OECD.ELS.SAE:DSD_POPULATION@DF_POP_HIST(1.0),Historical population data,I,POL,Poland,POP,Population,PS,Persons,M,Male,Y70T74,From 70 to 74 years,H,Historical,1995,,426055,,A,Normal value,0,Units,0,Zero
DATAFLOW,OECD.ELS.SAE:DSD_POPULATION@DF_POP_HIST(1.0),Historical population data,I,POL,Poland,POP,Population,PS,Persons,M,Male,Y70T74,From 70 to 74 years,H,Historical,1996,,440950,,A,Normal value,0,Units,0,Zero
DATAFLOW,OECD.ELS.SAE:DSD_POPULATION@DF_POP_HIST(1.0),Historical population data,I,POL,Poland,POP,Population,PS,Persons,M,Male,Y70T74,From 70 to 74 years,H,Historical,1997,,459013,,A,Normal value,0,Units,0,Zero
DATAFLOW,OECD.ELS.SAE:DSD_POPULATION@DF_POP_HIST(1.0),Historical population data,I,POL,Poland,POP,Population,PS,Persons,M,Male,Y70T74,From 70 to 74 years,H,Historical,1998,,480695,,A,Normal value,0,Units,0,Zero
DATAFLOW,OECD.ELS.SAE:DSD_POPULATION@DF_POP_HIST(1.0),Historical population data,I,POL,Poland,POP,Population,PS,Persons,M,Male,Y70T74,From 70 to 74 years,H,Historical,1999,,507934,,A,Normal value,0,Units,0,Zero
DATAFLOW,OECD.ELS.SAE:DSD_POPULATION@DF_POP_HIST(1.0),Historical population data,I,POL,Poland,POP,Population,PS,Persons,M,Male,Y70T74,From 70 to 74 years,H,Historical,2000,,532543,,A,Normal value,0,Units,0,Zero
DATAFLOW,OECD.ELS.SAE:DSD_POPULATION@DF_POP_HIST(1.0),Historical population data,I,POL,Poland,POP,Population,PS,Persons,M,Male,Y70T74,From 70 to 74 years,H,Historical,2001,,550634,,A,Normal value,0,Units,0,Zero
DATAFLOW,OECD.ELS.SAE:DSD_POPULATION@DF_POP_HIST(1.0),Historical population data,I,POL,Poland,POP,Population,PS,Persons,M,Male,Y70T74,From 70 to 74 years,H,Historical,2002,,569261,,A,Normal value,0,Units,0,Zero
DATAFLOW,OECD.ELS.SAE:DSD_POPULATION@DF_POP_HIST(1.0),Historical population data,I,POL,Poland,POP,Population,PS,Persons,M,Male,Y70T74,From 70 to 74 years,H,Historical,2003,,569882,,A,Normal value,0,Units,0,Zero
DATAFLOW,OECD.ELS.SAE:DSD_POPULATION@DF_POP_HIST(1.0),Historical population data,I,POL,Poland,POP,Population,PS,Persons,M,Male,Y70T74,From 70 to 74 years,H,Historical,2004,,567673,,A,Normal value,0,Units,0,Zero
DATAFLOW,OECD.ELS.SAE:DSD_POPULATION@DF_POP_HIST(1.0),Historical population data,I,POL,Poland,POP,Population,PS,Persons,M,Male,Y70T74,From 70 to 74 years,H,Historical,2005,,562440,,A,Normal value,0,Units,0,Zero
DATAFLOW,OECD.ELS.SAE:DSD_POPULATION@DF_POP_HIST(1.0),Historical population data,I,POL,Poland,POP,Population,PS,Persons,M,Male,Y70T74,From 70 to 74 years,H,Historical,2006,,557571,,A,Normal value,0,Units,0,Zero
DATAFLOW,OECD.ELS.SAE:DSD_POPULATION@DF_POP_HIST(1.0),Historical population data,I,POL,Poland,POP,Population,PS,Persons,M,Male,Y70T74,From 70 to 74 years,H,Historical,2007,,554480,,A,Normal value,0,Units,0,Zero
DATAFLOW,OECD.ELS.SAE:DSD_POPULATION@DF_POP_HIST(1.0),Historical population data,I,POL,Poland,POP,Population,PS,Persons,M,Male,Y70T74,From 70 to 74 years,H,Historical,2008,,551393,,A,Normal value,0,Units,0,Zero
DATAFLOW,OECD.ELS.SAE:DSD_POPULATION@DF_POP_HIST(1.0),Historical population data,I,POL,Poland,POP,Population,PS,Persons,M,Male,Y70T74,From 70 to 74 years,H,Historical,2009,,549677,,A,Normal value,0,Units,0,Zero
DATAFLOW,OECD.ELS.SAE:DSD_POPULATION@DF_POP_HIST(1.0),Historical population data,I,POL,Poland,POP,Population,PS,Persons,M,Male,Y70T74,From 70 to 74 years,H,Historical,2010,,549115,,A,Normal value,0,Units,0,Zero
DATAFLOW,OECD.ELS.SAE:DSD_POPULATION@DF_POP_HIST(1.0),Historical population data,I,POL,Poland,POP,Population,PS,Persons,M,Male,Y70T74,From 70 to 74 years,H,Historical,2011,,541738,,A,Normal value,0,Units,0,Zero
DATAFLOW,OECD.ELS.SAE:DSD_POPULATION@DF_POP_HIST(1.0),Historical population data,I,POL,Poland,POP,Population,PS,Persons,M,Male,Y70T74,From 70 to 74 years,H,Historical,2012,,529739,,A,Normal value,0,Units,0,Zero
DATAFLOW,OECD.ELS.SAE:DSD_POPULATION@DF_POP_HIST(1.0),Historical population data,I,POL,Poland,POP,Population,PS,Persons,M,Male,Y70T74,From 70 to 74 years,H,Historical,2013,,516261,,A,Normal value,0,Units,0,Zero
DATAFLOW,OECD.ELS.SAE:DSD_POPULATION@DF_POP_HIST(1.0),Historical population data,I,POL,Poland,POP,Population,PS,Persons,M,Male,Y70T74,From 70 to 74 years,H,Historical,2014,,507786,,A,Normal value,0,Units,0,Zero
DATAFLOW,OECD.ELS.SAE:DSD_POPULATION@DF_POP_HIST(1.0),Historical population data,I,POL,Poland,POP,Population,PS,Persons,M,Male,Y70T74,From 70 to 74 years,H,Historical,2015,,501311,,A,Normal value,0,Units,0,Zero
DATAFLOW,OECD.ELS.SAE:DSD_POPULATION@DF_POP_HIST(1.0),Historical population data,I,POL,Poland,POP,Population,PS,Persons,M,Male,Y70T74,From 70 to 74 years,H,Historical,2016,,520051,,A,Normal value,0,Units,0,Zero
DATAFLOW,OECD.ELS.SAE:DSD_POPULATION@DF_POP_HIST(1.0),Historical population data,I,POL,Poland,POP,Population,PS,Persons,M,Male,Y70T74,From 70 to 74 years,H,Historical,2017,,571695,,A,Normal value,0,Units,0,Zero
DATAFLOW,OECD.ELS.SAE:DSD_POPULATION@DF_POP_HIST(1.0),Historical population data,I,POL,Poland,POP,Population,PS,Persons,M,Male,Y70T74,From 70 to 74 years,H,Historical,2018,,637365,,A,Normal value,0,Units,0,Zero
DATAFLOW,OECD.ELS.SAE:DSD_POPULATION@DF_POP_HIST(1.0),Historical population data,I,POL,Poland,POP,Population,PS,Persons,M,Male,Y70T74,From 70 to 74 years,H,Historical,2019,,707030,,A,Normal value,0,Units,0,Zero
DATAFLOW,OECD.ELS.SAE:DSD_POPULATION@DF_POP_HIST(1.0),Historical population data,I,POL,Poland,POP,Population,PS,Persons,M,Male,Y70T74,From 70 to 74 years,H,Historical,2022,,850774,,A,Normal value,0,Units,0,Zero
DATAFLOW,OECD.ELS.SAE:DSD_POPULATION@DF_POP_HIST(1.0),Historical population data,I,POL,Poland,POP,Population,PS,Persons,M,Male,Y45T49,From 45 to 49 years,H,Historical,1960,,743632,,A,Normal value,0,Units,0,Zero
DATAFLOW,OECD.ELS.SAE:DSD_POPULATION@DF_POP_HIST(1.0),Historical population data,I,POL,Poland,POP,Population,PS,Persons,M,Male,Y45T49,From 45 to 49 years,H,Historical,1961,,714400,,A,Normal value,0,Units,0,Zero
DATAFLOW,OECD.ELS.SAE:DSD_POPULATION@DF_POP_HIST(1.0),Historical population data,I,POL,Poland,POP,Population,PS,Persons,M,Male,Y45T49,From 45 to 49 years,H,Historical,1962,,656000,,A,Normal value,0,Units,0,Zero
DATAFLOW,OECD.ELS.SAE:DSD_POPULATION@DF_POP_HIST(1.0),Historical population data,I,POL,Poland,POP,Population,PS,Persons,M,Male,Y45T49,From 45 to 49 years,H,Historical,1963,,601800,,A,Normal value,0,Units,0,Zero
DATAFLOW,OECD.ELS.SAE:DSD_POPULATION@DF_POP_HIST(1.0),Historical population data,I,POL,Poland,POP,Population,PS,Persons,M,Male,Y45T49,From 45 to 49 years,H,Historical,1964,,572400,,A,Normal value,0,Units,0,Zero
DATAFLOW,OECD.ELS.SAE:DSD_POPULATION@DF_POP_HIST(1.0),Historical population data,I,POL,Poland,POP,Population,PS,Persons,M,Male,Y45T49,From 45 to 49 years,H,Historical,1965,,603100,,A,Normal value,0,Units,0,Zero
DATAFLOW,OECD.ELS.SAE:DSD_POPULATION@DF_POP_HIST(1.0),Historical population data,I,POL,Poland,POP,Population,PS,Persons,M,Male,Y45T49,From 45 to 49 years,H,Historical,1966,,650100,,A,Normal value,0,Units,0,Zero
DATAFLOW,OECD.ELS.SAE:DSD_POPULATION@DF_POP_HIST(1.0),Historical population data,I,POL,Poland,POP,Population,PS,Persons,M,Male,Y45T49,From 45 to 49 years,H,Historical,1967,,713800,,A,Normal value,0,Units,0,Zero
DATAFLOW,OECD.ELS.SAE:DSD_POPULATION@DF_POP_HIST(1.0),Historical population data,I,POL,Poland,POP,Population,PS,Persons,M,Male,Y45T49,From 45 to 49 years,H,Historical,1968,,787900,,A,Normal value,0,Units,0,Zero
DATAFLOW,OECD.ELS.SAE:DSD_POPULATION@DF_POP_HIST(1.0),Historical population data,I,POL,Poland,POP,Population,PS,Persons,M,Male,Y45T49,From 45 to 49 years,H,Historical,1969,,843800,,A,Normal value,0,Units,0,Zero
DATAFLOW,OECD.ELS.SAE:DSD_POPULATION@DF_POP_HIST(1.0),Historical population data,I,POL,Poland,POP,Population,PS,Persons,M,Male,Y45T49,From 45 to 49 years,H,Historical,1970,,914793,,A,Normal value,0,Units,0,Zero
DATAFLOW,OECD.ELS.SAE:DSD_POPULATION@DF_POP_HIST(1.0),Historical population data,I,POL,Poland,POP,Population,PS,Persons,M,Male,Y45T49,From 45 to 49 years,H,Historical,1971,,934000,,A,Normal value,0,Units,0,Zero
DATAFLOW,OECD.ELS.SAE:DSD_POPULATION@DF_POP_HIST(1.0),Historical population data,I,POL,Poland,POP,Population,PS,Persons,M,Male,Y45T49,From 45 to 49 years,H,Historical,1972,,958100,,A,Normal value,0,Units,0,Zero
DATAFLOW,OECD.ELS.SAE:DSD_POPULATION@DF_POP_HIST(1.0),Historical population data,I,POL,Poland,POP,Population,PS,Persons,M,Male,Y45T49,From 45 to 49 years,H,Historical,1973,,982300,,A,Normal value,0,Units,0,Zero
DATAFLOW,OECD.ELS.SAE:DSD_POPULATION@DF_POP_HIST(1.0),Historical population data,I,POL,Poland,POP,Population,PS,Persons,M,Male,Y45T49,From 45 to 49 years,H,Historical,1974,,1014550,,A,Normal value,0,Units,0,Zero
DATAFLOW,OECD.ELS.SAE:DSD_POPULATION@DF_POP_HIST(1.0),Historical population data,I,POL,Poland,POP,Population,PS,Persons,M,Male,Y45T49,From 45 to 49 years,H,Historical,1975,,1047386,,A,Normal value,0,Units,0,Zero
DATAFLOW,OECD.ELS.SAE:DSD_POPULATION@DF_POP_HIST(1.0),Historical population data,I,POL,Poland,POP,Population,PS,Persons,M,Male,Y45T49,From 45 to 49 years,H,Historical,1976,,1078215,,A,Normal value,0,Units,0,Zero
DATAFLOW,OECD.ELS.SAE:DSD_POPULATION@DF_POP_HIST(1.0),Historical population data,I,POL,Poland,POP,Population,PS,Persons,M,Male,Y45T49,From 45 to 49 years,H,Historical,1977,,1101343,,A,Normal value,0,Units,0,Zero
DATAFLOW,OECD.ELS.SAE:DSD_POPULATION@DF_POP_HIST(1.0),Historical population data,I,POL,Poland,POP,Population,PS,Persons,M,Male,Y45T49,From 45 to 49 years,H,Historical,1978,,1103107,,A,Normal value,0,Units,0,Zero
DATAFLOW,OECD.ELS.SAE:DSD_POPULATION@DF_POP_HIST(1.0),Historical population data,I,POL,Poland,POP,Population,PS,Persons,M,Male,Y45T49,From 45 to 49 years,H,Historical,1979,,1086972,,A,Normal value,0,Units,0,Zero
DATAFLOW,OECD.ELS.SAE:DSD_POPULATION@DF_POP_HIST(1.0),Historical population data,I,POL,Poland,POP,Population,PS,Persons,M,Male,Y45T49,From 45 to 49 years,H,Historical,1980,,1068067,,A,Normal value,0,Units,0,Zero
DATAFLOW,OECD.ELS.SAE:DSD_POPULATION@DF_POP_HIST(1.0),Historical population data,I,POL,Poland,POP,Population,PS,Persons,M,Male,Y45T49,From 45 to 49 years,H,Historical,1981,,1050407,,A,Normal value,0,Units,0,Zero
DATAFLOW,OECD.ELS.SAE:DSD_POPULATION@DF_POP_HIST(1.0),Historical population data,I,POL,Poland,POP,Population,PS,Persons,M,Male,Y45T49,From 45 to 49 years,H,Historical,1982,,1036220,,A,Normal value,0,Units,0,Zero
DATAFLOW,OECD.ELS.SAE:DSD_POPULATION@DF_POP_HIST(1.0),Historical population data,I,POL,Poland,POP,Population,PS,Persons,M,Male,Y45T49,From 45 to 49 years,H,Historical,1983,,1023817,,A,Normal value,0,Units,0,Zero
DATAFLOW,OECD.ELS.SAE:DSD_POPULATION@DF_POP_HIST(1.0),Historical population data,I,POL,Poland,POP,Population,PS,Persons,M,Male,Y45T49,From 45 to 49 years,H,Historical,1984,,1014315,,A,Normal value,0,Units,0,Zero
DATAFLOW,OECD.ELS.SAE:DSD_POPULATION@DF_POP_HIST(1.0),Historical population data,I,POL,Poland,POP,Population,PS,Persons,M,Male,Y45T49,From 45 to 49 years,H,Historical,1985,,999944,,A,Normal value,0,Units,0,Zero
DATAFLOW,OECD.ELS.SAE:DSD_POPULATION@DF_POP_HIST(1.0),Historical population data,I,POL,Poland,POP,Population,PS,Persons,M,Male,Y45T49,From 45 to 49 years,H,Historical,1986,,975939,,A,Normal value,0,Units,0,Zero
DATAFLOW,OECD.ELS.SAE:DSD_POPULATION@DF_POP_HIST(1.0),Historical population data,I,POL,Poland,POP,Population,PS,Persons,M,Male,Y45T49,From 45 to 49 years,H,Historical,1987,,944231,,A,Normal value,0,Units,0,Zero
DATAFLOW,OECD.ELS.SAE:DSD_POPULATION@DF_POP_HIST(1.0),Historical population data,I,POL,Poland,POP,Population,PS,Persons,M,Male,Y45T49,From 45 to 49 years,H,Historical,1988,,912772,,A,Normal value,0,Units,0,Zero
DATAFLOW,OECD.ELS.SAE:DSD_POPULATION@DF_POP_HIST(1.0),Historical population data,I,POL,Poland,POP,Population,PS,Persons,M,Male,Y45T49,From 45 to 49 years,H,Historical,1989,,884851,,A,Normal value,0,Units,0,Zero
DATAFLOW,OECD.ELS.SAE:DSD_POPULATION@DF_POP_HIST(1.0),Historical population data,I,POL,Poland,POP,Population,PS,Persons,M,Male,Y45T49,From 45 to 49 years,H,Historical,1990,,975949,,A,Normal value,0,Units,0,Zero
DATAFLOW,OECD.ELS.SAE:DSD_POPULATION@DF_POP_HIST(1.0),Historical population data,I,POL,Poland,POP,Population,PS,Persons,M,Male,Y45T49,From 45 to 49 years,H,Historical,1991,,1028806,,A,Normal value,0,Units,0,Zero
DATAFLOW,OECD.ELS.SAE:DSD_POPULATION@DF_POP_HIST(1.0),Historical population data,I,POL,Poland,POP,Population,PS,Persons,M,Male,Y45T49,From 45 to 49 years,H,Historical,1992,,1083873,,A,Normal value,0,Units,0,Zero
DATAFLOW,OECD.ELS.SAE:DSD_POPULATION@DF_POP_HIST(1.0),Historical population data,I,POL,Poland,POP,Population,PS,Persons,M,Male,Y45T49,From 45 to 49 years,H,Historical,1993,,1139599,,A,Normal value,0,Units,0,Zero
DATAFLOW,OECD.ELS.SAE:DSD_POPULATION@DF_POP_HIST(1.0),Historical population data,I,POL,Poland,POP,Population,PS,Persons,M,Male,Y45T49,From 45 to 49 years,H,Historical,1994,,1193017,,A,Normal value,0,Units,0,Zero
DATAFLOW,OECD.ELS.SAE:DSD_POPULATION@DF_POP_HIST(1.0),Historical population data,I,POL,Poland,POP,Population,PS,Persons,M,Male,Y45T49,From 45 to 49 years,H,Historical,1995,,1244809,,A,Normal value,0,Units,0,Zero
DATAFLOW,OECD.ELS.SAE:DSD_POPULATION@DF_POP_HIST(1.0),Historical population data,I,POL,Poland,POP,Population,PS,Persons,M,Male,Y45T49,From 45 to 49 years,H,Historical,1996,,1296956,,A,Normal value,0,Units,0,Zero
DATAFLOW,OECD.ELS.SAE:DSD_POPULATION@DF_POP_HIST(1.0),Historical population data,I,POL,Poland,POP,Population,PS,Persons,M,Male,Y45T49,From 45 to 49 years,H,Historical,1997,,1347901,,A,Normal value,0,Units,0,Zero
DATAFLOW,OECD.ELS.SAE:DSD_POPULATION@DF_POP_HIST(1.0),Historical population data,I,POL,Poland,POP,Population,PS,Persons,M,Male,Y45T49,From 45 to 49 years,H,Historical,1998,,1396342,,A,Normal value,0,Units,0,Zero
DATAFLOW,OECD.ELS.SAE:DSD_POPULATION@DF_POP_HIST(1.0),Historical population data,I,POL,Poland,POP,Population,PS,Persons,M,Male,Y45T49,From 45 to 49 years,H,Historical,1999,,1457778,,A,Normal value,0,Units,0,Zero
DATAFLOW,OECD.ELS.SAE:DSD_POPULATION@DF_POP_HIST(1.0),Historical population data,I,POL,Poland,POP,Population,PS,Persons,M,Male,Y45T49,From 45 to 49 years,H,Historical,2000,,1507096,,A,Normal value,0,Units,0,Zero
DATAFLOW,OECD.ELS.SAE:DSD_POPULATION@DF_POP_HIST(1.0),Historical population data,I,POL,Poland,POP,Population,PS,Persons,M,Male,Y45T49,From 45 to 49 years,H,Historical,2001,,1525317,,A,Normal value,0,Units,0,Zero
DATAFLOW,OECD.ELS.SAE:DSD_POPULATION@DF_POP_HIST(1.0),Historical population data,I,POL,Poland,POP,Population,PS,Persons,M,Male,Y45T49,From 45 to 49 years,H,Historical,2002,,1532872,,A,Normal value,0,Units,0,Zero
DATAFLOW,OECD.ELS.SAE:DSD_POPULATION@DF_POP_HIST(1.0),Historical population data,I,POL,Poland,POP,Population,PS,Persons,M,Male,Y45T49,From 45 to 49 years,H,Historical,2003,,1541103,,A,Normal value,0,Units,0,Zero
DATAFLOW,OECD.ELS.SAE:DSD_POPULATION@DF_POP_HIST(1.0),Historical population data,I,POL,Poland,POP,Population,PS,Persons,M,Male,Y45T49,From 45 to 49 years,H,Historical,2004,,1535060,,A,Normal value,0,Units,0,Zero
DATAFLOW,OECD.ELS.SAE:DSD_POPULATION@DF_POP_HIST(1.0),Historical population data,I,POL,Poland,POP,Population,PS,Persons,M,Male,Y45T49,From 45 to 49 years,H,Historical,2005,,1507267,,A,Normal value,0,Units,0,Zero
DATAFLOW,OECD.ELS.SAE:DSD_POPULATION@DF_POP_HIST(1.0),Historical population data,I,POL,Poland,POP,Population,PS,Persons,M,Male,Y45T49,From 45 to 49 years,H,Historical,2006,,1458808,,A,Normal value,0,Units,0,Zero
DATAFLOW,OECD.ELS.SAE:DSD_POPULATION@DF_POP_HIST(1.0),Historical population data,I,POL,Poland,POP,Population,PS,Persons,M,Male,Y45T49,From 45 to 49 years,H,Historical,2007,,1399451,,A,Normal value,0,Units,0,Zero
DATAFLOW,OECD.ELS.SAE:DSD_POPULATION@DF_POP_HIST(1.0),Historical population data,I,POL,Poland,POP,Population,PS,Persons,M,Male,Y45T49,From 45 to 49 years,H,Historical,2008,,1337602,,A,Normal value,0,Units,0,Zero
DATAFLOW,OECD.ELS.SAE:DSD_POPULATION@DF_POP_HIST(1.0),Historical population data,I,POL,Poland,POP,Population,PS,Persons,M,Male,Y45T49,From 45 to 49 years,H,Historical,2009,,1281698,,A,Normal value,0,Units,0,Zero
DATAFLOW,OECD.ELS.SAE:DSD_POPULATION@DF_POP_HIST(1.0),Historical population data,I,POL,Poland,POP,Population,PS,Persons,M,Male,Y45T49,From 45 to 49 years,H,Historical,2010,,1257655,,A,Normal value,0,Units,0,Zero
DATAFLOW,OECD.ELS.SAE:DSD_POPULATION@DF_POP_HIST(1.0),Historical population data,I,POL,Poland,POP,Population,PS,Persons,M,Male,Y45T49,From 45 to 49 years,H,Historical,2011,,1222145,,A,Normal value,0,Units,0,Zero
DATAFLOW,OECD.ELS.SAE:DSD_POPULATION@DF_POP_HIST(1.0),Historical population data,I,POL,Poland,POP,Population,PS,Persons,M,Male,Y45T49,From 45 to 49 years,H,Historical,2012,,1196548,,A,Normal value,0,Units,0,Zero
DATAFLOW,OECD.ELS.SAE:DSD_POPULATION@DF_POP_HIST(1.0),Historical population data,I,POL,Poland,POP,Population,PS,Persons,M,Male,Y45T49,From 45 to 49 years,H,Historical,2013,,1177392,,A,Normal value,0,Units,0,Zero
DATAFLOW,OECD.ELS.SAE:DSD_POPULATION@DF_POP_HIST(1.0),Historical population data,I,POL,Poland,POP,Population,PS,Persons,M,Male,Y45T49,From 45 to 49 years,H,Historical,2014,,1165809,,A,Normal value,0,Units,0,Zero
DATAFLOW,OECD.ELS.SAE:DSD_POPULATION@DF_POP_HIST(1.0),Historical population data,I,POL,Poland,POP,Population,PS,Persons,M,Male,Y45T49,From 45 to 49 years,H,Historical,2015,,1166358,,A,Normal value,0,Units,0,Zero
DATAFLOW,OECD.ELS.SAE:DSD_POPULATION@DF_POP_HIST(1.0),Historical population data,I,POL,Poland,POP,Population,PS,Persons,M,Male,Y45T49,From 45 to 49 years,H,Historical,2016,,1178951,,A,Normal value,0,Units,0,Zero
DATAFLOW,OECD.ELS.SAE:DSD_POPULATION@DF_POP_HIST(1.0),Historical population data,I,POL,Poland,POP,Population,PS,Persons,M,Male,Y45T49,From 45 to 49 years,H,Historical,2017,,1203564,,A,Normal value,0,Units,0,Zero
DATAFLOW,OECD.ELS.SAE:DSD_POPULATION@DF_POP_HIST(1.0),Historical population data,I,POL,Poland,POP,Population,PS,Persons,M,Male,Y45T49,From 45 to 49 years,H,Historical,2018,,1238185,,A,Normal value,0,Units,0,Zero
DATAFLOW,OECD.ELS.SAE:DSD_POPULATION@DF_POP_HIST(1.0),Historical population data,I,POL,Poland,POP,Population,PS,Persons,M,Male,Y45T49,From 45 to 49 years,H,Historical,2019,,1281047,,A,Normal value,0,Units,0,Zero
DATAFLOW,OECD.ELS.SAE:DSD_POPULATION@DF_POP_HIST(1.0),Historical population data,I,POL,Poland,POP,Population,PS,Persons,M,Male,Y45T49,From 45 to 49 years,H,Historical,2022,,1417373,,A,Normal value,0,Units,0,Zero
DATAFLOW,OECD.ELS.SAE:DSD_POPULATION@DF_POP_HIST(1.0),Historical population data,I,POL,Poland,POP,Population,PS,Persons,M,Male,Y75T79,From 75 to 79 years,H,Historical,1960,,105030,,A,Normal value,0,Units,0,Zero
DATAFLOW,OECD.ELS.SAE:DSD_POPULATION@DF_POP_HIST(1.0),Historical population data,I,POL,Poland,POP,Population,PS,Persons,M,Male,Y75T79,From 75 to 79 years,H,Historical,1961,,108226,,A,Normal value,0,Units,0,Zero
DATAFLOW,OECD.ELS.SAE:DSD_POPULATION@DF_POP_HIST(1.0),Historical population data,I,POL,Poland,POP,Population,PS,Persons,M,Male,Y75T79,From 75 to 79 years,H,Historical,1962,,111416,,A,Normal value,0,Units,0,Zero
DATAFLOW,OECD.ELS.SAE:DSD_POPULATION@DF_POP_HIST(1.0),Historical population data,I,POL,Poland,POP,Population,PS,Persons,M,Male,Y75T79,From 75 to 79 years,H,Historical,1963,,115514,,A,Normal value,0,Units,0,Zero
DATAFLOW,OECD.ELS.SAE:DSD_POPULATION@DF_POP_HIST(1.0),Historical population data,I,POL,Poland,POP,Population,PS,Persons,M,Male,Y75T79,From 75 to 79 years,H,Historical,1964,,120460,,A,Normal value,0,Units,0,Zero
DATAFLOW,OECD.ELS.SAE:DSD_POPULATION@DF_POP_HIST(1.0),Historical population data,I,POL,Poland,POP,Population,PS,Persons,M,Male,Y75T79,From 75 to 79 years,H,Historical,1965,,130500,,A,Normal value,0,Units,0,Zero
DATAFLOW,OECD.ELS.SAE:DSD_POPULATION@DF_POP_HIST(1.0),Historical population data,I,POL,Poland,POP,Population,PS,Persons,M,Male,Y75T79,From 75 to 79 years,H,Historical,1966,,133700,,A,Normal value,0,Units,0,Zero
DATAFLOW,OECD.ELS.SAE:DSD_POPULATION@DF_POP_HIST(1.0),Historical population data,I,POL,Poland,POP,Population,PS,Persons,M,Male,Y75T79,From 75 to 79 years,H,Historical,1967,,135600,,A,Normal value,0,Units,0,Zero
DATAFLOW,OECD.ELS.SAE:DSD_POPULATION@DF_POP_HIST(1.0),Historical population data,I,POL,Poland,POP,Population,PS,Persons,M,Male,Y75T79,From 75 to 79 years,H,Historical,1968,,140000,,A,Normal value,0,Units,0,Zero
DATAFLOW,OECD.ELS.SAE:DSD_POPULATION@DF_POP_HIST(1.0),Historical population data,I,POL,Poland,POP,Population,PS,Persons,M,Male,Y75T79,From 75 to 79 years,H,Historical,1969,,146600,,A,Normal value,0,Units,0,Zero
DATAFLOW,OECD.ELS.SAE:DSD_POPULATION@DF_POP_HIST(1.0),Historical population data,I,POL,Poland,POP,Population,PS,Persons,M,Male,Y75T79,From 75 to 79 years,H,Historical,1970,,155002,,A,Normal value,0,Units,0,Zero
DATAFLOW,OECD.ELS.SAE:DSD_POPULATION@DF_POP_HIST(1.0),Historical population data,I,POL,Poland,POP,Population,PS,Persons,M,Male,Y75T79,From 75 to 79 years,H,Historical,1971,,170140,,A,Normal value,0,Units,0,Zero
DATAFLOW,OECD.ELS.SAE:DSD_POPULATION@DF_POP_HIST(1.0),Historical population data,I,POL,Poland,POP,Population,PS,Persons,M,Male,Y75T79,From 75 to 79 years,H,Historical,1972,,167700,,A,Normal value,0,Units,0,Zero
DATAFLOW,OECD.ELS.SAE:DSD_POPULATION@DF_POP_HIST(1.0),Historical population data,I,POL,Poland,POP,Population,PS,Persons,M,Male,Y75T79,From 75 to 79 years,H,Historical,1973,,177500,,A,Normal value,0,Units,0,Zero
DATAFLOW,OECD.ELS.SAE:DSD_POPULATION@DF_POP_HIST(1.0),Historical population data,I,POL,Poland,POP,Population,PS,Persons,M,Male,Y75T79,From 75 to 79 years,H,Historical,1974,,188504,,A,Normal value,0,Units,0,Zero
DATAFLOW,OECD.ELS.SAE:DSD_POPULATION@DF_POP_HIST(1.0),Historical population data,I,POL,Poland,POP,Population,PS,Persons,M,Male,Y75T79,From 75 to 79 years,H,Historical,1975,,201712,,A,Normal value,0,Units,0,Zero
DATAFLOW,OECD.ELS.SAE:DSD_POPULATION@DF_POP_HIST(1.0),Historical population data,I,POL,Poland,POP,Population,PS,Persons,M,Male,Y75T79,From 75 to 79 years,H,Historical,1976,,215999,,A,Normal value,0,Units,0,Zero
DATAFLOW,OECD.ELS.SAE:DSD_POPULATION@DF_POP_HIST(1.0),Historical population data,I,POL,Poland,POP,Population,PS,Persons,M,Male,Y75T79,From 75 to 79 years,H,Historical,1977,,228465,,A,Normal value,0,Units,0,Zero
DATAFLOW,OECD.ELS.SAE:DSD_POPULATION@DF_POP_HIST(1.0),Historical population data,I,POL,Poland,POP,Population,PS,Persons,M,Male,Y75T79,From 75 to 79 years,H,Historical,1978,,240384,,A,Normal value,0,Units,0,Zero
DATAFLOW,OECD.ELS.SAE:DSD_POPULATION@DF_POP_HIST(1.0),Historical population data,I,POL,Poland,POP,Population,PS,Persons,M,Male,Y75T79,From 75 to 79 years,H,Historical,1979,,247746,,A,Normal value,0,Units,0,Zero
DATAFLOW,OECD.ELS.SAE:DSD_POPULATION@DF_POP_HIST(1.0),Historical population data,I,POL,Poland,POP,Population,PS,Persons,M,Male,Y75T79,From 75 to 79 years,H,Historical,1980,,255652,,A,Normal value,0,Units,0,Zero
DATAFLOW,OECD.ELS.SAE:DSD_POPULATION@DF_POP_HIST(1.0),Historical population data,I,POL,Poland,POP,Population,PS,Persons,M,Male,Y75T79,From 75 to 79 years,H,Historical,1981,,263945,,A,Normal value,0,Units,0,Zero
DATAFLOW,OECD.ELS.SAE:DSD_POPULATION@DF_POP_HIST(1.0),Historical population data,I,POL,Poland,POP,Population,PS,Persons,M,Male,Y75T79,From 75 to 79 years,H,Historical,1982,,273833,,A,Normal value,0,Units,0,Zero
DATAFLOW,OECD.ELS.SAE:DSD_POPULATION@DF_POP_HIST(1.0),Historical population data,I,POL,Poland,POP,Population,PS,Persons,M,Male,Y75T79,From 75 to 79 years,H,Historical,1983,,283348,,A,Normal value,0,Units,0,Zero
DATAFLOW,OECD.ELS.SAE:DSD_POPULATION@DF_POP_HIST(1.0),Historical population data,I,POL,Poland,POP,Population,PS,Persons,M,Male,Y75T79,From 75 to 79 years,H,Historical,1984,,291191,,A,Normal value,0,Units,0,Zero
DATAFLOW,OECD.ELS.SAE:DSD_POPULATION@DF_POP_HIST(1.0),Historical population data,I,POL,Poland,POP,Population,PS,Persons,M,Male,Y75T79,From 75 to 79 years,H,Historical,1985,,297030,,A,Normal value,0,Units,0,Zero
DATAFLOW,OECD.ELS.SAE:DSD_POPULATION@DF_POP_HIST(1.0),Historical population data,I,POL,Poland,POP,Population,PS,Persons,M,Male,Y75T79,From 75 to 79 years,H,Historical,1986,,300046,,A,Normal value,0,Units,0,Zero
DATAFLOW,OECD.ELS.SAE:DSD_POPULATION@DF_POP_HIST(1.0),Historical population data,I,POL,Poland,POP,Population,PS,Persons,M,Male,Y75T79,From 75 to 79 years,H,Historical,1987,,300690,,A,Normal value,0,Units,0,Zero
DATAFLOW,OECD.ELS.SAE:DSD_POPULATION@DF_POP_HIST(1.0),Historical population data,I,POL,Poland,POP,Population,PS,Persons,M,Male,Y75T79,From 75 to 79 years,H,Historical,1988,,301330,,A,Normal value,0,Units,0,Zero
DATAFLOW,OECD.ELS.SAE:DSD_POPULATION@DF_POP_HIST(1.0),Historical population data,I,POL,Poland,POP,Population,PS,Persons,M,Male,Y75T79,From 75 to 79 years,H,Historical,1989,,296946,,A,Normal value,0,Units,0,Zero
DATAFLOW,OECD.ELS.SAE:DSD_POPULATION@DF_POP_HIST(1.0),Historical population data,I,POL,Poland,POP,Population,PS,Persons,M,Male,Y75T79,From 75 to 79 years,H,Historical,1990,,302117,,A,Normal value,0,Units,0,Zero
DATAFLOW,OECD.ELS.SAE:DSD_POPULATION@DF_POP_HIST(1.0),Historical population data,I,POL,Poland,POP,Population,PS,Persons,M,Male,Y75T79,From 75 to 79 years,H,Historical,1991,,303739,,A,Normal value,0,Units,0,Zero
DATAFLOW,OECD.ELS.SAE:DSD_POPULATION@DF_POP_HIST(1.0),Historical population data,I,POL,Poland,POP,Population,PS,Persons,M,Male,Y75T79,From 75 to 79 years,H,Historical,1992,,307455,,A,Normal value,0,Units,0,Zero
DATAFLOW,OECD.ELS.SAE:DSD_POPULATION@DF_POP_HIST(1.0),Historical population data,I,POL,Poland,POP,Population,PS,Persons,M,Male,Y75T79,From 75 to 79 years,H,Historical,1993,,312480,,A,Normal value,0,Units,0,Zero
DATAFLOW,OECD.ELS.SAE:DSD_POPULATION@DF_POP_HIST(1.0),Historical population data,I,POL,Poland,POP,Population,PS,Persons,M,Male,Y75T79,From 75 to 79 years,H,Historical,1994,,316749,,A,Normal value,0,Units,0,Zero
DATAFLOW,OECD.ELS.SAE:DSD_POPULATION@DF_POP_HIST(1.0),Historical population data,I,POL,Poland,POP,Population,PS,Persons,M,Male,Y75T79,From 75 to 79 years,H,Historical,1995,,322335,,A,Normal value,0,Units,0,Zero
DATAFLOW,OECD.ELS.SAE:DSD_POPULATION@DF_POP_HIST(1.0),Historical population data,I,POL,Poland,POP,Population,PS,Persons,M,Male,Y75T79,From 75 to 79 years,H,Historical,1996,,328390,,A,Normal value,0,Units,0,Zero
DATAFLOW,OECD.ELS.SAE:DSD_POPULATION@DF_POP_HIST(1.0),Historical population data,I,POL,Poland,POP,Population,PS,Persons,M,Male,Y75T79,From 75 to 79 years,H,Historical,1997,,331134,,A,Normal value,0,Units,0,Zero
DATAFLOW,OECD.ELS.SAE:DSD_POPULATION@DF_POP_HIST(1.0),Historical population data,I,POL,Poland,POP,Population,PS,Persons,M,Male,Y75T79,From 75 to 79 years,H,Historical,1998,,332824,,A,Normal value,0,Units,0,Zero
DATAFLOW,OECD.ELS.SAE:DSD_POPULATION@DF_POP_HIST(1.0),Historical population data,I,POL,Poland,POP,Population,PS,Persons,M,Male,Y75T79,From 75 to 79 years,H,Historical,1999,,326319,,A,Normal value,0,Units,0,Zero
DATAFLOW,OECD.ELS.SAE:DSD_POPULATION@DF_POP_HIST(1.0),Historical population data,I,POL,Poland,POP,Population,PS,Persons,M,Male,Y75T79,From 75 to 79 years,H,Historical,2000,,323740,,A,Normal value,0,Units,0,Zero
DATAFLOW,OECD.ELS.SAE:DSD_POPULATION@DF_POP_HIST(1.0),Historical population data,I,POL,Poland,POP,Population,PS,Persons,M,Male,Y75T79,From 75 to 79 years,H,Historical,2001,,335494,,A,Normal value,0,Units,0,Zero
DATAFLOW,OECD.ELS.SAE:DSD_POPULATION@DF_POP_HIST(1.0),Historical population data,I,POL,Poland,POP,Population,PS,Persons,M,Male,Y75T79,From 75 to 79 years,H,Historical,2002,,347919,,A,Normal value,0,Units,0,Zero
DATAFLOW,OECD.ELS.SAE:DSD_POPULATION@DF_POP_HIST(1.0),Historical population data,I,POL,Poland,POP,Population,PS,Persons,M,Male,Y75T79,From 75 to 79 years,H,Historical,2003,,357171,,A,Normal value,0,Units,0,Zero
DATAFLOW,OECD.ELS.SAE:DSD_POPULATION@DF_POP_HIST(1.0),Historical population data,I,POL,Poland,POP,Population,PS,Persons,M,Male,Y75T79,From 75 to 79 years,H,Historical,2004,,372827,,A,Normal value,0,Units,0,Zero
DATAFLOW,OECD.ELS.SAE:DSD_POPULATION@DF_POP_HIST(1.0),Historical population data,I,POL,Poland,POP,Population,PS,Persons,M,Male,Y75T79,From 75 to 79 years,H,Historical,2005,,389697,,A,Normal value,0,Units,0,Zero
DATAFLOW,OECD.ELS.SAE:DSD_POPULATION@DF_POP_HIST(1.0),Historical population data,I,POL,Poland,POP,Population,PS,Persons,M,Male,Y75T79,From 75 to 79 years,H,Historical,2006,,406288,,A,Normal value,0,Units,0,Zero
DATAFLOW,OECD.ELS.SAE:DSD_POPULATION@DF_POP_HIST(1.0),Historical population data,I,POL,Poland,POP,Population,PS,Persons,M,Male,Y75T79,From 75 to 79 years,H,Historical,2007,,419828,,A,Normal value,0,Units,0,Zero
DATAFLOW,OECD.ELS.SAE:DSD_POPULATION@DF_POP_HIST(1.0),Historical population data,I,POL,Poland,POP,Population,PS,Persons,M,Male,Y75T79,From 75 to 79 years,H,Historical,2008,,425229,,A,Normal value,0,Units,0,Zero
DATAFLOW,OECD.ELS.SAE:DSD_POPULATION@DF_POP_HIST(1.0),Historical population data,I,POL,Poland,POP,Population,PS,Persons,M,Male,Y75T79,From 75 to 79 years,H,Historical,2009,,425016,,A,Normal value,0,Units,0,Zero
DATAFLOW,OECD.ELS.SAE:DSD_POPULATION@DF_POP_HIST(1.0),Historical population data,I,POL,Poland,POP,Population,PS,Persons,M,Male,Y75T79,From 75 to 79 years,H,Historical,2010,,424302,,A,Normal value,0,Units,0,Zero
DATAFLOW,OECD.ELS.SAE:DSD_POPULATION@DF_POP_HIST(1.0),Historical population data,I,POL,Poland,POP,Population,PS,Persons,M,Male,Y75T79,From 75 to 79 years,H,Historical,2011,,423429,,A,Normal value,0,Units,0,Zero
DATAFLOW,OECD.ELS.SAE:DSD_POPULATION@DF_POP_HIST(1.0),Historical population data,I,POL,Poland,POP,Population,PS,Persons,M,Male,Y75T79,From 75 to 79 years,H,Historical,2012,,424407,,A,Normal value,0,Units,0,Zero
DATAFLOW,OECD.ELS.SAE:DSD_POPULATION@DF_POP_HIST(1.0),Historical population data,I,POL,Poland,POP,Population,PS,Persons,M,Male,Y75T79,From 75 to 79 years,H,Historical,2013,,425064,,A,Normal value,0,Units,0,Zero
DATAFLOW,OECD.ELS.SAE:DSD_POPULATION@DF_POP_HIST(1.0),Historical population data,I,POL,Poland,POP,Population,PS,Persons,M,Male,Y75T79,From 75 to 79 years,H,Historical,2014,,426694,,A,Normal value,0,Units,0,Zero
DATAFLOW,OECD.ELS.SAE:DSD_POPULATION@DF_POP_HIST(1.0),Historical population data,I,POL,Poland,POP,Population,PS,Persons,M,Male,Y75T79,From 75 to 79 years,H,Historical,2015,,426059,,A,Normal value,0,Units,0,Zero
DATAFLOW,OECD.ELS.SAE:DSD_POPULATION@DF_POP_HIST(1.0),Historical population data,I,POL,Poland,POP,Population,PS,Persons,M,Male,Y75T79,From 75 to 79 years,H,Historical,2016,,422942,,A,Normal value,0,Units,0,Zero
DATAFLOW,OECD.ELS.SAE:DSD_POPULATION@DF_POP_HIST(1.0),Historical population data,I,POL,Poland,POP,Population,PS,Persons,M,Male,Y75T79,From 75 to 79 years,H,Historical,2017,,414482,,A,Normal value,0,Units,0,Zero
DATAFLOW,OECD.ELS.SAE:DSD_POPULATION@DF_POP_HIST(1.0),Historical population data,I,POL,Poland,POP,Population,PS,Persons,M,Male,Y75T79,From 75 to 79 years,H,Historical,2018,,405596,,A,Normal value,0,Units,0,Zero
DATAFLOW,OECD.ELS.SAE:DSD_POPULATION@DF_POP_HIST(1.0),Historical population data,I,POL,Poland,POP,Population,PS,Persons,M,Male,Y75T79,From 75 to 79 years,H,Historical,2019,,399684,,A,Normal value,0,Units,0,Zero
DATAFLOW,OECD.ELS.SAE:DSD_POPULATION@DF_POP_HIST(1.0),Historical population data,I,POL,Poland,POP,Population,PS,Persons,M,Male,Y75T79,From 75 to 79 years,H,Historical,2022,,438242,,A,Normal value,0,Units,0,Zero
DATAFLOW,OECD.ELS.SAE:DSD_POPULATION@DF_POP_HIST(1.0),Historical population data,I,POL,Poland,POP,Population,PS,Persons,M,Male,Y20T24,From 20 to 24 years,H,Historical,1960,,862826,,A,Normal value,0,Units,0,Zero
DATAFLOW,OECD.ELS.SAE:DSD_POPULATION@DF_POP_HIST(1.0),Historical population data,I,POL,Poland,POP,Population,PS,Persons,M,Male,Y20T24,From 20 to 24 years,H,Historical,1961,,1095800,,A,Normal value,0,Units,0,Zero
DATAFLOW,OECD.ELS.SAE:DSD_POPULATION@DF_POP_HIST(1.0),Historical population data,I,POL,Poland,POP,Population,PS,Persons,M,Male,Y20T24,From 20 to 24 years,H,Historical,1962,,1059000,,A,Normal value,0,Units,0,Zero
DATAFLOW,OECD.ELS.SAE:DSD_POPULATION@DF_POP_HIST(1.0),Historical population data,I,POL,Poland,POP,Population,PS,Persons,M,Male,Y20T24,From 20 to 24 years,H,Historical,1963,,1037500,,A,Normal value,0,Units,0,Zero
DATAFLOW,OECD.ELS.SAE:DSD_POPULATION@DF_POP_HIST(1.0),Historical population data,I,POL,Poland,POP,Population,PS,Persons,M,Male,Y20T24,From 20 to 24 years,H,Historical,1964,,1014200,,A,Normal value,0,Units,0,Zero
DATAFLOW,OECD.ELS.SAE:DSD_POPULATION@DF_POP_HIST(1.0),Historical population data,I,POL,Poland,POP,Population,PS,Persons,M,Male,Y20T24,From 20 to 24 years,H,Historical,1965,,979900,,A,Normal value,0,Units,0,Zero
DATAFLOW,OECD.ELS.SAE:DSD_POPULATION@DF_POP_HIST(1.0),Historical population data,I,POL,Poland,POP,Population,PS,Persons,M,Male,Y20T24,From 20 to 24 years,H,Historical,1966,,1001200,,A,Normal value,0,Units,0,Zero
DATAFLOW,OECD.ELS.SAE:DSD_POPULATION@DF_POP_HIST(1.0),Historical population data,I,POL,Poland,POP,Population,PS,Persons,M,Male,Y20T24,From 20 to 24 years,H,Historical,1967,,1085600,,A,Normal value,0,Units,0,Zero
DATAFLOW,OECD.ELS.SAE:DSD_POPULATION@DF_POP_HIST(1.0),Historical population data,I,POL,Poland,POP,Population,PS,Persons,M,Male,Y20T24,From 20 to 24 years,H,Historical,1968,,1197800,,A,Normal value,0,Units,0,Zero
DATAFLOW,OECD.ELS.SAE:DSD_POPULATION@DF_POP_HIST(1.0),Historical population data,I,POL,Poland,POP,Population,PS,Persons,M,Male,Y20T24,From 20 to 24 years,H,Historical,1969,,1320100,,A,Normal value,0,Units,0,Zero
DATAFLOW,OECD.ELS.SAE:DSD_POPULATION@DF_POP_HIST(1.0),Historical population data,I,POL,Poland,POP,Population,PS,Persons,M,Male,Y20T24,From 20 to 24 years,H,Historical,1970,,1498807,,A,Normal value,0,Units,0,Zero
DATAFLOW,OECD.ELS.SAE:DSD_POPULATION@DF_POP_HIST(1.0),Historical population data,I,POL,Poland,POP,Population,PS,Persons,M,Male,Y20T24,From 20 to 24 years,H,Historical,1971,,1530200,,A,Normal value,0,Units,0,Zero
DATAFLOW,OECD.ELS.SAE:DSD_POPULATION@DF_POP_HIST(1.0),Historical population data,I,POL,Poland,POP,Population,PS,Persons,M,Male,Y20T24,From 20 to 24 years,H,Historical,1972,,1609200,,A,Normal value,0,Units,0,Zero
DATAFLOW,OECD.ELS.SAE:DSD_POPULATION@DF_POP_HIST(1.0),Historical population data,I,POL,Poland,POP,Population,PS,Persons,M,Male,Y20T24,From 20 to 24 years,H,Historical,1973,,1660900,,A,Normal value,0,Units,0,Zero
DATAFLOW,OECD.ELS.SAE:DSD_POPULATION@DF_POP_HIST(1.0),Historical population data,I,POL,Poland,POP,Population,PS,Persons,M,Male,Y20T24,From 20 to 24 years,H,Historical,1974,,1703354,,A,Normal value,0,Units,0,Zero
DATAFLOW,OECD.ELS.SAE:DSD_POPULATION@DF_POP_HIST(1.0),Historical population data,I,POL,Poland,POP,Population,PS,Persons,M,Male,Y20T24,From 20 to 24 years,H,Historical,1975,,1740489,,A,Normal value,0,Units,0,Zero
DATAFLOW,OECD.ELS.SAE:DSD_POPULATION@DF_POP_HIST(1.0),Historical population data,I,POL,Poland,POP,Population,PS,Persons,M,Male,Y20T24,From 20 to 24 years,H,Historical,1976,,1763318,,A,Normal value,0,Units,0,Zero
DATAFLOW,OECD.ELS.SAE:DSD_POPULATION@DF_POP_HIST(1.0),Historical population data,I,POL,Poland,POP,Population,PS,Persons,M,Male,Y20T24,From 20 to 24 years,H,Historical,1977,,1772894,,A,Normal value,0,Units,0,Zero
DATAFLOW,OECD.ELS.SAE:DSD_POPULATION@DF_POP_HIST(1.0),Historical population data,I,POL,Poland,POP,Population,PS,Persons,M,Male,Y20T24,From 20 to 24 years,H,Historical,1978,,1775378,,A,Normal value,0,Units,0,Zero
DATAFLOW,OECD.ELS.SAE:DSD_POPULATION@DF_POP_HIST(1.0),Historical population data,I,POL,Poland,POP,Population,PS,Persons,M,Male,Y20T24,From 20 to 24 years,H,Historical,1979,,1739742,,A,Normal value,0,Units,0,Zero
DATAFLOW,OECD.ELS.SAE:DSD_POPULATION@DF_POP_HIST(1.0),Historical population data,I,POL,Poland,POP,Population,PS,Persons,M,Male,Y20T24,From 20 to 24 years,H,Historical,1980,,1709420,,A,Normal value,0,Units,0,Zero
DATAFLOW,OECD.ELS.SAE:DSD_POPULATION@DF_POP_HIST(1.0),Historical population data,I,POL,Poland,POP,Population,PS,Persons,M,Male,Y20T24,From 20 to 24 years,H,Historical,1981,,1659937,,A,Normal value,0,Units,0,Zero
DATAFLOW,OECD.ELS.SAE:DSD_POPULATION@DF_POP_HIST(1.0),Historical population data,I,POL,Poland,POP,Population,PS,Persons,M,Male,Y20T24,From 20 to 24 years,H,Historical,1982,,1598605,,A,Normal value,0,Units,0,Zero
DATAFLOW,OECD.ELS.SAE:DSD_POPULATION@DF_POP_HIST(1.0),Historical population data,I,POL,Poland,POP,Population,PS,Persons,M,Male,Y20T24,From 20 to 24 years,H,Historical,1983,,1532514,,A,Normal value,0,Units,0,Zero
DATAFLOW,OECD.ELS.SAE:DSD_POPULATION@DF_POP_HIST(1.0),Historical population data,I,POL,Poland,POP,Population,PS,Persons,M,Male,Y20T24,From 20 to 24 years,H,Historical,1984,,1468524,,A,Normal value,0,Units,0,Zero
DATAFLOW,OECD.ELS.SAE:DSD_POPULATION@DF_POP_HIST(1.0),Historical population data,I,POL,Poland,POP,Population,PS,Persons,M,Male,Y20T24,From 20 to 24 years,H,Historical,1985,,1410386,,A,Normal value,0,Units,0,Zero
DATAFLOW,OECD.ELS.SAE:DSD_POPULATION@DF_POP_HIST(1.0),Historical population data,I,POL,Poland,POP,Population,PS,Persons,M,Male,Y20T24,From 20 to 24 years,H,Historical,1986,,1363320,,A,Normal value,0,Units,0,Zero
DATAFLOW,OECD.ELS.SAE:DSD_POPULATION@DF_POP_HIST(1.0),Historical population data,I,POL,Poland,POP,Population,PS,Persons,M,Male,Y20T24,From 20 to 24 years,H,Historical,1987,,1325600,,A,Normal value,0,Units,0,Zero
DATAFLOW,OECD.ELS.SAE:DSD_POPULATION@DF_POP_HIST(1.0),Historical population data,I,POL,Poland,POP,Population,PS,Persons,M,Male,Y20T24,From 20 to 24 years,H,Historical,1988,,1294759,,A,Normal value,0,Units,0,Zero
DATAFLOW,OECD.ELS.SAE:DSD_POPULATION@DF_POP_HIST(1.0),Historical population data,I,POL,Poland,POP,Population,PS,Persons,M,Male,Y20T24,From 20 to 24 years,H,Historical,1989,,1263140,,A,Normal value,0,Units,0,Zero
DATAFLOW,OECD.ELS.SAE:DSD_POPULATION@DF_POP_HIST(1.0),Historical population data,I,POL,Poland,POP,Population,PS,Persons,M,Male,Y20T24,From 20 to 24 years,H,Historical,1990,,1317524,,A,Normal value,0,Units,0,Zero
DATAFLOW,OECD.ELS.SAE:DSD_POPULATION@DF_POP_HIST(1.0),Historical population data,I,POL,Poland,POP,Population,PS,Persons,M,Male,Y20T24,From 20 to 24 years,H,Historical,1991,,1349049,,A,Normal value,0,Units,0,Zero
DATAFLOW,OECD.ELS.SAE:DSD_POPULATION@DF_POP_HIST(1.0),Historical population data,I,POL,Poland,POP,Population,PS,Persons,M,Male,Y20T24,From 20 to 24 years,H,Historical,1992,,1377285,,A,Normal value,0,Units,0,Zero
DATAFLOW,OECD.ELS.SAE:DSD_POPULATION@DF_POP_HIST(1.0),Historical population data,I,POL,Poland,POP,Population,PS,Persons,M,Male,Y20T24,From 20 to 24 years,H,Historical,1993,,1404063,,A,Normal value,0,Units,0,Zero
DATAFLOW,OECD.ELS.SAE:DSD_POPULATION@DF_POP_HIST(1.0),Historical population data,I,POL,Poland,POP,Population,PS,Persons,M,Male,Y20T24,From 20 to 24 years,H,Historical,1994,,1429713,,A,Normal value,0,Units,0,Zero
DATAFLOW,OECD.ELS.SAE:DSD_POPULATION@DF_POP_HIST(1.0),Historical population data,I,POL,Poland,POP,Population,PS,Persons,M,Male,Y20T24,From 20 to 24 years,H,Historical,1995,,1454234,,A,Normal value,0,Units,0,Zero
DATAFLOW,OECD.ELS.SAE:DSD_POPULATION@DF_POP_HIST(1.0),Historical population data,I,POL,Poland,POP,Population,PS,Persons,M,Male,Y20T24,From 20 to 24 years,H,Historical,1996,,1479286,,A,Normal value,0,Units,0,Zero
DATAFLOW,OECD.ELS.SAE:DSD_POPULATION@DF_POP_HIST(1.0),Historical population data,I,POL,Poland,POP,Population,PS,Persons,M,Male,Y20T24,From 20 to 24 years,H,Historical,1997,,1505220,,A,Normal value,0,Units,0,Zero
DATAFLOW,OECD.ELS.SAE:DSD_POPULATION@DF_POP_HIST(1.0),Historical population data,I,POL,Poland,POP,Population,PS,Persons,M,Male,Y20T24,From 20 to 24 years,H,Historical,1998,,1530410,,A,Normal value,0,Units,0,Zero
DATAFLOW,OECD.ELS.SAE:DSD_POPULATION@DF_POP_HIST(1.0),Historical population data,I,POL,Poland,POP,Population,PS,Persons,M,Male,Y20T24,From 20 to 24 years,H,Historical,1999,,1554054,,A,Normal value,0,Units,0,Zero
DATAFLOW,OECD.ELS.SAE:DSD_POPULATION@DF_POP_HIST(1.0),Historical population data,I,POL,Poland,POP,Population,PS,Persons,M,Male,Y20T24,From 20 to 24 years,H,Historical,2000,,1577282,,A,Normal value,0,Units,0,Zero
DATAFLOW,OECD.ELS.SAE:DSD_POPULATION@DF_POP_HIST(1.0),Historical population data,I,POL,Poland,POP,Population,PS,Persons,M,Male,Y20T24,From 20 to 24 years,H,Historical,2001,,1593922,,A,Normal value,0,Units,0,Zero
DATAFLOW,OECD.ELS.SAE:DSD_POPULATION@DF_POP_HIST(1.0),Historical population data,I,POL,Poland,POP,Population,PS,Persons,M,Male,Y20T24,From 20 to 24 years,H,Historical,2002,,1607932,,A,Normal value,0,Units,0,Zero
DATAFLOW,OECD.ELS.SAE:DSD_POPULATION@DF_POP_HIST(1.0),Historical population data,I,POL,Poland,POP,Population,PS,Persons,M,Male,Y20T24,From 20 to 24 years,H,Historical,2003,,1643019,,A,Normal value,0,Units,0,Zero
DATAFLOW,OECD.ELS.SAE:DSD_POPULATION@DF_POP_HIST(1.0),Historical population data,I,POL,Poland,POP,Population,PS,Persons,M,Male,Y20T24,From 20 to 24 years,H,Historical,2004,,1671029,,A,Normal value,0,Units,0,Zero
DATAFLOW,OECD.ELS.SAE:DSD_POPULATION@DF_POP_HIST(1.0),Historical population data,I,POL,Poland,POP,Population,PS,Persons,M,Male,Y20T24,From 20 to 24 years,H,Historical,2005,,1684232,,A,Normal value,0,Units,0,Zero
DATAFLOW,OECD.ELS.SAE:DSD_POPULATION@DF_POP_HIST(1.0),Historical population data,I,POL,Poland,POP,Population,PS,Persons,M,Male,Y20T24,From 20 to 24 years,H,Historical,2006,,1678849,,A,Normal value,0,Units,0,Zero
DATAFLOW,OECD.ELS.SAE:DSD_POPULATION@DF_POP_HIST(1.0),Historical population data,I,POL,Poland,POP,Population,PS,Persons,M,Male,Y20T24,From 20 to 24 years,H,Historical,2007,,1648659,,A,Normal value,0,Units,0,Zero
DATAFLOW,OECD.ELS.SAE:DSD_POPULATION@DF_POP_HIST(1.0),Historical population data,I,POL,Poland,POP,Population,PS,Persons,M,Male,Y20T24,From 20 to 24 years,H,Historical,2008,,1595025,,A,Normal value,0,Units,0,Zero
DATAFLOW,OECD.ELS.SAE:DSD_POPULATION@DF_POP_HIST(1.0),Historical population data,I,POL,Poland,POP,Population,PS,Persons,M,Male,Y20T24,From 20 to 24 years,H,Historical,2009,,1535686,,A,Normal value,0,Units,0,Zero
DATAFLOW,OECD.ELS.SAE:DSD_POPULATION@DF_POP_HIST(1.0),Historical population data,I,POL,Poland,POP,Population,PS,Persons,M,Male,Y20T24,From 20 to 24 years,H,Historical,2010,,1473702,,A,Normal value,0,Units,0,Zero
DATAFLOW,OECD.ELS.SAE:DSD_POPULATION@DF_POP_HIST(1.0),Historical population data,I,POL,Poland,POP,Population,PS,Persons,M,Male,Y20T24,From 20 to 24 years,H,Historical,2011,,1432391,,A,Normal value,0,Units,0,Zero
DATAFLOW,OECD.ELS.SAE:DSD_POPULATION@DF_POP_HIST(1.0),Historical population data,I,POL,Poland,POP,Population,PS,Persons,M,Male,Y20T24,From 20 to 24 years,H,Historical,2012,,1394761,,A,Normal value,0,Units,0,Zero
DATAFLOW,OECD.ELS.SAE:DSD_POPULATION@DF_POP_HIST(1.0),Historical population data,I,POL,Poland,POP,Population,PS,Persons,M,Male,Y20T24,From 20 to 24 years,H,Historical,2013,,1353266,,A,Normal value,0,Units,0,Zero
DATAFLOW,OECD.ELS.SAE:DSD_POPULATION@DF_POP_HIST(1.0),Historical population data,I,POL,Poland,POP,Population,PS,Persons,M,Male,Y20T24,From 20 to 24 years,H,Historical,2014,,1308860,,A,Normal value,0,Units,0,Zero
DATAFLOW,OECD.ELS.SAE:DSD_POPULATION@DF_POP_HIST(1.0),Historical population data,I,POL,Poland,POP,Population,PS,Persons,M,Male,Y20T24,From 20 to 24 years,H,Historical,2015,,1257703,,A,Normal value,0,Units,0,Zero
DATAFLOW,OECD.ELS.SAE:DSD_POPULATION@DF_POP_HIST(1.0),Historical population data,I,POL,Poland,POP,Population,PS,Persons,M,Male,Y20T24,From 20 to 24 years,H,Historical,2016,,1201247,,A,Normal value,0,Units,0,Zero
DATAFLOW,OECD.ELS.SAE:DSD_POPULATION@DF_POP_HIST(1.0),Historical population data,I,POL,Poland,POP,Population,PS,Persons,M,Male,Y20T24,From 20 to 24 years,H,Historical,2017,,1149315,,A,Normal value,0,Units,0,Zero
DATAFLOW,OECD.ELS.SAE:DSD_POPULATION@DF_POP_HIST(1.0),Historical population data,I,POL,Poland,POP,Population,PS,Persons,M,Male,Y20T24,From 20 to 24 years,H,Historical,2018,,1101924,,A,Normal value,0,Units,0,Zero
DATAFLOW,OECD.ELS.SAE:DSD_POPULATION@DF_POP_HIST(1.0),Historical population data,I,POL,Poland,POP,Population,PS,Persons,M,Male,Y20T24,From 20 to 24 years,H,Historical,2019,,1057666,,A,Normal value,0,Units,0,Zero
DATAFLOW,OECD.ELS.SAE:DSD_POPULATION@DF_POP_HIST(1.0),Historical population data,I,POL,Poland,POP,Population,PS,Persons,M,Male,Y20T24,From 20 to 24 years,H,Historical,2022,,946568,,A,Normal value,0,Units,0,Zero
DATAFLOW,OECD.ELS.SAE:DSD_POPULATION@DF_POP_HIST(1.0),Historical population data,I,POL,Poland,POP,Population,PS,Persons,M,Male,Y25T29,From 25 to 29 years,H,Historical,1960,,1133541,,A,Normal value,0,Units,0,Zero
DATAFLOW,OECD.ELS.SAE:DSD_POPULATION@DF_POP_HIST(1.0),Historical population data,I,POL,Poland,POP,Population,PS,Persons,M,Male,Y25T29,From 25 to 29 years,H,Historical,1961,,1160600,,A,Normal value,0,Units,0,Zero
DATAFLOW,OECD.ELS.SAE:DSD_POPULATION@DF_POP_HIST(1.0),Historical population data,I,POL,Poland,POP,Population,PS,Persons,M,Male,Y25T29,From 25 to 29 years,H,Historical,1962,,1150500,,A,Normal value,0,Units,0,Zero
DATAFLOW,OECD.ELS.SAE:DSD_POPULATION@DF_POP_HIST(1.0),Historical population data,I,POL,Poland,POP,Population,PS,Persons,M,Male,Y25T29,From 25 to 29 years,H,Historical,1963,,1122500,,A,Normal value,0,Units,0,Zero
DATAFLOW,OECD.ELS.SAE:DSD_POPULATION@DF_POP_HIST(1.0),Historical population data,I,POL,Poland,POP,Population,PS,Persons,M,Male,Y25T29,From 25 to 29 years,H,Historical,1964,,1130800,,A,Normal value,0,Units,0,Zero
DATAFLOW,OECD.ELS.SAE:DSD_POPULATION@DF_POP_HIST(1.0),Historical population data,I,POL,Poland,POP,Population,PS,Persons,M,Male,Y25T29,From 25 to 29 years,H,Historical,1965,,1111300,,A,Normal value,0,Units,0,Zero
DATAFLOW,OECD.ELS.SAE:DSD_POPULATION@DF_POP_HIST(1.0),Historical population data,I,POL,Poland,POP,Population,PS,Persons,M,Male,Y25T29,From 25 to 29 years,H,Historical,1966,,1087900,,A,Normal value,0,Units,0,Zero
DATAFLOW,OECD.ELS.SAE:DSD_POPULATION@DF_POP_HIST(1.0),Historical population data,I,POL,Poland,POP,Population,PS,Persons,M,Male,Y25T29,From 25 to 29 years,H,Historical,1967,,1056400,,A,Normal value,0,Units,0,Zero
DATAFLOW,OECD.ELS.SAE:DSD_POPULATION@DF_POP_HIST(1.0),Historical population data,I,POL,Poland,POP,Population,PS,Persons,M,Male,Y25T29,From 25 to 29 years,H,Historical,1968,,1041800,,A,Normal value,0,Units,0,Zero
DATAFLOW,OECD.ELS.SAE:DSD_POPULATION@DF_POP_HIST(1.0),Historical population data,I,POL,Poland,POP,Population,PS,Persons,M,Male,Y25T29,From 25 to 29 years,H,Historical,1969,,1012700,,A,Normal value,0,Units,0,Zero
DATAFLOW,OECD.ELS.SAE:DSD_POPULATION@DF_POP_HIST(1.0),Historical population data,I,POL,Poland,POP,Population,PS,Persons,M,Male,Y25T29,From 25 to 29 years,H,Historical,1970,,948774,,A,Normal value,0,Units,0,Zero
DATAFLOW,OECD.ELS.SAE:DSD_POPULATION@DF_POP_HIST(1.0),Historical population data,I,POL,Poland,POP,Population,PS,Persons,M,Male,Y25T29,From 25 to 29 years,H,Historical,1971,,980000,,A,Normal value,0,Units,0,Zero
DATAFLOW,OECD.ELS.SAE:DSD_POPULATION@DF_POP_HIST(1.0),Historical population data,I,POL,Poland,POP,Population,PS,Persons,M,Male,Y25T29,From 25 to 29 years,H,Historical,1972,,1060800,,A,Normal value,0,Units,0,Zero
DATAFLOW,OECD.ELS.SAE:DSD_POPULATION@DF_POP_HIST(1.0),Historical population data,I,POL,Poland,POP,Population,PS,Persons,M,Male,Y25T29,From 25 to 29 years,H,Historical,1973,,1170100,,A,Normal value,0,Units,0,Zero
DATAFLOW,OECD.ELS.SAE:DSD_POPULATION@DF_POP_HIST(1.0),Historical population data,I,POL,Poland,POP,Population,PS,Persons,M,Male,Y25T29,From 25 to 29 years,H,Historical,1974,,1288159,,A,Normal value,0,Units,0,Zero
DATAFLOW,OECD.ELS.SAE:DSD_POPULATION@DF_POP_HIST(1.0),Historical population data,I,POL,Poland,POP,Population,PS,Persons,M,Male,Y25T29,From 25 to 29 years,H,Historical,1975,,1415026,,A,Normal value,0,Units,0,Zero
DATAFLOW,OECD.ELS.SAE:DSD_POPULATION@DF_POP_HIST(1.0),Historical population data,I,POL,Poland,POP,Population,PS,Persons,M,Male,Y25T29,From 25 to 29 years,H,Historical,1976,,1523176,,A,Normal value,0,Units,0,Zero
DATAFLOW,OECD.ELS.SAE:DSD_POPULATION@DF_POP_HIST(1.0),Historical population data,I,POL,Poland,POP,Population,PS,Persons,M,Male,Y25T29,From 25 to 29 years,H,Historical,1977,,1592532,,A,Normal value,0,Units,0,Zero
DATAFLOW,OECD.ELS.SAE:DSD_POPULATION@DF_POP_HIST(1.0),Historical population data,I,POL,Poland,POP,Population,PS,Persons,M,Male,Y25T29,From 25 to 29 years,H,Historical,1978,,1643017,,A,Normal value,0,Units,0,Zero
DATAFLOW,OECD.ELS.SAE:DSD_POPULATION@DF_POP_HIST(1.0),Historical population data,I,POL,Poland,POP,Population,PS,Persons,M,Male,Y25T29,From 25 to 29 years,H,Historical,1979,,1669733,,A,Normal value,0,Units,0,Zero
DATAFLOW,OECD.ELS.SAE:DSD_POPULATION@DF_POP_HIST(1.0),Historical population data,I,POL,Poland,POP,Population,PS,Persons,M,Male,Y25T29,From 25 to 29 years,H,Historical,1980,,1698997,,A,Normal value,0,Units,0,Zero
DATAFLOW,OECD.ELS.SAE:DSD_POPULATION@DF_POP_HIST(1.0),Historical population data,I,POL,Poland,POP,Population,PS,Persons,M,Male,Y25T29,From 25 to 29 years,H,Historical,1981,,1716889,,A,Normal value,0,Units,0,Zero
DATAFLOW,OECD.ELS.SAE:DSD_POPULATION@DF_POP_HIST(1.0),Historical population data,I,POL,Poland,POP,Population,PS,Persons,M,Male,Y25T29,From 25 to 29 years,H,Historical,1982,,1724584,,A,Normal value,0,Units,0,Zero
DATAFLOW,OECD.ELS.SAE:DSD_POPULATION@DF_POP_HIST(1.0),Historical population data,I,POL,Poland,POP,Population,PS,Persons,M,Male,Y25T29,From 25 to 29 years,H,Historical,1983,,1725836,,A,Normal value,0,Units,0,Zero
DATAFLOW,OECD.ELS.SAE:DSD_POPULATION@DF_POP_HIST(1.0),Historical population data,I,POL,Poland,POP,Population,PS,Persons,M,Male,Y25T29,From 25 to 29 years,H,Historical,1984,,1717295,,A,Normal value,0,Units,0,Zero
DATAFLOW,OECD.ELS.SAE:DSD_POPULATION@DF_POP_HIST(1.0),Historical population data,I,POL,Poland,POP,Population,PS,Persons,M,Male,Y25T29,From 25 to 29 years,H,Historical,1985,,1687849,,A,Normal value,0,Units,0,Zero
DATAFLOW,OECD.ELS.SAE:DSD_POPULATION@DF_POP_HIST(1.0),Historical population data,I,POL,Poland,POP,Population,PS,Persons,M,Male,Y25T29,From 25 to 29 years,H,Historical,1986,,1638593,,A,Normal value,0,Units,0,Zero
DATAFLOW,OECD.ELS.SAE:DSD_POPULATION@DF_POP_HIST(1.0),Historical population data,I,POL,Poland,POP,Population,PS,Persons,M,Male,Y25T29,From 25 to 29 years,H,Historical,1987,,1578166,,A,Normal value,0,Units,0,Zero
DATAFLOW,OECD.ELS.SAE:DSD_POPULATION@DF_POP_HIST(1.0),Historical population data,I,POL,Poland,POP,Population,PS,Persons,M,Male,Y25T29,From 25 to 29 years,H,Historical,1988,,1513679,,A,Normal value,0,Units,0,Zero
DATAFLOW,OECD.ELS.SAE:DSD_POPULATION@DF_POP_HIST(1.0),Historical population data,I,POL,Poland,POP,Population,PS,Persons,M,Male,Y25T29,From 25 to 29 years,H,Historical,1989,,1415029,,A,Normal value,0,Units,0,Zero
DATAFLOW,OECD.ELS.SAE:DSD_POPULATION@DF_POP_HIST(1.0),Historical population data,I,POL,Poland,POP,Population,PS,Persons,M,Male,Y25T29,From 25 to 29 years,H,Historical,1990,,1445915,,A,Normal value,0,Units,0,Zero
DATAFLOW,OECD.ELS.SAE:DSD_POPULATION@DF_POP_HIST(1.0),Historical population data,I,POL,Poland,POP,Population,PS,Persons,M,Male,Y25T29,From 25 to 29 years,H,Historical,1991,,1446549,,A,Normal value,0,Units,0,Zero
DATAFLOW,OECD.ELS.SAE:DSD_POPULATION@DF_POP_HIST(1.0),Historical population data,I,POL,Poland,POP,Population,PS,Persons,M,Male,Y25T29,From 25 to 29 years,H,Historical,1992,,1446415,,A,Normal value,0,Units,0,Zero
DATAFLOW,OECD.ELS.SAE:DSD_POPULATION@DF_POP_HIST(1.0),Historical population data,I,POL,Poland,POP,Population,PS,Persons,M,Male,Y25T29,From 25 to 29 years,H,Historical,1993,,1447131,,A,Normal value,0,Units,0,Zero
DATAFLOW,OECD.ELS.SAE:DSD_POPULATION@DF_POP_HIST(1.0),Historical population data,I,POL,Poland,POP,Population,PS,Persons,M,Male,Y25T29,From 25 to 29 years,H,Historical,1994,,1446718,,A,Normal value,0,Units,0,Zero
DATAFLOW,OECD.ELS.SAE:DSD_POPULATION@DF_POP_HIST(1.0),Historical population data,I,POL,Poland,POP,Population,PS,Persons,M,Male,Y25T29,From 25 to 29 years,H,Historical,1995,,1444835,,A,Normal value,0,Units,0,Zero
DATAFLOW,OECD.ELS.SAE:DSD_POPULATION@DF_POP_HIST(1.0),Historical population data,I,POL,Poland,POP,Population,PS,Persons,M,Male,Y25T29,From 25 to 29 years,H,Historical,1996,,1441660,,A,Normal value,0,Units,0,Zero
DATAFLOW,OECD.ELS.SAE:DSD_POPULATION@DF_POP_HIST(1.0),Historical population data,I,POL,Poland,POP,Population,PS,Persons,M,Male,Y25T29,From 25 to 29 years,H,Historical,1997,,1435145,,A,Normal value,0,Units,0,Zero
DATAFLOW,OECD.ELS.SAE:DSD_POPULATION@DF_POP_HIST(1.0),Historical population data,I,POL,Poland,POP,Population,PS,Persons,M,Male,Y25T29,From 25 to 29 years,H,Historical,1998,,1426636,,A,Normal value,0,Units,0,Zero
DATAFLOW,OECD.ELS.SAE:DSD_POPULATION@DF_POP_HIST(1.0),Historical population data,I,POL,Poland,POP,Population,PS,Persons,M,Male,Y25T29,From 25 to 29 years,H,Historical,1999,,1392351,,A,Normal value,0,Units,0,Zero
DATAFLOW,OECD.ELS.SAE:DSD_POPULATION@DF_POP_HIST(1.0),Historical population data,I,POL,Poland,POP,Population,PS,Persons,M,Male,Y25T29,From 25 to 29 years,H,Historical,2000,,1384266,,A,Normal value,0,Units,0,Zero
DATAFLOW,OECD.ELS.SAE:DSD_POPULATION@DF_POP_HIST(1.0),Historical population data,I,POL,Poland,POP,Population,PS,Persons,M,Male,Y25T29,From 25 to 29 years,H,Historical,2001,,1431156,,A,Normal value,0,Units,0,Zero
DATAFLOW,OECD.ELS.SAE:DSD_POPULATION@DF_POP_HIST(1.0),Historical population data,I,POL,Poland,POP,Population,PS,Persons,M,Male,Y25T29,From 25 to 29 years,H,Historical,2002,,1473505,,A,Normal value,0,Units,0,Zero
DATAFLOW,OECD.ELS.SAE:DSD_POPULATION@DF_POP_HIST(1.0),Historical population data,I,POL,Poland,POP,Population,PS,Persons,M,Male,Y25T29,From 25 to 29 years,H,Historical,2003,,1507946,,A,Normal value,0,Units,0,Zero
DATAFLOW,OECD.ELS.SAE:DSD_POPULATION@DF_POP_HIST(1.0),Historical population data,I,POL,Poland,POP,Population,PS,Persons,M,Male,Y25T29,From 25 to 29 years,H,Historical,2004,,1538688,,A,Normal value,0,Units,0,Zero
DATAFLOW,OECD.ELS.SAE:DSD_POPULATION@DF_POP_HIST(1.0),Historical population data,I,POL,Poland,POP,Population,PS,Persons,M,Male,Y25T29,From 25 to 29 years,H,Historical,2005,,1564958,,A,Normal value,0,Units,0,Zero
DATAFLOW,OECD.ELS.SAE:DSD_POPULATION@DF_POP_HIST(1.0),Historical population data,I,POL,Poland,POP,Population,PS,Persons,M,Male,Y25T29,From 25 to 29 years,H,Historical,2006,,1578005,,A,Normal value,0,Units,0,Zero
DATAFLOW,OECD.ELS.SAE:DSD_POPULATION@DF_POP_HIST(1.0),Historical population data,I,POL,Poland,POP,Population,PS,Persons,M,Male,Y25T29,From 25 to 29 years,H,Historical,2007,,1593318,,A,Normal value,0,Units,0,Zero
DATAFLOW,OECD.ELS.SAE:DSD_POPULATION@DF_POP_HIST(1.0),Historical population data,I,POL,Poland,POP,Population,PS,Persons,M,Male,Y25T29,From 25 to 29 years,H,Historical,2008,,1622898,,A,Normal value,0,Units,0,Zero
DATAFLOW,OECD.ELS.SAE:DSD_POPULATION@DF_POP_HIST(1.0),Historical population data,I,POL,Poland,POP,Population,PS,Persons,M,Male,Y25T29,From 25 to 29 years,H,Historical,2009,,1651240,,A,Normal value,0,Units,0,Zero
DATAFLOW,OECD.ELS.SAE:DSD_POPULATION@DF_POP_HIST(1.0),Historical population data,I,POL,Poland,POP,Population,PS,Persons,M,Male,Y25T29,From 25 to 29 years,H,Historical,2010,,1658544,,A,Normal value,0,Units,0,Zero
DATAFLOW,OECD.ELS.SAE:DSD_POPULATION@DF_POP_HIST(1.0),Historical population data,I,POL,Poland,POP,Population,PS,Persons,M,Male,Y25T29,From 25 to 29 years,H,Historical,2011,,1650733,,A,Normal value,0,Units,0,Zero
DATAFLOW,OECD.ELS.SAE:DSD_POPULATION@DF_POP_HIST(1.0),Historical population data,I,POL,Poland,POP,Population,PS,Persons,M,Male,Y25T29,From 25 to 29 years,H,Historical,2012,,1623072,,A,Normal value,0,Units,0,Zero
DATAFLOW,OECD.ELS.SAE:DSD_POPULATION@DF_POP_HIST(1.0),Historical population data,I,POL,Poland,POP,Population,PS,Persons,M,Male,Y25T29,From 25 to 29 years,H,Historical,2013,,1573409,,A,Normal value,0,Units,0,Zero
DATAFLOW,OECD.ELS.SAE:DSD_POPULATION@DF_POP_HIST(1.0),Historical population data,I,POL,Poland,POP,Population,PS,Persons,M,Male,Y25T29,From 25 to 29 years,H,Historical,2014,,1516600,,A,Normal value,0,Units,0,Zero
DATAFLOW,OECD.ELS.SAE:DSD_POPULATION@DF_POP_HIST(1.0),Historical population data,I,POL,Poland,POP,Population,PS,Persons,M,Male,Y25T29,From 25 to 29 years,H,Historical,2015,,1464438,,A,Normal value,0,Units,0,Zero
DATAFLOW,OECD.ELS.SAE:DSD_POPULATION@DF_POP_HIST(1.0),Historical population data,I,POL,Poland,POP,Population,PS,Persons,M,Male,Y25T29,From 25 to 29 years,H,Historical,2016,,1422592,,A,Normal value,0,Units,0,Zero
DATAFLOW,OECD.ELS.SAE:DSD_POPULATION@DF_POP_HIST(1.0),Historical population data,I,POL,Poland,POP,Population,PS,Persons,M,Male,Y25T29,From 25 to 29 years,H,Historical,2017,,1385280,,A,Normal value,0,Units,0,Zero
DATAFLOW,OECD.ELS.SAE:DSD_POPULATION@DF_POP_HIST(1.0),Historical population data,I,POL,Poland,POP,Population,PS,Persons,M,Male,Y25T29,From 25 to 29 years,H,Historical,2018,,1344572,,A,Normal value,0,Units,0,Zero
DATAFLOW,OECD.ELS.SAE:DSD_POPULATION@DF_POP_HIST(1.0),Historical population data,I,POL,Poland,POP,Population,PS,Persons,M,Male,Y25T29,From 25 to 29 years,H,Historical,2019,,1300909,,A,Normal value,0,Units,0,Zero
DATAFLOW,OECD.ELS.SAE:DSD_POPULATION@DF_POP_HIST(1.0),Historical population data,I,POL,Poland,POP,Population,PS,Persons,M,Male,Y25T29,From 25 to 29 years,H,Historical,2022,,1130860,,A,Normal value,0,Units,0,Zero
DATAFLOW,OECD.ELS.SAE:DSD_POPULATION@DF_POP_HIST(1.0),Historical population data,I,POL,Poland,POP,Population,PS,Persons,M,Male,Y_LT20,Less than 20 years,H,Historical,1960,,6036834,,A,Normal value,0,Units,0,Zero
DATAFLOW,OECD.ELS.SAE:DSD_POPULATION@DF_POP_HIST(1.0),Historical population data,I,POL,Poland,POP,Population,PS,Persons,M,Male,Y_LT20,Less than 20 years,H,Historical,1961,,6149100,,A,Normal value,0,Units,0,Zero
DATAFLOW,OECD.ELS.SAE:DSD_POPULATION@DF_POP_HIST(1.0),Historical population data,I,POL,Poland,POP,Population,PS,Persons,M,Male,Y_LT20,Less than 20 years,H,Historical,1962,,6242000,,A,Normal value,0,Units,0,Zero
DATAFLOW,OECD.ELS.SAE:DSD_POPULATION@DF_POP_HIST(1.0),Historical population data,I,POL,Poland,POP,Population,PS,Persons,M,Male,Y_LT20,Less than 20 years,H,Historical,1963,,6309500,,A,Normal value,0,Units,0,Zero
DATAFLOW,OECD.ELS.SAE:DSD_POPULATION@DF_POP_HIST(1.0),Historical population data,I,POL,Poland,POP,Population,PS,Persons,M,Male,Y_LT20,Less than 20 years,H,Historical,1964,,6413400,,A,Normal value,0,Units,0,Zero
DATAFLOW,OECD.ELS.SAE:DSD_POPULATION@DF_POP_HIST(1.0),Historical population data,I,POL,Poland,POP,Population,PS,Persons,M,Male,Y_LT20,Less than 20 years,H,Historical,1965,,6468800,,A,Normal value,0,Units,0,Zero
DATAFLOW,OECD.ELS.SAE:DSD_POPULATION@DF_POP_HIST(1.0),Historical population data,I,POL,Poland,POP,Population,PS,Persons,M,Male,Y_LT20,Less than 20 years,H,Historical,1966,,6473300,,A,Normal value,0,Units,0,Zero
DATAFLOW,OECD.ELS.SAE:DSD_POPULATION@DF_POP_HIST(1.0),Historical population data,I,POL,Poland,POP,Population,PS,Persons,M,Male,Y_LT20,Less than 20 years,H,Historical,1967,,6441800,,A,Normal value,0,Units,0,Zero
DATAFLOW,OECD.ELS.SAE:DSD_POPULATION@DF_POP_HIST(1.0),Historical population data,I,POL,Poland,POP,Population,PS,Persons,M,Male,Y_LT20,Less than 20 years,H,Historical,1968,,6392000,,A,Normal value,0,Units,0,Zero
DATAFLOW,OECD.ELS.SAE:DSD_POPULATION@DF_POP_HIST(1.0),Historical population data,I,POL,Poland,POP,Population,PS,Persons,M,Male,Y_LT20,Less than 20 years,H,Historical,1969,,6323800,,A,Normal value,0,Units,0,Zero
DATAFLOW,OECD.ELS.SAE:DSD_POPULATION@DF_POP_HIST(1.0),Historical population data,I,POL,Poland,POP,Population,PS,Persons,M,Male,Y_LT20,Less than 20 years,H,Historical,1970,,6180830,,A,Normal value,0,Units,0,Zero
DATAFLOW,OECD.ELS.SAE:DSD_POPULATION@DF_POP_HIST(1.0),Historical population data,I,POL,Poland,POP,Population,PS,Persons,M,Male,Y_LT20,Less than 20 years,H,Historical,1971,,6134500,,A,Normal value,0,Units,0,Zero
DATAFLOW,OECD.ELS.SAE:DSD_POPULATION@DF_POP_HIST(1.0),Historical population data,I,POL,Poland,POP,Population,PS,Persons,M,Male,Y_LT20,Less than 20 years,H,Historical,1972,,6097900,,A,Normal value,0,Units,0,Zero
DATAFLOW,OECD.ELS.SAE:DSD_POPULATION@DF_POP_HIST(1.0),Historical population data,I,POL,Poland,POP,Population,PS,Persons,M,Male,Y_LT20,Less than 20 years,H,Historical,1973,,6031200,,A,Normal value,0,Units,0,Zero
DATAFLOW,OECD.ELS.SAE:DSD_POPULATION@DF_POP_HIST(1.0),Historical population data,I,POL,Poland,POP,Population,PS,Persons,M,Male,Y_LT20,Less than 20 years,H,Historical,1974,,5979576,,A,Normal value,0,Units,0,Zero
DATAFLOW,OECD.ELS.SAE:DSD_POPULATION@DF_POP_HIST(1.0),Historical population data,I,POL,Poland,POP,Population,PS,Persons,M,Male,Y_LT20,Less than 20 years,H,Historical,1975,,5933292,,A,Normal value,0,Units,0,Zero
DATAFLOW,OECD.ELS.SAE:DSD_POPULATION@DF_POP_HIST(1.0),Historical population data,I,POL,Poland,POP,Population,PS,Persons,M,Male,Y_LT20,Less than 20 years,H,Historical,1976,,5893583,,A,Normal value,0,Units,0,Zero
DATAFLOW,OECD.ELS.SAE:DSD_POPULATION@DF_POP_HIST(1.0),Historical population data,I,POL,Poland,POP,Population,PS,Persons,M,Male,Y_LT20,Less than 20 years,H,Historical,1977,,5862304,,A,Normal value,0,Units,0,Zero
DATAFLOW,OECD.ELS.SAE:DSD_POPULATION@DF_POP_HIST(1.0),Historical population data,I,POL,Poland,POP,Population,PS,Persons,M,Male,Y_LT20,Less than 20 years,H,Historical,1978,,5831838,,A,Normal value,0,Units,0,Zero
DATAFLOW,OECD.ELS.SAE:DSD_POPULATION@DF_POP_HIST(1.0),Historical population data,I,POL,Poland,POP,Population,PS,Persons,M,Male,Y_LT20,Less than 20 years,H,Historical,1979,,5829586,,A,Normal value,0,Units,0,Zero
DATAFLOW,OECD.ELS.SAE:DSD_POPULATION@DF_POP_HIST(1.0),Historical population data,I,POL,Poland,POP,Population,PS,Persons,M,Male,Y_LT20,Less than 20 years,H,Historical,1980,,5844012,,A,Normal value,0,Units,0,Zero
DATAFLOW,OECD.ELS.SAE:DSD_POPULATION@DF_POP_HIST(1.0),Historical population data,I,POL,Poland,POP,Population,PS,Persons,M,Male,Y_LT20,Less than 20 years,H,Historical,1981,,5872938,,A,Normal value,0,Units,0,Zero
DATAFLOW,OECD.ELS.SAE:DSD_POPULATION@DF_POP_HIST(1.0),Historical population data,I,POL,Poland,POP,Population,PS,Persons,M,Male,Y_LT20,Less than 20 years,H,Historical,1982,,5920606,,A,Normal value,0,Units,0,Zero
DATAFLOW,OECD.ELS.SAE:DSD_POPULATION@DF_POP_HIST(1.0),Historical population data,I,POL,Poland,POP,Population,PS,Persons,M,Male,Y_LT20,Less than 20 years,H,Historical,1983,,5987644,,A,Normal value,0,Units,0,Zero
DATAFLOW,OECD.ELS.SAE:DSD_POPULATION@DF_POP_HIST(1.0),Historical population data,I,POL,Poland,POP,Population,PS,Persons,M,Male,Y_LT20,Less than 20 years,H,Historical,1984,,6067152,,A,Normal value,0,Units,0,Zero
DATAFLOW,OECD.ELS.SAE:DSD_POPULATION@DF_POP_HIST(1.0),Historical population data,I,POL,Poland,POP,Population,PS,Persons,M,Male,Y_LT20,Less than 20 years,H,Historical,1985,,6144051,,A,Normal value,0,Units,0,Zero
DATAFLOW,OECD.ELS.SAE:DSD_POPULATION@DF_POP_HIST(1.0),Historical population data,I,POL,Poland,POP,Population,PS,Persons,M,Male,Y_LT20,Less than 20 years,H,Historical,1986,,6212058,,A,Normal value,0,Units,0,Zero
DATAFLOW,OECD.ELS.SAE:DSD_POPULATION@DF_POP_HIST(1.0),Historical population data,I,POL,Poland,POP,Population,PS,Persons,M,Male,Y_LT20,Less than 20 years,H,Historical,1987,,6262393,,A,Normal value,0,Units,0,Zero
DATAFLOW,OECD.ELS.SAE:DSD_POPULATION@DF_POP_HIST(1.0),Historical population data,I,POL,Poland,POP,Population,PS,Persons,M,Male,Y_LT20,Less than 20 years,H,Historical,1988,,6305310,,A,Normal value,0,Units,0,Zero
DATAFLOW,OECD.ELS.SAE:DSD_POPULATION@DF_POP_HIST(1.0),Historical population data,I,POL,Poland,POP,Population,PS,Persons,M,Male,Y_LT20,Less than 20 years,H,Historical,1989,,6340573,,A,Normal value,0,Units,0,Zero
DATAFLOW,OECD.ELS.SAE:DSD_POPULATION@DF_POP_HIST(1.0),Historical population data,I,POL,Poland,POP,Population,PS,Persons,M,Male,Y_LT20,Less than 20 years,H,Historical,1990,,6232511,,A,Normal value,0,Units,0,Zero
DATAFLOW,OECD.ELS.SAE:DSD_POPULATION@DF_POP_HIST(1.0),Historical population data,I,POL,Poland,POP,Population,PS,Persons,M,Male,Y_LT20,Less than 20 years,H,Historical,1991,,6160797,,A,Normal value,0,Units,0,Zero
DATAFLOW,OECD.ELS.SAE:DSD_POPULATION@DF_POP_HIST(1.0),Historical population data,I,POL,Poland,POP,Population,PS,Persons,M,Male,Y_LT20,Less than 20 years,H,Historical,1992,,6084705,,A,Normal value,0,Units,0,Zero
DATAFLOW,OECD.ELS.SAE:DSD_POPULATION@DF_POP_HIST(1.0),Historical population data,I,POL,Poland,POP,Population,PS,Persons,M,Male,Y_LT20,Less than 20 years,H,Historical,1993,,6005259,,A,Normal value,0,Units,0,Zero
DATAFLOW,OECD.ELS.SAE:DSD_POPULATION@DF_POP_HIST(1.0),Historical population data,I,POL,Poland,POP,Population,PS,Persons,M,Male,Y_LT20,Less than 20 years,H,Historical,1994,,5931248,,A,Normal value,0,Units,0,Zero
DATAFLOW,OECD.ELS.SAE:DSD_POPULATION@DF_POP_HIST(1.0),Historical population data,I,POL,Poland,POP,Population,PS,Persons,M,Male,Y_LT20,Less than 20 years,H,Historical,1995,,5859913,,A,Normal value,0,Units,0,Zero
DATAFLOW,OECD.ELS.SAE:DSD_POPULATION@DF_POP_HIST(1.0),Historical population data,I,POL,Poland,POP,Population,PS,Persons,M,Male,Y_LT20,Less than 20 years,H,Historical,1996,,5786729,,A,Normal value,0,Units,0,Zero
DATAFLOW,OECD.ELS.SAE:DSD_POPULATION@DF_POP_HIST(1.0),Historical population data,I,POL,Poland,POP,Population,PS,Persons,M,Male,Y_LT20,Less than 20 years,H,Historical,1997,,5709794,,A,Normal value,0,Units,0,Zero
DATAFLOW,OECD.ELS.SAE:DSD_POPULATION@DF_POP_HIST(1.0),Historical population data,I,POL,Poland,POP,Population,PS,Persons,M,Male,Y_LT20,Less than 20 years,H,Historical,1998,,5629269,,A,Normal value,0,Units,0,Zero
DATAFLOW,OECD.ELS.SAE:DSD_POPULATION@DF_POP_HIST(1.0),Historical population data,I,POL,Poland,POP,Population,PS,Persons,M,Male,Y_LT20,Less than 20 years,H,Historical,1999,,5581263,,A,Normal value,0,Units,0,Zero
DATAFLOW,OECD.ELS.SAE:DSD_POPULATION@DF_POP_HIST(1.0),Historical population data,I,POL,Poland,POP,Population,PS,Persons,M,Male,Y_LT20,Less than 20 years,H,Historical,2000,,5507762,,A,Normal value,0,Units,0,Zero
DATAFLOW,OECD.ELS.SAE:DSD_POPULATION@DF_POP_HIST(1.0),Historical population data,I,POL,Poland,POP,Population,PS,Persons,M,Male,Y_LT20,Less than 20 years,H,Historical,2001,,5370197,,A,Normal value,0,Units,0,Zero
DATAFLOW,OECD.ELS.SAE:DSD_POPULATION@DF_POP_HIST(1.0),Historical population data,I,POL,Poland,POP,Population,PS,Persons,M,Male,Y_LT20,Less than 20 years,H,Historical,2002,,5214015,,A,Normal value,0,Units,0,Zero
DATAFLOW,OECD.ELS.SAE:DSD_POPULATION@DF_POP_HIST(1.0),Historical population data,I,POL,Poland,POP,Population,PS,Persons,M,Male,Y_LT20,Less than 20 years,H,Historical,2003,,5046030,,A,Normal value,0,Units,0,Zero
DATAFLOW,OECD.ELS.SAE:DSD_POPULATION@DF_POP_HIST(1.0),Historical population data,I,POL,Poland,POP,Population,PS,Persons,M,Male,Y_LT20,Less than 20 years,H,Historical,2004,,4875486,,A,Normal value,0,Units,0,Zero
DATAFLOW,OECD.ELS.SAE:DSD_POPULATION@DF_POP_HIST(1.0),Historical population data,I,POL,Poland,POP,Population,PS,Persons,M,Male,Y_LT20,Less than 20 years,H,Historical,2005,,4716282,,A,Normal value,0,Units,0,Zero
DATAFLOW,OECD.ELS.SAE:DSD_POPULATION@DF_POP_HIST(1.0),Historical population data,I,POL,Poland,POP,Population,PS,Persons,M,Male,Y_LT20,Less than 20 years,H,Historical,2006,,4575400,,A,Normal value,0,Units,0,Zero
DATAFLOW,OECD.ELS.SAE:DSD_POPULATION@DF_POP_HIST(1.0),Historical population data,I,POL,Poland,POP,Population,PS,Persons,M,Male,Y_LT20,Less than 20 years,H,Historical,2007,,4460853,,A,Normal value,0,Units,0,Zero
DATAFLOW,OECD.ELS.SAE:DSD_POPULATION@DF_POP_HIST(1.0),Historical population data,I,POL,Poland,POP,Population,PS,Persons,M,Male,Y_LT20,Less than 20 years,H,Historical,2008,,4368306,,A,Normal value,0,Units,0,Zero
DATAFLOW,OECD.ELS.SAE:DSD_POPULATION@DF_POP_HIST(1.0),Historical population data,I,POL,Poland,POP,Population,PS,Persons,M,Male,Y_LT20,Less than 20 years,H,Historical,2009,,4299592,,A,Normal value,0,Units,0,Zero
DATAFLOW,OECD.ELS.SAE:DSD_POPULATION@DF_POP_HIST(1.0),Historical population data,I,POL,Poland,POP,Population,PS,Persons,M,Male,Y_LT20,Less than 20 years,H,Historical,2010,,4276128,,A,Normal value,0,Units,0,Zero
DATAFLOW,OECD.ELS.SAE:DSD_POPULATION@DF_POP_HIST(1.0),Historical population data,I,POL,Poland,POP,Population,PS,Persons,M,Male,Y_LT20,Less than 20 years,H,Historical,2011,,4203391,,A,Normal value,0,Units,0,Zero
DATAFLOW,OECD.ELS.SAE:DSD_POPULATION@DF_POP_HIST(1.0),Historical population data,I,POL,Poland,POP,Population,PS,Persons,M,Male,Y_LT20,Less than 20 years,H,Historical,2012,,4138393,,A,Normal value,0,Units,0,Zero
DATAFLOW,OECD.ELS.SAE:DSD_POPULATION@DF_POP_HIST(1.0),Historical population data,I,POL,Poland,POP,Population,PS,Persons,M,Male,Y_LT20,Less than 20 years,H,Historical,2013,,4077214,,A,Normal value,0,Units,0,Zero
DATAFLOW,OECD.ELS.SAE:DSD_POPULATION@DF_POP_HIST(1.0),Historical population data,I,POL,Poland,POP,Population,PS,Persons,M,Male,Y_LT20,Less than 20 years,H,Historical,2014,,4023649,,A,Normal value,0,Units,0,Zero
DATAFLOW,OECD.ELS.SAE:DSD_POPULATION@DF_POP_HIST(1.0),Historical population data,I,POL,Poland,POP,Population,PS,Persons,M,Male,Y_LT20,Less than 20 years,H,Historical,2015,,3984024,,A,Normal value,0,Units,0,Zero
DATAFLOW,OECD.ELS.SAE:DSD_POPULATION@DF_POP_HIST(1.0),Historical population data,I,POL,Poland,POP,Population,PS,Persons,M,Male,Y_LT20,Less than 20 years,H,Historical,2016,,3955012,,A,Normal value,0,Units,0,Zero
DATAFLOW,OECD.ELS.SAE:DSD_POPULATION@DF_POP_HIST(1.0),Historical population data,I,POL,Poland,POP,Population,PS,Persons,M,Male,Y_LT20,Less than 20 years,H,Historical,2017,,3946265,,A,Normal value,0,Units,0,Zero
DATAFLOW,OECD.ELS.SAE:DSD_POPULATION@DF_POP_HIST(1.0),Historical population data,I,POL,Poland,POP,Population,PS,Persons,M,Male,Y_LT20,Less than 20 years,H,Historical,2018,,3946270,,A,Normal value,0,Units,0,Zero
DATAFLOW,OECD.ELS.SAE:DSD_POPULATION@DF_POP_HIST(1.0),Historical population data,I,POL,Poland,POP,Population,PS,Persons,M,Male,Y_LT20,Less than 20 years,H,Historical,2019,,3944169,,A,Normal value,0,Units,0,Zero
DATAFLOW,OECD.ELS.SAE:DSD_POPULATION@DF_POP_HIST(1.0),Historical population data,I,POL,Poland,POP,Population,PS,Persons,M,Male,Y_LT20,Less than 20 years,H,Historical,2022,,3933457,,A,Normal value,0,Units,0,Zero
DATAFLOW,OECD.ELS.SAE:DSD_POPULATION@DF_POP_HIST(1.0),Historical population data,I,POL,Poland,POP,Population,PS,Persons,M,Male,Y55T59,From 55 to 59 years,H,Historical,1960,,648025,,A,Normal value,0,Units,0,Zero
DATAFLOW,OECD.ELS.SAE:DSD_POPULATION@DF_POP_HIST(1.0),Historical population data,I,POL,Poland,POP,Population,PS,Persons,M,Male,Y55T59,From 55 to 59 years,H,Historical,1961,,654600,,A,Normal value,0,Units,0,Zero
DATAFLOW,OECD.ELS.SAE:DSD_POPULATION@DF_POP_HIST(1.0),Historical population data,I,POL,Poland,POP,Population,PS,Persons,M,Male,Y55T59,From 55 to 59 years,H,Historical,1962,,676600,,A,Normal value,0,Units,0,Zero
DATAFLOW,OECD.ELS.SAE:DSD_POPULATION@DF_POP_HIST(1.0),Historical population data,I,POL,Poland,POP,Population,PS,Persons,M,Male,Y55T59,From 55 to 59 years,H,Historical,1963,,704600,,A,Normal value,0,Units,0,Zero
DATAFLOW,OECD.ELS.SAE:DSD_POPULATION@DF_POP_HIST(1.0),Historical population data,I,POL,Poland,POP,Population,PS,Persons,M,Male,Y55T59,From 55 to 59 years,H,Historical,1964,,725300,,A,Normal value,0,Units,0,Zero
DATAFLOW,OECD.ELS.SAE:DSD_POPULATION@DF_POP_HIST(1.0),Historical population data,I,POL,Poland,POP,Population,PS,Persons,M,Male,Y55T59,From 55 to 59 years,H,Historical,1965,,758500,,A,Normal value,0,Units,0,Zero
DATAFLOW,OECD.ELS.SAE:DSD_POPULATION@DF_POP_HIST(1.0),Historical population data,I,POL,Poland,POP,Population,PS,Persons,M,Male,Y55T59,From 55 to 59 years,H,Historical,1966,,765300,,A,Normal value,0,Units,0,Zero
DATAFLOW,OECD.ELS.SAE:DSD_POPULATION@DF_POP_HIST(1.0),Historical population data,I,POL,Poland,POP,Population,PS,Persons,M,Male,Y55T59,From 55 to 59 years,H,Historical,1967,,761200,,A,Normal value,0,Units,0,Zero
DATAFLOW,OECD.ELS.SAE:DSD_POPULATION@DF_POP_HIST(1.0),Historical population data,I,POL,Poland,POP,Population,PS,Persons,M,Male,Y55T59,From 55 to 59 years,H,Historical,1968,,746700,,A,Normal value,0,Units,0,Zero
DATAFLOW,OECD.ELS.SAE:DSD_POPULATION@DF_POP_HIST(1.0),Historical population data,I,POL,Poland,POP,Population,PS,Persons,M,Male,Y55T59,From 55 to 59 years,H,Historical,1969,,734800,,A,Normal value,0,Units,0,Zero
DATAFLOW,OECD.ELS.SAE:DSD_POPULATION@DF_POP_HIST(1.0),Historical population data,I,POL,Poland,POP,Population,PS,Persons,M,Male,Y55T59,From 55 to 59 years,H,Historical,1970,,674050,,A,Normal value,0,Units,0,Zero
DATAFLOW,OECD.ELS.SAE:DSD_POPULATION@DF_POP_HIST(1.0),Historical population data,I,POL,Poland,POP,Population,PS,Persons,M,Male,Y55T59,From 55 to 59 years,H,Historical,1971,,650600,,A,Normal value,0,Units,0,Zero
DATAFLOW,OECD.ELS.SAE:DSD_POPULATION@DF_POP_HIST(1.0),Historical population data,I,POL,Poland,POP,Population,PS,Persons,M,Male,Y55T59,From 55 to 59 years,H,Historical,1972,,593800,,A,Normal value,0,Units,0,Zero
DATAFLOW,OECD.ELS.SAE:DSD_POPULATION@DF_POP_HIST(1.0),Historical population data,I,POL,Poland,POP,Population,PS,Persons,M,Male,Y55T59,From 55 to 59 years,H,Historical,1973,,540100,,A,Normal value,0,Units,0,Zero
DATAFLOW,OECD.ELS.SAE:DSD_POPULATION@DF_POP_HIST(1.0),Historical population data,I,POL,Poland,POP,Population,PS,Persons,M,Male,Y55T59,From 55 to 59 years,H,Historical,1974,,511503,,A,Normal value,0,Units,0,Zero
DATAFLOW,OECD.ELS.SAE:DSD_POPULATION@DF_POP_HIST(1.0),Historical population data,I,POL,Poland,POP,Population,PS,Persons,M,Male,Y55T59,From 55 to 59 years,H,Historical,1975,,529773,,A,Normal value,0,Units,0,Zero
DATAFLOW,OECD.ELS.SAE:DSD_POPULATION@DF_POP_HIST(1.0),Historical population data,I,POL,Poland,POP,Population,PS,Persons,M,Male,Y55T59,From 55 to 59 years,H,Historical,1976,,575623,,A,Normal value,0,Units,0,Zero
DATAFLOW,OECD.ELS.SAE:DSD_POPULATION@DF_POP_HIST(1.0),Historical population data,I,POL,Poland,POP,Population,PS,Persons,M,Male,Y55T59,From 55 to 59 years,H,Historical,1977,,634259,,A,Normal value,0,Units,0,Zero
DATAFLOW,OECD.ELS.SAE:DSD_POPULATION@DF_POP_HIST(1.0),Historical population data,I,POL,Poland,POP,Population,PS,Persons,M,Male,Y55T59,From 55 to 59 years,H,Historical,1978,,706457,,A,Normal value,0,Units,0,Zero
DATAFLOW,OECD.ELS.SAE:DSD_POPULATION@DF_POP_HIST(1.0),Historical population data,I,POL,Poland,POP,Population,PS,Persons,M,Male,Y55T59,From 55 to 59 years,H,Historical,1979,,761703,,A,Normal value,0,Units,0,Zero
DATAFLOW,OECD.ELS.SAE:DSD_POPULATION@DF_POP_HIST(1.0),Historical population data,I,POL,Poland,POP,Population,PS,Persons,M,Male,Y55T59,From 55 to 59 years,H,Historical,1980,,797145,,A,Normal value,0,Units,0,Zero
DATAFLOW,OECD.ELS.SAE:DSD_POPULATION@DF_POP_HIST(1.0),Historical population data,I,POL,Poland,POP,Population,PS,Persons,M,Male,Y55T59,From 55 to 59 years,H,Historical,1981,,828258,,A,Normal value,0,Units,0,Zero
DATAFLOW,OECD.ELS.SAE:DSD_POPULATION@DF_POP_HIST(1.0),Historical population data,I,POL,Poland,POP,Population,PS,Persons,M,Male,Y55T59,From 55 to 59 years,H,Historical,1982,,849178,,A,Normal value,0,Units,0,Zero
DATAFLOW,OECD.ELS.SAE:DSD_POPULATION@DF_POP_HIST(1.0),Historical population data,I,POL,Poland,POP,Population,PS,Persons,M,Male,Y55T59,From 55 to 59 years,H,Historical,1983,,868259,,A,Normal value,0,Units,0,Zero
DATAFLOW,OECD.ELS.SAE:DSD_POPULATION@DF_POP_HIST(1.0),Historical population data,I,POL,Poland,POP,Population,PS,Persons,M,Male,Y55T59,From 55 to 59 years,H,Historical,1984,,894602,,A,Normal value,0,Units,0,Zero
DATAFLOW,OECD.ELS.SAE:DSD_POPULATION@DF_POP_HIST(1.0),Historical population data,I,POL,Poland,POP,Population,PS,Persons,M,Male,Y55T59,From 55 to 59 years,H,Historical,1985,,919319,,A,Normal value,0,Units,0,Zero
DATAFLOW,OECD.ELS.SAE:DSD_POPULATION@DF_POP_HIST(1.0),Historical population data,I,POL,Poland,POP,Population,PS,Persons,M,Male,Y55T59,From 55 to 59 years,H,Historical,1986,,941077,,A,Normal value,0,Units,0,Zero
DATAFLOW,OECD.ELS.SAE:DSD_POPULATION@DF_POP_HIST(1.0),Historical population data,I,POL,Poland,POP,Population,PS,Persons,M,Male,Y55T59,From 55 to 59 years,H,Historical,1987,,957821,,A,Normal value,0,Units,0,Zero
DATAFLOW,OECD.ELS.SAE:DSD_POPULATION@DF_POP_HIST(1.0),Historical population data,I,POL,Poland,POP,Population,PS,Persons,M,Male,Y55T59,From 55 to 59 years,H,Historical,1988,,958021,,A,Normal value,0,Units,0,Zero
DATAFLOW,OECD.ELS.SAE:DSD_POPULATION@DF_POP_HIST(1.0),Historical population data,I,POL,Poland,POP,Population,PS,Persons,M,Male,Y55T59,From 55 to 59 years,H,Historical,1989,,948273,,A,Normal value,0,Units,0,Zero
DATAFLOW,OECD.ELS.SAE:DSD_POPULATION@DF_POP_HIST(1.0),Historical population data,I,POL,Poland,POP,Population,PS,Persons,M,Male,Y55T59,From 55 to 59 years,H,Historical,1990,,931117,,A,Normal value,0,Units,0,Zero
DATAFLOW,OECD.ELS.SAE:DSD_POPULATION@DF_POP_HIST(1.0),Historical population data,I,POL,Poland,POP,Population,PS,Persons,M,Male,Y55T59,From 55 to 59 years,H,Historical,1991,,913462,,A,Normal value,0,Units,0,Zero
DATAFLOW,OECD.ELS.SAE:DSD_POPULATION@DF_POP_HIST(1.0),Historical population data,I,POL,Poland,POP,Population,PS,Persons,M,Male,Y55T59,From 55 to 59 years,H,Historical,1992,,896336,,A,Normal value,0,Units,0,Zero
DATAFLOW,OECD.ELS.SAE:DSD_POPULATION@DF_POP_HIST(1.0),Historical population data,I,POL,Poland,POP,Population,PS,Persons,M,Male,Y55T59,From 55 to 59 years,H,Historical,1993,,879240,,A,Normal value,0,Units,0,Zero
DATAFLOW,OECD.ELS.SAE:DSD_POPULATION@DF_POP_HIST(1.0),Historical population data,I,POL,Poland,POP,Population,PS,Persons,M,Male,Y55T59,From 55 to 59 years,H,Historical,1994,,860693,,A,Normal value,0,Units,0,Zero
DATAFLOW,OECD.ELS.SAE:DSD_POPULATION@DF_POP_HIST(1.0),Historical population data,I,POL,Poland,POP,Population,PS,Persons,M,Male,Y55T59,From 55 to 59 years,H,Historical,1995,,843212,,A,Normal value,0,Units,0,Zero
DATAFLOW,OECD.ELS.SAE:DSD_POPULATION@DF_POP_HIST(1.0),Historical population data,I,POL,Poland,POP,Population,PS,Persons,M,Male,Y55T59,From 55 to 59 years,H,Historical,1996,,824080,,A,Normal value,0,Units,0,Zero
DATAFLOW,OECD.ELS.SAE:DSD_POPULATION@DF_POP_HIST(1.0),Historical population data,I,POL,Poland,POP,Population,PS,Persons,M,Male,Y55T59,From 55 to 59 years,H,Historical,1997,,804584,,A,Normal value,0,Units,0,Zero
DATAFLOW,OECD.ELS.SAE:DSD_POPULATION@DF_POP_HIST(1.0),Historical population data,I,POL,Poland,POP,Population,PS,Persons,M,Male,Y55T59,From 55 to 59 years,H,Historical,1998,,786693,,A,Normal value,0,Units,0,Zero
DATAFLOW,OECD.ELS.SAE:DSD_POPULATION@DF_POP_HIST(1.0),Historical population data,I,POL,Poland,POP,Population,PS,Persons,M,Male,Y55T59,From 55 to 59 years,H,Historical,1999,,767058,,A,Normal value,0,Units,0,Zero
DATAFLOW,OECD.ELS.SAE:DSD_POPULATION@DF_POP_HIST(1.0),Historical population data,I,POL,Poland,POP,Population,PS,Persons,M,Male,Y55T59,From 55 to 59 years,H,Historical,2000,,749390,,A,Normal value,0,Units,0,Zero
DATAFLOW,OECD.ELS.SAE:DSD_POPULATION@DF_POP_HIST(1.0),Historical population data,I,POL,Poland,POP,Population,PS,Persons,M,Male,Y55T59,From 55 to 59 years,H,Historical,2001,,768576,,A,Normal value,0,Units,0,Zero
DATAFLOW,OECD.ELS.SAE:DSD_POPULATION@DF_POP_HIST(1.0),Historical population data,I,POL,Poland,POP,Population,PS,Persons,M,Male,Y55T59,From 55 to 59 years,H,Historical,2002,,839253,,A,Normal value,0,Units,0,Zero
DATAFLOW,OECD.ELS.SAE:DSD_POPULATION@DF_POP_HIST(1.0),Historical population data,I,POL,Poland,POP,Population,PS,Persons,M,Male,Y55T59,From 55 to 59 years,H,Historical,2003,,925371,,A,Normal value,0,Units,0,Zero
DATAFLOW,OECD.ELS.SAE:DSD_POPULATION@DF_POP_HIST(1.0),Historical population data,I,POL,Poland,POP,Population,PS,Persons,M,Male,Y55T59,From 55 to 59 years,H,Historical,2004,,1021652,,A,Normal value,0,Units,0,Zero
DATAFLOW,OECD.ELS.SAE:DSD_POPULATION@DF_POP_HIST(1.0),Historical population data,I,POL,Poland,POP,Population,PS,Persons,M,Male,Y55T59,From 55 to 59 years,H,Historical,2005,,1122211,,A,Normal value,0,Units,0,Zero
DATAFLOW,OECD.ELS.SAE:DSD_POPULATION@DF_POP_HIST(1.0),Historical population data,I,POL,Poland,POP,Population,PS,Persons,M,Male,Y55T59,From 55 to 59 years,H,Historical,2006,,1202915,,A,Normal value,0,Units,0,Zero
DATAFLOW,OECD.ELS.SAE:DSD_POPULATION@DF_POP_HIST(1.0),Historical population data,I,POL,Poland,POP,Population,PS,Persons,M,Male,Y55T59,From 55 to 59 years,H,Historical,2007,,1252286,,A,Normal value,0,Units,0,Zero
DATAFLOW,OECD.ELS.SAE:DSD_POPULATION@DF_POP_HIST(1.0),Historical population data,I,POL,Poland,POP,Population,PS,Persons,M,Male,Y55T59,From 55 to 59 years,H,Historical,2008,,1287891,,A,Normal value,0,Units,0,Zero
DATAFLOW,OECD.ELS.SAE:DSD_POPULATION@DF_POP_HIST(1.0),Historical population data,I,POL,Poland,POP,Population,PS,Persons,M,Male,Y55T59,From 55 to 59 years,H,Historical,2009,,1315504,,A,Normal value,0,Units,0,Zero
DATAFLOW,OECD.ELS.SAE:DSD_POPULATION@DF_POP_HIST(1.0),Historical population data,I,POL,Poland,POP,Population,PS,Persons,M,Male,Y55T59,From 55 to 59 years,H,Historical,2010,,1369882,,A,Normal value,0,Units,0,Zero
DATAFLOW,OECD.ELS.SAE:DSD_POPULATION@DF_POP_HIST(1.0),Historical population data,I,POL,Poland,POP,Population,PS,Persons,M,Male,Y55T59,From 55 to 59 years,H,Historical,2011,,1390915,,A,Normal value,0,Units,0,Zero
DATAFLOW,OECD.ELS.SAE:DSD_POPULATION@DF_POP_HIST(1.0),Historical population data,I,POL,Poland,POP,Population,PS,Persons,M,Male,Y55T59,From 55 to 59 years,H,Historical,2012,,1404141,,A,Normal value,0,Units,0,Zero
DATAFLOW,OECD.ELS.SAE:DSD_POPULATION@DF_POP_HIST(1.0),Historical population data,I,POL,Poland,POP,Population,PS,Persons,M,Male,Y55T59,From 55 to 59 years,H,Historical,2013,,1410951,,A,Normal value,0,Units,0,Zero
DATAFLOW,OECD.ELS.SAE:DSD_POPULATION@DF_POP_HIST(1.0),Historical population data,I,POL,Poland,POP,Population,PS,Persons,M,Male,Y55T59,From 55 to 59 years,H,Historical,2014,,1408696,,A,Normal value,0,Units,0,Zero
DATAFLOW,OECD.ELS.SAE:DSD_POPULATION@DF_POP_HIST(1.0),Historical population data,I,POL,Poland,POP,Population,PS,Persons,M,Male,Y55T59,From 55 to 59 years,H,Historical,2015,,1386303,,A,Normal value,0,Units,0,Zero
DATAFLOW,OECD.ELS.SAE:DSD_POPULATION@DF_POP_HIST(1.0),Historical population data,I,POL,Poland,POP,Population,PS,Persons,M,Male,Y55T59,From 55 to 59 years,H,Historical,2016,,1344756,,A,Normal value,0,Units,0,Zero
DATAFLOW,OECD.ELS.SAE:DSD_POPULATION@DF_POP_HIST(1.0),Historical population data,I,POL,Poland,POP,Population,PS,Persons,M,Male,Y55T59,From 55 to 59 years,H,Historical,2017,,1294277,,A,Normal value,0,Units,0,Zero
DATAFLOW,OECD.ELS.SAE:DSD_POPULATION@DF_POP_HIST(1.0),Historical population data,I,POL,Poland,POP,Population,PS,Persons,M,Male,Y55T59,From 55 to 59 years,H,Historical,2018,,1240313,,A,Normal value,0,Units,0,Zero
DATAFLOW,OECD.ELS.SAE:DSD_POPULATION@DF_POP_HIST(1.0),Historical population data,I,POL,Poland,POP,Population,PS,Persons,M,Male,Y55T59,From 55 to 59 years,H,Historical,2019,,1190808,,A,Normal value,0,Units,0,Zero
DATAFLOW,OECD.ELS.SAE:DSD_POPULATION@DF_POP_HIST(1.0),Historical population data,I,POL,Poland,POP,Population,PS,Persons,M,Male,Y55T59,From 55 to 59 years,H,Historical,2022,,1085088,,A,Normal value,0,Units,0,Zero
DATAFLOW,OECD.ELS.SAE:DSD_POPULATION@DF_POP_HIST(1.0),Historical population data,I,POL,Poland,POP,Population,PS,Persons,M,Male,Y50T54,From 50 to 54 years,H,Historical,1960,,796687,,A,Normal value,0,Units,0,Zero
DATAFLOW,OECD.ELS.SAE:DSD_POPULATION@DF_POP_HIST(1.0),Historical population data,I,POL,Poland,POP,Population,PS,Persons,M,Male,Y50T54,From 50 to 54 years,H,Historical,1961,,791400,,A,Normal value,0,Units,0,Zero
DATAFLOW,OECD.ELS.SAE:DSD_POPULATION@DF_POP_HIST(1.0),Historical population data,I,POL,Poland,POP,Population,PS,Persons,M,Male,Y50T54,From 50 to 54 years,H,Historical,1962,,789800,,A,Normal value,0,Units,0,Zero
DATAFLOW,OECD.ELS.SAE:DSD_POPULATION@DF_POP_HIST(1.0),Historical population data,I,POL,Poland,POP,Population,PS,Persons,M,Male,Y50T54,From 50 to 54 years,H,Historical,1963,,795700,,A,Normal value,0,Units,0,Zero
DATAFLOW,OECD.ELS.SAE:DSD_POPULATION@DF_POP_HIST(1.0),Historical population data,I,POL,Poland,POP,Population,PS,Persons,M,Male,Y50T54,From 50 to 54 years,H,Historical,1964,,785200,,A,Normal value,0,Units,0,Zero
DATAFLOW,OECD.ELS.SAE:DSD_POPULATION@DF_POP_HIST(1.0),Historical population data,I,POL,Poland,POP,Population,PS,Persons,M,Male,Y50T54,From 50 to 54 years,H,Historical,1965,,749400,,A,Normal value,0,Units,0,Zero
DATAFLOW,OECD.ELS.SAE:DSD_POPULATION@DF_POP_HIST(1.0),Historical population data,I,POL,Poland,POP,Population,PS,Persons,M,Male,Y50T54,From 50 to 54 years,H,Historical,1966,,697500,,A,Normal value,0,Units,0,Zero
DATAFLOW,OECD.ELS.SAE:DSD_POPULATION@DF_POP_HIST(1.0),Historical population data,I,POL,Poland,POP,Population,PS,Persons,M,Male,Y50T54,From 50 to 54 years,H,Historical,1967,,641600,,A,Normal value,0,Units,0,Zero
DATAFLOW,OECD.ELS.SAE:DSD_POPULATION@DF_POP_HIST(1.0),Historical population data,I,POL,Poland,POP,Population,PS,Persons,M,Male,Y50T54,From 50 to 54 years,H,Historical,1968,,579300,,A,Normal value,0,Units,0,Zero
DATAFLOW,OECD.ELS.SAE:DSD_POPULATION@DF_POP_HIST(1.0),Historical population data,I,POL,Poland,POP,Population,PS,Persons,M,Male,Y50T54,From 50 to 54 years,H,Historical,1969,,555800,,A,Normal value,0,Units,0,Zero
DATAFLOW,OECD.ELS.SAE:DSD_POPULATION@DF_POP_HIST(1.0),Historical population data,I,POL,Poland,POP,Population,PS,Persons,M,Male,Y50T54,From 50 to 54 years,H,Historical,1970,,587441,,A,Normal value,0,Units,0,Zero
DATAFLOW,OECD.ELS.SAE:DSD_POPULATION@DF_POP_HIST(1.0),Historical population data,I,POL,Poland,POP,Population,PS,Persons,M,Male,Y50T54,From 50 to 54 years,H,Historical,1971,,616900,,A,Normal value,0,Units,0,Zero
DATAFLOW,OECD.ELS.SAE:DSD_POPULATION@DF_POP_HIST(1.0),Historical population data,I,POL,Poland,POP,Population,PS,Persons,M,Male,Y50T54,From 50 to 54 years,H,Historical,1972,,675600,,A,Normal value,0,Units,0,Zero
DATAFLOW,OECD.ELS.SAE:DSD_POPULATION@DF_POP_HIST(1.0),Historical population data,I,POL,Poland,POP,Population,PS,Persons,M,Male,Y50T54,From 50 to 54 years,H,Historical,1973,,754200,,A,Normal value,0,Units,0,Zero
DATAFLOW,OECD.ELS.SAE:DSD_POPULATION@DF_POP_HIST(1.0),Historical population data,I,POL,Poland,POP,Population,PS,Persons,M,Male,Y50T54,From 50 to 54 years,H,Historical,1974,,817326,,A,Normal value,0,Units,0,Zero
DATAFLOW,OECD.ELS.SAE:DSD_POPULATION@DF_POP_HIST(1.0),Historical population data,I,POL,Poland,POP,Population,PS,Persons,M,Male,Y50T54,From 50 to 54 years,H,Historical,1975,,857523,,A,Normal value,0,Units,0,Zero
DATAFLOW,OECD.ELS.SAE:DSD_POPULATION@DF_POP_HIST(1.0),Historical population data,I,POL,Poland,POP,Population,PS,Persons,M,Male,Y50T54,From 50 to 54 years,H,Historical,1976,,891608,,A,Normal value,0,Units,0,Zero
DATAFLOW,OECD.ELS.SAE:DSD_POPULATION@DF_POP_HIST(1.0),Historical population data,I,POL,Poland,POP,Population,PS,Persons,M,Male,Y50T54,From 50 to 54 years,H,Historical,1977,,914601,,A,Normal value,0,Units,0,Zero
DATAFLOW,OECD.ELS.SAE:DSD_POPULATION@DF_POP_HIST(1.0),Historical population data,I,POL,Poland,POP,Population,PS,Persons,M,Male,Y50T54,From 50 to 54 years,H,Historical,1978,,935378,,A,Normal value,0,Units,0,Zero
DATAFLOW,OECD.ELS.SAE:DSD_POPULATION@DF_POP_HIST(1.0),Historical population data,I,POL,Poland,POP,Population,PS,Persons,M,Male,Y50T54,From 50 to 54 years,H,Historical,1979,,967515,,A,Normal value,0,Units,0,Zero
DATAFLOW,OECD.ELS.SAE:DSD_POPULATION@DF_POP_HIST(1.0),Historical population data,I,POL,Poland,POP,Population,PS,Persons,M,Male,Y50T54,From 50 to 54 years,H,Historical,1980,,995604,,A,Normal value,0,Units,0,Zero
DATAFLOW,OECD.ELS.SAE:DSD_POPULATION@DF_POP_HIST(1.0),Historical population data,I,POL,Poland,POP,Population,PS,Persons,M,Male,Y50T54,From 50 to 54 years,H,Historical,1981,,1020278,,A,Normal value,0,Units,0,Zero
DATAFLOW,OECD.ELS.SAE:DSD_POPULATION@DF_POP_HIST(1.0),Historical population data,I,POL,Poland,POP,Population,PS,Persons,M,Male,Y50T54,From 50 to 54 years,H,Historical,1982,,1040620,,A,Normal value,0,Units,0,Zero
DATAFLOW,OECD.ELS.SAE:DSD_POPULATION@DF_POP_HIST(1.0),Historical population data,I,POL,Poland,POP,Population,PS,Persons,M,Male,Y50T54,From 50 to 54 years,H,Historical,1983,,1042429,,A,Normal value,0,Units,0,Zero
DATAFLOW,OECD.ELS.SAE:DSD_POPULATION@DF_POP_HIST(1.0),Historical population data,I,POL,Poland,POP,Population,PS,Persons,M,Male,Y50T54,From 50 to 54 years,H,Historical,1984,,1029579,,A,Normal value,0,Units,0,Zero
DATAFLOW,OECD.ELS.SAE:DSD_POPULATION@DF_POP_HIST(1.0),Historical population data,I,POL,Poland,POP,Population,PS,Persons,M,Male,Y50T54,From 50 to 54 years,H,Historical,1985,,1011579,,A,Normal value,0,Units,0,Zero
DATAFLOW,OECD.ELS.SAE:DSD_POPULATION@DF_POP_HIST(1.0),Historical population data,I,POL,Poland,POP,Population,PS,Persons,M,Male,Y50T54,From 50 to 54 years,H,Historical,1986,,994407,,A,Normal value,0,Units,0,Zero
DATAFLOW,OECD.ELS.SAE:DSD_POPULATION@DF_POP_HIST(1.0),Historical population data,I,POL,Poland,POP,Population,PS,Persons,M,Male,Y50T54,From 50 to 54 years,H,Historical,1987,,979880,,A,Normal value,0,Units,0,Zero
DATAFLOW,OECD.ELS.SAE:DSD_POPULATION@DF_POP_HIST(1.0),Historical population data,I,POL,Poland,POP,Population,PS,Persons,M,Male,Y50T54,From 50 to 54 years,H,Historical,1988,,967333,,A,Normal value,0,Units,0,Zero
DATAFLOW,OECD.ELS.SAE:DSD_POPULATION@DF_POP_HIST(1.0),Historical population data,I,POL,Poland,POP,Population,PS,Persons,M,Male,Y50T54,From 50 to 54 years,H,Historical,1989,,955028,,A,Normal value,0,Units,0,Zero
DATAFLOW,OECD.ELS.SAE:DSD_POPULATION@DF_POP_HIST(1.0),Historical population data,I,POL,Poland,POP,Population,PS,Persons,M,Male,Y50T54,From 50 to 54 years,H,Historical,1990,,997172,,A,Normal value,0,Units,0,Zero
DATAFLOW,OECD.ELS.SAE:DSD_POPULATION@DF_POP_HIST(1.0),Historical population data,I,POL,Poland,POP,Population,PS,Persons,M,Male,Y50T54,From 50 to 54 years,H,Historical,1991,,1022745,,A,Normal value,0,Units,0,Zero
DATAFLOW,OECD.ELS.SAE:DSD_POPULATION@DF_POP_HIST(1.0),Historical population data,I,POL,Poland,POP,Population,PS,Persons,M,Male,Y50T54,From 50 to 54 years,H,Historical,1992,,1048780,,A,Normal value,0,Units,0,Zero
DATAFLOW,OECD.ELS.SAE:DSD_POPULATION@DF_POP_HIST(1.0),Historical population data,I,POL,Poland,POP,Population,PS,Persons,M,Male,Y50T54,From 50 to 54 years,H,Historical,1993,,1075083,,A,Normal value,0,Units,0,Zero
DATAFLOW,OECD.ELS.SAE:DSD_POPULATION@DF_POP_HIST(1.0),Historical population data,I,POL,Poland,POP,Population,PS,Persons,M,Male,Y50T54,From 50 to 54 years,H,Historical,1994,,1100350,,A,Normal value,0,Units,0,Zero
DATAFLOW,OECD.ELS.SAE:DSD_POPULATION@DF_POP_HIST(1.0),Historical population data,I,POL,Poland,POP,Population,PS,Persons,M,Male,Y50T54,From 50 to 54 years,H,Historical,1995,,1123464,,A,Normal value,0,Units,0,Zero
DATAFLOW,OECD.ELS.SAE:DSD_POPULATION@DF_POP_HIST(1.0),Historical population data,I,POL,Poland,POP,Population,PS,Persons,M,Male,Y50T54,From 50 to 54 years,H,Historical,1996,,1147406,,A,Normal value,0,Units,0,Zero
DATAFLOW,OECD.ELS.SAE:DSD_POPULATION@DF_POP_HIST(1.0),Historical population data,I,POL,Poland,POP,Population,PS,Persons,M,Male,Y50T54,From 50 to 54 years,H,Historical,1997,,1172544,,A,Normal value,0,Units,0,Zero
DATAFLOW,OECD.ELS.SAE:DSD_POPULATION@DF_POP_HIST(1.0),Historical population data,I,POL,Poland,POP,Population,PS,Persons,M,Male,Y50T54,From 50 to 54 years,H,Historical,1998,,1196682,,A,Normal value,0,Units,0,Zero
DATAFLOW,OECD.ELS.SAE:DSD_POPULATION@DF_POP_HIST(1.0),Historical population data,I,POL,Poland,POP,Population,PS,Persons,M,Male,Y50T54,From 50 to 54 years,H,Historical,1999,,1177348,,A,Normal value,0,Units,0,Zero
DATAFLOW,OECD.ELS.SAE:DSD_POPULATION@DF_POP_HIST(1.0),Historical population data,I,POL,Poland,POP,Population,PS,Persons,M,Male,Y50T54,From 50 to 54 years,H,Historical,2000,,1201828,,A,Normal value,0,Units,0,Zero
DATAFLOW,OECD.ELS.SAE:DSD_POPULATION@DF_POP_HIST(1.0),Historical population data,I,POL,Poland,POP,Population,PS,Persons,M,Male,Y50T54,From 50 to 54 years,H,Historical,2001,,1288667,,A,Normal value,0,Units,0,Zero
DATAFLOW,OECD.ELS.SAE:DSD_POPULATION@DF_POP_HIST(1.0),Historical population data,I,POL,Poland,POP,Population,PS,Persons,M,Male,Y50T54,From 50 to 54 years,H,Historical,2002,,1346928,,A,Normal value,0,Units,0,Zero
DATAFLOW,OECD.ELS.SAE:DSD_POPULATION@DF_POP_HIST(1.0),Historical population data,I,POL,Poland,POP,Population,PS,Persons,M,Male,Y50T54,From 50 to 54 years,H,Historical,2003,,1380685,,A,Normal value,0,Units,0,Zero
DATAFLOW,OECD.ELS.SAE:DSD_POPULATION@DF_POP_HIST(1.0),Historical population data,I,POL,Poland,POP,Population,PS,Persons,M,Male,Y50T54,From 50 to 54 years,H,Historical,2004,,1410163,,A,Normal value,0,Units,0,Zero
DATAFLOW,OECD.ELS.SAE:DSD_POPULATION@DF_POP_HIST(1.0),Historical population data,I,POL,Poland,POP,Population,PS,Persons,M,Male,Y50T54,From 50 to 54 years,H,Historical,2005,,1435901,,A,Normal value,0,Units,0,Zero
DATAFLOW,OECD.ELS.SAE:DSD_POPULATION@DF_POP_HIST(1.0),Historical population data,I,POL,Poland,POP,Population,PS,Persons,M,Male,Y50T54,From 50 to 54 years,H,Historical,2006,,1454473,,A,Normal value,0,Units,0,Zero
DATAFLOW,OECD.ELS.SAE:DSD_POPULATION@DF_POP_HIST(1.0),Historical population data,I,POL,Poland,POP,Population,PS,Persons,M,Male,Y50T54,From 50 to 54 years,H,Historical,2007,,1464734,,A,Normal value,0,Units,0,Zero
DATAFLOW,OECD.ELS.SAE:DSD_POPULATION@DF_POP_HIST(1.0),Historical population data,I,POL,Poland,POP,Population,PS,Persons,M,Male,Y50T54,From 50 to 54 years,H,Historical,2008,,1468566,,A,Normal value,0,Units,0,Zero
DATAFLOW,OECD.ELS.SAE:DSD_POPULATION@DF_POP_HIST(1.0),Historical population data,I,POL,Poland,POP,Population,PS,Persons,M,Male,Y50T54,From 50 to 54 years,H,Historical,2009,,1462841,,A,Normal value,0,Units,0,Zero
DATAFLOW,OECD.ELS.SAE:DSD_POPULATION@DF_POP_HIST(1.0),Historical population data,I,POL,Poland,POP,Population,PS,Persons,M,Male,Y50T54,From 50 to 54 years,H,Historical,2010,,1470655,,A,Normal value,0,Units,0,Zero
DATAFLOW,OECD.ELS.SAE:DSD_POPULATION@DF_POP_HIST(1.0),Historical population data,I,POL,Poland,POP,Population,PS,Persons,M,Male,Y50T54,From 50 to 54 years,H,Historical,2011,,1424839,,A,Normal value,0,Units,0,Zero
DATAFLOW,OECD.ELS.SAE:DSD_POPULATION@DF_POP_HIST(1.0),Historical population data,I,POL,Poland,POP,Population,PS,Persons,M,Male,Y50T54,From 50 to 54 years,H,Historical,2012,,1369258,,A,Normal value,0,Units,0,Zero
DATAFLOW,OECD.ELS.SAE:DSD_POPULATION@DF_POP_HIST(1.0),Historical population data,I,POL,Poland,POP,Population,PS,Persons,M,Male,Y50T54,From 50 to 54 years,H,Historical,2013,,1309896,,A,Normal value,0,Units,0,Zero
DATAFLOW,OECD.ELS.SAE:DSD_POPULATION@DF_POP_HIST(1.0),Historical population data,I,POL,Poland,POP,Population,PS,Persons,M,Male,Y50T54,From 50 to 54 years,H,Historical,2014,,1255599,,A,Normal value,0,Units,0,Zero
DATAFLOW,OECD.ELS.SAE:DSD_POPULATION@DF_POP_HIST(1.0),Historical population data,I,POL,Poland,POP,Population,PS,Persons,M,Male,Y50T54,From 50 to 54 years,H,Historical,2015,,1211294,,A,Normal value,0,Units,0,Zero
DATAFLOW,OECD.ELS.SAE:DSD_POPULATION@DF_POP_HIST(1.0),Historical population data,I,POL,Poland,POP,Population,PS,Persons,M,Male,Y50T54,From 50 to 54 years,H,Historical,2016,,1178428,,A,Normal value,0,Units,0,Zero
DATAFLOW,OECD.ELS.SAE:DSD_POPULATION@DF_POP_HIST(1.0),Historical population data,I,POL,Poland,POP,Population,PS,Persons,M,Male,Y50T54,From 50 to 54 years,H,Historical,2017,,1155415,,A,Normal value,0,Units,0,Zero
DATAFLOW,OECD.ELS.SAE:DSD_POPULATION@DF_POP_HIST(1.0),Historical population data,I,POL,Poland,POP,Population,PS,Persons,M,Male,Y50T54,From 50 to 54 years,H,Historical,2018,,1138238,,A,Normal value,0,Units,0,Zero
DATAFLOW,OECD.ELS.SAE:DSD_POPULATION@DF_POP_HIST(1.0),Historical population data,I,POL,Poland,POP,Population,PS,Persons,M,Male,Y50T54,From 50 to 54 years,H,Historical,2019,,1128000,,A,Normal value,0,Units,0,Zero
DATAFLOW,OECD.ELS.SAE:DSD_POPULATION@DF_POP_HIST(1.0),Historical population data,I,POL,Poland,POP,Population,PS,Persons,M,Male,Y50T54,From 50 to 54 years,H,Historical,2022,,1158605,,A,Normal value,0,Units,0,Zero
DATAFLOW,OECD.ELS.SAE:DSD_POPULATION@DF_POP_HIST(1.0),Historical population data,I,POL,Poland,POP,Population,PS,Persons,M,Male,Y60T64,From 60 to 64 years,H,Historical,1960,,466455,,A,Normal value,0,Units,0,Zero
DATAFLOW,OECD.ELS.SAE:DSD_POPULATION@DF_POP_HIST(1.0),Historical population data,I,POL,Poland,POP,Population,PS,Persons,M,Male,Y60T64,From 60 to 64 years,H,Historical,1961,,481100,,A,Normal value,0,Units,0,Zero
DATAFLOW,OECD.ELS.SAE:DSD_POPULATION@DF_POP_HIST(1.0),Historical population data,I,POL,Poland,POP,Population,PS,Persons,M,Male,Y60T64,From 60 to 64 years,H,Historical,1962,,504600,,A,Normal value,0,Units,0,Zero
DATAFLOW,OECD.ELS.SAE:DSD_POPULATION@DF_POP_HIST(1.0),Historical population data,I,POL,Poland,POP,Population,PS,Persons,M,Male,Y60T64,From 60 to 64 years,H,Historical,1963,,532100,,A,Normal value,0,Units,0,Zero
DATAFLOW,OECD.ELS.SAE:DSD_POPULATION@DF_POP_HIST(1.0),Historical population data,I,POL,Poland,POP,Population,PS,Persons,M,Male,Y60T64,From 60 to 64 years,H,Historical,1964,,561100,,A,Normal value,0,Units,0,Zero
DATAFLOW,OECD.ELS.SAE:DSD_POPULATION@DF_POP_HIST(1.0),Historical population data,I,POL,Poland,POP,Population,PS,Persons,M,Male,Y60T64,From 60 to 64 years,H,Historical,1965,,590600,,A,Normal value,0,Units,0,Zero
DATAFLOW,OECD.ELS.SAE:DSD_POPULATION@DF_POP_HIST(1.0),Historical population data,I,POL,Poland,POP,Population,PS,Persons,M,Male,Y60T64,From 60 to 64 years,H,Historical,1966,,608100,,A,Normal value,0,Units,0,Zero
DATAFLOW,OECD.ELS.SAE:DSD_POPULATION@DF_POP_HIST(1.0),Historical population data,I,POL,Poland,POP,Population,PS,Persons,M,Male,Y60T64,From 60 to 64 years,H,Historical,1967,,630600,,A,Normal value,0,Units,0,Zero
DATAFLOW,OECD.ELS.SAE:DSD_POPULATION@DF_POP_HIST(1.0),Historical population data,I,POL,Poland,POP,Population,PS,Persons,M,Male,Y60T64,From 60 to 64 years,H,Historical,1968,,638500,,A,Normal value,0,Units,0,Zero
DATAFLOW,OECD.ELS.SAE:DSD_POPULATION@DF_POP_HIST(1.0),Historical population data,I,POL,Poland,POP,Population,PS,Persons,M,Male,Y60T64,From 60 to 64 years,H,Historical,1969,,653400,,A,Normal value,0,Units,0,Zero
DATAFLOW,OECD.ELS.SAE:DSD_POPULATION@DF_POP_HIST(1.0),Historical population data,I,POL,Poland,POP,Population,PS,Persons,M,Male,Y60T64,From 60 to 64 years,H,Historical,1970,,676251,,A,Normal value,0,Units,0,Zero
DATAFLOW,OECD.ELS.SAE:DSD_POPULATION@DF_POP_HIST(1.0),Historical population data,I,POL,Poland,POP,Population,PS,Persons,M,Male,Y60T64,From 60 to 64 years,H,Historical,1971,,675300,,A,Normal value,0,Units,0,Zero
DATAFLOW,OECD.ELS.SAE:DSD_POPULATION@DF_POP_HIST(1.0),Historical population data,I,POL,Poland,POP,Population,PS,Persons,M,Male,Y60T64,From 60 to 64 years,H,Historical,1972,,675000,,A,Normal value,0,Units,0,Zero
DATAFLOW,OECD.ELS.SAE:DSD_POPULATION@DF_POP_HIST(1.0),Historical population data,I,POL,Poland,POP,Population,PS,Persons,M,Male,Y60T64,From 60 to 64 years,H,Historical,1973,,672300,,A,Normal value,0,Units,0,Zero
DATAFLOW,OECD.ELS.SAE:DSD_POPULATION@DF_POP_HIST(1.0),Historical population data,I,POL,Poland,POP,Population,PS,Persons,M,Male,Y60T64,From 60 to 64 years,H,Historical,1974,,661907,,A,Normal value,0,Units,0,Zero
DATAFLOW,OECD.ELS.SAE:DSD_POPULATION@DF_POP_HIST(1.0),Historical population data,I,POL,Poland,POP,Population,PS,Persons,M,Male,Y60T64,From 60 to 64 years,H,Historical,1975,,629811,,A,Normal value,0,Units,0,Zero
DATAFLOW,OECD.ELS.SAE:DSD_POPULATION@DF_POP_HIST(1.0),Historical population data,I,POL,Poland,POP,Population,PS,Persons,M,Male,Y60T64,From 60 to 64 years,H,Historical,1976,,582696,,A,Normal value,0,Units,0,Zero
DATAFLOW,OECD.ELS.SAE:DSD_POPULATION@DF_POP_HIST(1.0),Historical population data,I,POL,Poland,POP,Population,PS,Persons,M,Male,Y60T64,From 60 to 64 years,H,Historical,1977,,531956,,A,Normal value,0,Units,0,Zero
DATAFLOW,OECD.ELS.SAE:DSD_POPULATION@DF_POP_HIST(1.0),Historical population data,I,POL,Poland,POP,Population,PS,Persons,M,Male,Y60T64,From 60 to 64 years,H,Historical,1978,,481853,,A,Normal value,0,Units,0,Zero
DATAFLOW,OECD.ELS.SAE:DSD_POPULATION@DF_POP_HIST(1.0),Historical population data,I,POL,Poland,POP,Population,PS,Persons,M,Male,Y60T64,From 60 to 64 years,H,Historical,1979,,462745,,A,Normal value,0,Units,0,Zero
DATAFLOW,OECD.ELS.SAE:DSD_POPULATION@DF_POP_HIST(1.0),Historical population data,I,POL,Poland,POP,Population,PS,Persons,M,Male,Y60T64,From 60 to 64 years,H,Historical,1980,,478507,,A,Normal value,0,Units,0,Zero
DATAFLOW,OECD.ELS.SAE:DSD_POPULATION@DF_POP_HIST(1.0),Historical population data,I,POL,Poland,POP,Population,PS,Persons,M,Male,Y60T64,From 60 to 64 years,H,Historical,1981,,517231,,A,Normal value,0,Units,0,Zero
DATAFLOW,OECD.ELS.SAE:DSD_POPULATION@DF_POP_HIST(1.0),Historical population data,I,POL,Poland,POP,Population,PS,Persons,M,Male,Y60T64,From 60 to 64 years,H,Historical,1982,,568906,,A,Normal value,0,Units,0,Zero
DATAFLOW,OECD.ELS.SAE:DSD_POPULATION@DF_POP_HIST(1.0),Historical population data,I,POL,Poland,POP,Population,PS,Persons,M,Male,Y60T64,From 60 to 64 years,H,Historical,1983,,632363,,A,Normal value,0,Units,0,Zero
DATAFLOW,OECD.ELS.SAE:DSD_POPULATION@DF_POP_HIST(1.0),Historical population data,I,POL,Poland,POP,Population,PS,Persons,M,Male,Y60T64,From 60 to 64 years,H,Historical,1984,,680865,,A,Normal value,0,Units,0,Zero
DATAFLOW,OECD.ELS.SAE:DSD_POPULATION@DF_POP_HIST(1.0),Historical population data,I,POL,Poland,POP,Population,PS,Persons,M,Male,Y60T64,From 60 to 64 years,H,Historical,1985,,710906,,A,Normal value,0,Units,0,Zero
DATAFLOW,OECD.ELS.SAE:DSD_POPULATION@DF_POP_HIST(1.0),Historical population data,I,POL,Poland,POP,Population,PS,Persons,M,Male,Y60T64,From 60 to 64 years,H,Historical,1986,,736503,,A,Normal value,0,Units,0,Zero
DATAFLOW,OECD.ELS.SAE:DSD_POPULATION@DF_POP_HIST(1.0),Historical population data,I,POL,Poland,POP,Population,PS,Persons,M,Male,Y60T64,From 60 to 64 years,H,Historical,1987,,752822,,A,Normal value,0,Units,0,Zero
DATAFLOW,OECD.ELS.SAE:DSD_POPULATION@DF_POP_HIST(1.0),Historical population data,I,POL,Poland,POP,Population,PS,Persons,M,Male,Y60T64,From 60 to 64 years,H,Historical,1988,,768454,,A,Normal value,0,Units,0,Zero
DATAFLOW,OECD.ELS.SAE:DSD_POPULATION@DF_POP_HIST(1.0),Historical population data,I,POL,Poland,POP,Population,PS,Persons,M,Male,Y60T64,From 60 to 64 years,H,Historical,1989,,794179,,A,Normal value,0,Units,0,Zero
DATAFLOW,OECD.ELS.SAE:DSD_POPULATION@DF_POP_HIST(1.0),Historical population data,I,POL,Poland,POP,Population,PS,Persons,M,Male,Y60T64,From 60 to 64 years,H,Historical,1990,,794664,,A,Normal value,0,Units,0,Zero
DATAFLOW,OECD.ELS.SAE:DSD_POPULATION@DF_POP_HIST(1.0),Historical population data,I,POL,Poland,POP,Population,PS,Persons,M,Male,Y60T64,From 60 to 64 years,H,Historical,1991,,799927,,A,Normal value,0,Units,0,Zero
DATAFLOW,OECD.ELS.SAE:DSD_POPULATION@DF_POP_HIST(1.0),Historical population data,I,POL,Poland,POP,Population,PS,Persons,M,Male,Y60T64,From 60 to 64 years,H,Historical,1992,,802427,,A,Normal value,0,Units,0,Zero
DATAFLOW,OECD.ELS.SAE:DSD_POPULATION@DF_POP_HIST(1.0),Historical population data,I,POL,Poland,POP,Population,PS,Persons,M,Male,Y60T64,From 60 to 64 years,H,Historical,1993,,802095,,A,Normal value,0,Units,0,Zero
DATAFLOW,OECD.ELS.SAE:DSD_POPULATION@DF_POP_HIST(1.0),Historical population data,I,POL,Poland,POP,Population,PS,Persons,M,Male,Y60T64,From 60 to 64 years,H,Historical,1994,,798866,,A,Normal value,0,Units,0,Zero
DATAFLOW,OECD.ELS.SAE:DSD_POPULATION@DF_POP_HIST(1.0),Historical population data,I,POL,Poland,POP,Population,PS,Persons,M,Male,Y60T64,From 60 to 64 years,H,Historical,1995,,794176,,A,Normal value,0,Units,0,Zero
DATAFLOW,OECD.ELS.SAE:DSD_POPULATION@DF_POP_HIST(1.0),Historical population data,I,POL,Poland,POP,Population,PS,Persons,M,Male,Y60T64,From 60 to 64 years,H,Historical,1996,,787404,,A,Normal value,0,Units,0,Zero
DATAFLOW,OECD.ELS.SAE:DSD_POPULATION@DF_POP_HIST(1.0),Historical population data,I,POL,Poland,POP,Population,PS,Persons,M,Male,Y60T64,From 60 to 64 years,H,Historical,1997,,780459,,A,Normal value,0,Units,0,Zero
DATAFLOW,OECD.ELS.SAE:DSD_POPULATION@DF_POP_HIST(1.0),Historical population data,I,POL,Poland,POP,Population,PS,Persons,M,Male,Y60T64,From 60 to 64 years,H,Historical,1998,,774327,,A,Normal value,0,Units,0,Zero
DATAFLOW,OECD.ELS.SAE:DSD_POPULATION@DF_POP_HIST(1.0),Historical population data,I,POL,Poland,POP,Population,PS,Persons,M,Male,Y60T64,From 60 to 64 years,H,Historical,1999,,771278,,A,Normal value,0,Units,0,Zero
DATAFLOW,OECD.ELS.SAE:DSD_POPULATION@DF_POP_HIST(1.0),Historical population data,I,POL,Poland,POP,Population,PS,Persons,M,Male,Y60T64,From 60 to 64 years,H,Historical,2000,,767203,,A,Normal value,0,Units,0,Zero
DATAFLOW,OECD.ELS.SAE:DSD_POPULATION@DF_POP_HIST(1.0),Historical population data,I,POL,Poland,POP,Population,PS,Persons,M,Male,Y60T64,From 60 to 64 years,H,Historical,2001,,753063,,A,Normal value,0,Units,0,Zero
DATAFLOW,OECD.ELS.SAE:DSD_POPULATION@DF_POP_HIST(1.0),Historical population data,I,POL,Poland,POP,Population,PS,Persons,M,Male,Y60T64,From 60 to 64 years,H,Historical,2002,,731755,,A,Normal value,0,Units,0,Zero
DATAFLOW,OECD.ELS.SAE:DSD_POPULATION@DF_POP_HIST(1.0),Historical population data,I,POL,Poland,POP,Population,PS,Persons,M,Male,Y60T64,From 60 to 64 years,H,Historical,2003,,708322,,A,Normal value,0,Units,0,Zero
DATAFLOW,OECD.ELS.SAE:DSD_POPULATION@DF_POP_HIST(1.0),Historical population data,I,POL,Poland,POP,Population,PS,Persons,M,Male,Y60T64,From 60 to 64 years,H,Historical,2004,,690689,,A,Normal value,0,Units,0,Zero
DATAFLOW,OECD.ELS.SAE:DSD_POPULATION@DF_POP_HIST(1.0),Historical population data,I,POL,Poland,POP,Population,PS,Persons,M,Male,Y60T64,From 60 to 64 years,H,Historical,2005,,676793,,A,Normal value,0,Units,0,Zero
DATAFLOW,OECD.ELS.SAE:DSD_POPULATION@DF_POP_HIST(1.0),Historical population data,I,POL,Poland,POP,Population,PS,Persons,M,Male,Y60T64,From 60 to 64 years,H,Historical,2006,,695881,,A,Normal value,0,Units,0,Zero
DATAFLOW,OECD.ELS.SAE:DSD_POPULATION@DF_POP_HIST(1.0),Historical population data,I,POL,Poland,POP,Population,PS,Persons,M,Male,Y60T64,From 60 to 64 years,H,Historical,2007,,758259,,A,Normal value,0,Units,0,Zero
DATAFLOW,OECD.ELS.SAE:DSD_POPULATION@DF_POP_HIST(1.0),Historical population data,I,POL,Poland,POP,Population,PS,Persons,M,Male,Y60T64,From 60 to 64 years,H,Historical,2008,,840015,,A,Normal value,0,Units,0,Zero
DATAFLOW,OECD.ELS.SAE:DSD_POPULATION@DF_POP_HIST(1.0),Historical population data,I,POL,Poland,POP,Population,PS,Persons,M,Male,Y60T64,From 60 to 64 years,H,Historical,2009,,927335,,A,Normal value,0,Units,0,Zero
DATAFLOW,OECD.ELS.SAE:DSD_POPULATION@DF_POP_HIST(1.0),Historical population data,I,POL,Poland,POP,Population,PS,Persons,M,Male,Y60T64,From 60 to 64 years,H,Historical,2010,,1038241,,A,Normal value,0,Units,0,Zero
DATAFLOW,OECD.ELS.SAE:DSD_POPULATION@DF_POP_HIST(1.0),Historical population data,I,POL,Poland,POP,Population,PS,Persons,M,Male,Y60T64,From 60 to 64 years,H,Historical,2011,,1115000,,A,Normal value,0,Units,0,Zero
DATAFLOW,OECD.ELS.SAE:DSD_POPULATION@DF_POP_HIST(1.0),Historical population data,I,POL,Poland,POP,Population,PS,Persons,M,Male,Y60T64,From 60 to 64 years,H,Historical,2012,,1163935,,A,Normal value,0,Units,0,Zero
DATAFLOW,OECD.ELS.SAE:DSD_POPULATION@DF_POP_HIST(1.0),Historical population data,I,POL,Poland,POP,Population,PS,Persons,M,Male,Y60T64,From 60 to 64 years,H,Historical,2013,,1199162,,A,Normal value,0,Units,0,Zero
DATAFLOW,OECD.ELS.SAE:DSD_POPULATION@DF_POP_HIST(1.0),Historical population data,I,POL,Poland,POP,Population,PS,Persons,M,Male,Y60T64,From 60 to 64 years,H,Historical,2014,,1228560,,A,Normal value,0,Units,0,Zero
DATAFLOW,OECD.ELS.SAE:DSD_POPULATION@DF_POP_HIST(1.0),Historical population data,I,POL,Poland,POP,Population,PS,Persons,M,Male,Y60T64,From 60 to 64 years,H,Historical,2015,,1256035,,A,Normal value,0,Units,0,Zero
DATAFLOW,OECD.ELS.SAE:DSD_POPULATION@DF_POP_HIST(1.0),Historical population data,I,POL,Poland,POP,Population,PS,Persons,M,Male,Y60T64,From 60 to 64 years,H,Historical,2016,,1277449,,A,Normal value,0,Units,0,Zero
DATAFLOW,OECD.ELS.SAE:DSD_POPULATION@DF_POP_HIST(1.0),Historical population data,I,POL,Poland,POP,Population,PS,Persons,M,Male,Y60T64,From 60 to 64 years,H,Historical,2017,,1291667,,A,Normal value,0,Units,0,Zero
DATAFLOW,OECD.ELS.SAE:DSD_POPULATION@DF_POP_HIST(1.0),Historical population data,I,POL,Poland,POP,Population,PS,Persons,M,Male,Y60T64,From 60 to 64 years,H,Historical,2018,,1299907,,A,Normal value,0,Units,0,Zero
DATAFLOW,OECD.ELS.SAE:DSD_POPULATION@DF_POP_HIST(1.0),Historical population data,I,POL,Poland,POP,Population,PS,Persons,M,Male,Y60T64,From 60 to 64 years,H,Historical,2019,,1298647,,A,Normal value,0,Units,0,Zero
DATAFLOW,OECD.ELS.SAE:DSD_POPULATION@DF_POP_HIST(1.0),Historical population data,I,POL,Poland,POP,Population,PS,Persons,M,Male,Y60T64,From 60 to 64 years,H,Historical,2022,,1175034,,A,Normal value,0,Units,0,Zero
DATAFLOW,OECD.ELS.SAE:DSD_POPULATION@DF_POP_HIST(1.0),Historical population data,I,POL,Poland,POP,Population,PS,Persons,M,Male,Y65T69,From 65 to 69 years,H,Historical,1960,,295495,,A,Normal value,0,Units,0,Zero
DATAFLOW,OECD.ELS.SAE:DSD_POPULATION@DF_POP_HIST(1.0),Historical population data,I,POL,Poland,POP,Population,PS,Persons,M,Male,Y65T69,From 65 to 69 years,H,Historical,1961,,306200,,A,Normal value,0,Units,0,Zero
DATAFLOW,OECD.ELS.SAE:DSD_POPULATION@DF_POP_HIST(1.0),Historical population data,I,POL,Poland,POP,Population,PS,Persons,M,Male,Y65T69,From 65 to 69 years,H,Historical,1962,,327000,,A,Normal value,0,Units,0,Zero
DATAFLOW,OECD.ELS.SAE:DSD_POPULATION@DF_POP_HIST(1.0),Historical population data,I,POL,Poland,POP,Population,PS,Persons,M,Male,Y65T69,From 65 to 69 years,H,Historical,1963,,346200,,A,Normal value,0,Units,0,Zero
DATAFLOW,OECD.ELS.SAE:DSD_POPULATION@DF_POP_HIST(1.0),Historical population data,I,POL,Poland,POP,Population,PS,Persons,M,Male,Y65T69,From 65 to 69 years,H,Historical,1964,,364100,,A,Normal value,0,Units,0,Zero
DATAFLOW,OECD.ELS.SAE:DSD_POPULATION@DF_POP_HIST(1.0),Historical population data,I,POL,Poland,POP,Population,PS,Persons,M,Male,Y65T69,From 65 to 69 years,H,Historical,1965,,390200,,A,Normal value,0,Units,0,Zero
DATAFLOW,OECD.ELS.SAE:DSD_POPULATION@DF_POP_HIST(1.0),Historical population data,I,POL,Poland,POP,Population,PS,Persons,M,Male,Y65T69,From 65 to 69 years,H,Historical,1966,,412500,,A,Normal value,0,Units,0,Zero
DATAFLOW,OECD.ELS.SAE:DSD_POPULATION@DF_POP_HIST(1.0),Historical population data,I,POL,Poland,POP,Population,PS,Persons,M,Male,Y65T69,From 65 to 69 years,H,Historical,1967,,435300,,A,Normal value,0,Units,0,Zero
DATAFLOW,OECD.ELS.SAE:DSD_POPULATION@DF_POP_HIST(1.0),Historical population data,I,POL,Poland,POP,Population,PS,Persons,M,Male,Y65T69,From 65 to 69 years,H,Historical,1968,,456800,,A,Normal value,0,Units,0,Zero
DATAFLOW,OECD.ELS.SAE:DSD_POPULATION@DF_POP_HIST(1.0),Historical population data,I,POL,Poland,POP,Population,PS,Persons,M,Male,Y65T69,From 65 to 69 years,H,Historical,1969,,478500,,A,Normal value,0,Units,0,Zero
DATAFLOW,OECD.ELS.SAE:DSD_POPULATION@DF_POP_HIST(1.0),Historical population data,I,POL,Poland,POP,Population,PS,Persons,M,Male,Y65T69,From 65 to 69 years,H,Historical,1970,,498214,,A,Normal value,0,Units,0,Zero
DATAFLOW,OECD.ELS.SAE:DSD_POPULATION@DF_POP_HIST(1.0),Historical population data,I,POL,Poland,POP,Population,PS,Persons,M,Male,Y65T69,From 65 to 69 years,H,Historical,1971,,505500,,A,Normal value,0,Units,0,Zero
DATAFLOW,OECD.ELS.SAE:DSD_POPULATION@DF_POP_HIST(1.0),Historical population data,I,POL,Poland,POP,Population,PS,Persons,M,Male,Y65T69,From 65 to 69 years,H,Historical,1972,,523500,,A,Normal value,0,Units,0,Zero
DATAFLOW,OECD.ELS.SAE:DSD_POPULATION@DF_POP_HIST(1.0),Historical population data,I,POL,Poland,POP,Population,PS,Persons,M,Male,Y65T69,From 65 to 69 years,H,Historical,1973,,539700,,A,Normal value,0,Units,0,Zero
DATAFLOW,OECD.ELS.SAE:DSD_POPULATION@DF_POP_HIST(1.0),Historical population data,I,POL,Poland,POP,Population,PS,Persons,M,Male,Y65T69,From 65 to 69 years,H,Historical,1974,,553863,,A,Normal value,0,Units,0,Zero
DATAFLOW,OECD.ELS.SAE:DSD_POPULATION@DF_POP_HIST(1.0),Historical population data,I,POL,Poland,POP,Population,PS,Persons,M,Male,Y65T69,From 65 to 69 years,H,Historical,1975,,567340,,A,Normal value,0,Units,0,Zero
DATAFLOW,OECD.ELS.SAE:DSD_POPULATION@DF_POP_HIST(1.0),Historical population data,I,POL,Poland,POP,Population,PS,Persons,M,Male,Y65T69,From 65 to 69 years,H,Historical,1976,,574648,,A,Normal value,0,Units,0,Zero
DATAFLOW,OECD.ELS.SAE:DSD_POPULATION@DF_POP_HIST(1.0),Historical population data,I,POL,Poland,POP,Population,PS,Persons,M,Male,Y65T69,From 65 to 69 years,H,Historical,1977,,573519,,A,Normal value,0,Units,0,Zero
DATAFLOW,OECD.ELS.SAE:DSD_POPULATION@DF_POP_HIST(1.0),Historical population data,I,POL,Poland,POP,Population,PS,Persons,M,Male,Y65T69,From 65 to 69 years,H,Historical,1978,,568997,,A,Normal value,0,Units,0,Zero
DATAFLOW,OECD.ELS.SAE:DSD_POPULATION@DF_POP_HIST(1.0),Historical population data,I,POL,Poland,POP,Population,PS,Persons,M,Male,Y65T69,From 65 to 69 years,H,Historical,1979,,566338,,A,Normal value,0,Units,0,Zero
DATAFLOW,OECD.ELS.SAE:DSD_POPULATION@DF_POP_HIST(1.0),Historical population data,I,POL,Poland,POP,Population,PS,Persons,M,Male,Y65T69,From 65 to 69 years,H,Historical,1980,,539819,,A,Normal value,0,Units,0,Zero
DATAFLOW,OECD.ELS.SAE:DSD_POPULATION@DF_POP_HIST(1.0),Historical population data,I,POL,Poland,POP,Population,PS,Persons,M,Male,Y65T69,From 65 to 69 years,H,Historical,1981,,499814,,A,Normal value,0,Units,0,Zero
DATAFLOW,OECD.ELS.SAE:DSD_POPULATION@DF_POP_HIST(1.0),Historical population data,I,POL,Poland,POP,Population,PS,Persons,M,Male,Y65T69,From 65 to 69 years,H,Historical,1982,,457062,,A,Normal value,0,Units,0,Zero
DATAFLOW,OECD.ELS.SAE:DSD_POPULATION@DF_POP_HIST(1.0),Historical population data,I,POL,Poland,POP,Population,PS,Persons,M,Male,Y65T69,From 65 to 69 years,H,Historical,1983,,414719,,A,Normal value,0,Units,0,Zero
DATAFLOW,OECD.ELS.SAE:DSD_POPULATION@DF_POP_HIST(1.0),Historical population data,I,POL,Poland,POP,Population,PS,Persons,M,Male,Y65T69,From 65 to 69 years,H,Historical,1984,,393219,,A,Normal value,0,Units,0,Zero
DATAFLOW,OECD.ELS.SAE:DSD_POPULATION@DF_POP_HIST(1.0),Historical population data,I,POL,Poland,POP,Population,PS,Persons,M,Male,Y65T69,From 65 to 69 years,H,Historical,1985,,406079,,A,Normal value,0,Units,0,Zero
DATAFLOW,OECD.ELS.SAE:DSD_POPULATION@DF_POP_HIST(1.0),Historical population data,I,POL,Poland,POP,Population,PS,Persons,M,Male,Y65T69,From 65 to 69 years,H,Historical,1986,,437999,,A,Normal value,0,Units,0,Zero
DATAFLOW,OECD.ELS.SAE:DSD_POPULATION@DF_POP_HIST(1.0),Historical population data,I,POL,Poland,POP,Population,PS,Persons,M,Male,Y65T69,From 65 to 69 years,H,Historical,1987,,479865,,A,Normal value,0,Units,0,Zero
DATAFLOW,OECD.ELS.SAE:DSD_POPULATION@DF_POP_HIST(1.0),Historical population data,I,POL,Poland,POP,Population,PS,Persons,M,Male,Y65T69,From 65 to 69 years,H,Historical,1988,,531728,,A,Normal value,0,Units,0,Zero
DATAFLOW,OECD.ELS.SAE:DSD_POPULATION@DF_POP_HIST(1.0),Historical population data,I,POL,Poland,POP,Population,PS,Persons,M,Male,Y65T69,From 65 to 69 years,H,Historical,1989,,577781,,A,Normal value,0,Units,0,Zero
DATAFLOW,OECD.ELS.SAE:DSD_POPULATION@DF_POP_HIST(1.0),Historical population data,I,POL,Poland,POP,Population,PS,Persons,M,Male,Y65T69,From 65 to 69 years,H,Historical,1990,,572713,,A,Normal value,0,Units,0,Zero
DATAFLOW,OECD.ELS.SAE:DSD_POPULATION@DF_POP_HIST(1.0),Historical population data,I,POL,Poland,POP,Population,PS,Persons,M,Male,Y65T69,From 65 to 69 years,H,Historical,1991,,578239,,A,Normal value,0,Units,0,Zero
DATAFLOW,OECD.ELS.SAE:DSD_POPULATION@DF_POP_HIST(1.0),Historical population data,I,POL,Poland,POP,Population,PS,Persons,M,Male,Y65T69,From 65 to 69 years,H,Historical,1992,,588165,,A,Normal value,0,Units,0,Zero
DATAFLOW,OECD.ELS.SAE:DSD_POPULATION@DF_POP_HIST(1.0),Historical population data,I,POL,Poland,POP,Population,PS,Persons,M,Male,Y65T69,From 65 to 69 years,H,Historical,1993,,601758,,A,Normal value,0,Units,0,Zero
DATAFLOW,OECD.ELS.SAE:DSD_POPULATION@DF_POP_HIST(1.0),Historical population data,I,POL,Poland,POP,Population,PS,Persons,M,Male,Y65T69,From 65 to 69 years,H,Historical,1994,,616863,,A,Normal value,0,Units,0,Zero
DATAFLOW,OECD.ELS.SAE:DSD_POPULATION@DF_POP_HIST(1.0),Historical population data,I,POL,Poland,POP,Population,PS,Persons,M,Male,Y65T69,From 65 to 69 years,H,Historical,1995,,633199,,A,Normal value,0,Units,0,Zero
DATAFLOW,OECD.ELS.SAE:DSD_POPULATION@DF_POP_HIST(1.0),Historical population data,I,POL,Poland,POP,Population,PS,Persons,M,Male,Y65T69,From 65 to 69 years,H,Historical,1996,,647697,,A,Normal value,0,Units,0,Zero
DATAFLOW,OECD.ELS.SAE:DSD_POPULATION@DF_POP_HIST(1.0),Historical population data,I,POL,Poland,POP,Population,PS,Persons,M,Male,Y65T69,From 65 to 69 years,H,Historical,1997,,658765,,A,Normal value,0,Units,0,Zero
DATAFLOW,OECD.ELS.SAE:DSD_POPULATION@DF_POP_HIST(1.0),Historical population data,I,POL,Poland,POP,Population,PS,Persons,M,Male,Y65T69,From 65 to 69 years,H,Historical,1998,,667754,,A,Normal value,0,Units,0,Zero
DATAFLOW,OECD.ELS.SAE:DSD_POPULATION@DF_POP_HIST(1.0),Historical population data,I,POL,Poland,POP,Population,PS,Persons,M,Male,Y65T69,From 65 to 69 years,H,Historical,1999,,685963,,A,Normal value,0,Units,0,Zero
DATAFLOW,OECD.ELS.SAE:DSD_POPULATION@DF_POP_HIST(1.0),Historical population data,I,POL,Poland,POP,Population,PS,Persons,M,Male,Y65T69,From 65 to 69 years,H,Historical,2000,,695211,,A,Normal value,0,Units,0,Zero
DATAFLOW,OECD.ELS.SAE:DSD_POPULATION@DF_POP_HIST(1.0),Historical population data,I,POL,Poland,POP,Population,PS,Persons,M,Male,Y65T69,From 65 to 69 years,H,Historical,2001,,686955,,A,Normal value,0,Units,0,Zero
DATAFLOW,OECD.ELS.SAE:DSD_POPULATION@DF_POP_HIST(1.0),Historical population data,I,POL,Poland,POP,Population,PS,Persons,M,Male,Y65T69,From 65 to 69 years,H,Historical,2002,,680058,,A,Normal value,0,Units,0,Zero
DATAFLOW,OECD.ELS.SAE:DSD_POPULATION@DF_POP_HIST(1.0),Historical population data,I,POL,Poland,POP,Population,PS,Persons,M,Male,Y65T69,From 65 to 69 years,H,Historical,2003,,673969,,A,Normal value,0,Units,0,Zero
DATAFLOW,OECD.ELS.SAE:DSD_POPULATION@DF_POP_HIST(1.0),Historical population data,I,POL,Poland,POP,Population,PS,Persons,M,Male,Y65T69,From 65 to 69 years,H,Historical,2004,,669738,,A,Normal value,0,Units,0,Zero
DATAFLOW,OECD.ELS.SAE:DSD_POPULATION@DF_POP_HIST(1.0),Historical population data,I,POL,Poland,POP,Population,PS,Persons,M,Male,Y65T69,From 65 to 69 years,H,Historical,2005,,663293,,A,Normal value,0,Units,0,Zero
DATAFLOW,OECD.ELS.SAE:DSD_POPULATION@DF_POP_HIST(1.0),Historical population data,I,POL,Poland,POP,Population,PS,Persons,M,Male,Y65T69,From 65 to 69 years,H,Historical,2006,,651612,,A,Normal value,0,Units,0,Zero
DATAFLOW,OECD.ELS.SAE:DSD_POPULATION@DF_POP_HIST(1.0),Historical population data,I,POL,Poland,POP,Population,PS,Persons,M,Male,Y65T69,From 65 to 69 years,H,Historical,2007,,633892,,A,Normal value,0,Units,0,Zero
DATAFLOW,OECD.ELS.SAE:DSD_POPULATION@DF_POP_HIST(1.0),Historical population data,I,POL,Poland,POP,Population,PS,Persons,M,Male,Y65T69,From 65 to 69 years,H,Historical,2008,,615403,,A,Normal value,0,Units,0,Zero
DATAFLOW,OECD.ELS.SAE:DSD_POPULATION@DF_POP_HIST(1.0),Historical population data,I,POL,Poland,POP,Population,PS,Persons,M,Male,Y65T69,From 65 to 69 years,H,Historical,2009,,600842,,A,Normal value,0,Units,0,Zero
DATAFLOW,OECD.ELS.SAE:DSD_POPULATION@DF_POP_HIST(1.0),Historical population data,I,POL,Poland,POP,Population,PS,Persons,M,Male,Y65T69,From 65 to 69 years,H,Historical,2010,,596510,,A,Normal value,0,Units,0,Zero
DATAFLOW,OECD.ELS.SAE:DSD_POPULATION@DF_POP_HIST(1.0),Historical population data,I,POL,Poland,POP,Population,PS,Persons,M,Male,Y65T69,From 65 to 69 years,H,Historical,2011,,615981,,A,Normal value,0,Units,0,Zero
DATAFLOW,OECD.ELS.SAE:DSD_POPULATION@DF_POP_HIST(1.0),Historical population data,I,POL,Poland,POP,Population,PS,Persons,M,Male,Y65T69,From 65 to 69 years,H,Historical,2012,,675573,,A,Normal value,0,Units,0,Zero
DATAFLOW,OECD.ELS.SAE:DSD_POPULATION@DF_POP_HIST(1.0),Historical population data,I,POL,Poland,POP,Population,PS,Persons,M,Male,Y65T69,From 65 to 69 years,H,Historical,2013,,751708,,A,Normal value,0,Units,0,Zero
DATAFLOW,OECD.ELS.SAE:DSD_POPULATION@DF_POP_HIST(1.0),Historical population data,I,POL,Poland,POP,Population,PS,Persons,M,Male,Y65T69,From 65 to 69 years,H,Historical,2014,,833517,,A,Normal value,0,Units,0,Zero
DATAFLOW,OECD.ELS.SAE:DSD_POPULATION@DF_POP_HIST(1.0),Historical population data,I,POL,Poland,POP,Population,PS,Persons,M,Male,Y65T69,From 65 to 69 years,H,Historical,2015,,917893,,A,Normal value,0,Units,0,Zero
DATAFLOW,OECD.ELS.SAE:DSD_POPULATION@DF_POP_HIST(1.0),Historical population data,I,POL,Poland,POP,Population,PS,Persons,M,Male,Y65T69,From 65 to 69 years,H,Historical,2016,,986650,,A,Normal value,0,Units,0,Zero
DATAFLOW,OECD.ELS.SAE:DSD_POPULATION@DF_POP_HIST(1.0),Historical population data,I,POL,Poland,POP,Population,PS,Persons,M,Male,Y65T69,From 65 to 69 years,H,Historical,2017,,1030875,,A,Normal value,0,Units,0,Zero
DATAFLOW,OECD.ELS.SAE:DSD_POPULATION@DF_POP_HIST(1.0),Historical population data,I,POL,Poland,POP,Population,PS,Persons,M,Male,Y65T69,From 65 to 69 years,H,Historical,2018,,1063896,,A,Normal value,0,Units,0,Zero
DATAFLOW,OECD.ELS.SAE:DSD_POPULATION@DF_POP_HIST(1.0),Historical population data,I,POL,Poland,POP,Population,PS,Persons,M,Male,Y65T69,From 65 to 69 years,H,Historical,2019,,1090033,,A,Normal value,0,Units,0,Zero
DATAFLOW,OECD.ELS.SAE:DSD_POPULATION@DF_POP_HIST(1.0),Historical population data,I,POL,Poland,POP,Population,PS,Persons,M,Male,Y65T69,From 65 to 69 years,H,Historical,2022,,1123101,,A,Normal value,0,Units,0,Zero
DATAFLOW,OECD.ELS.SAE:DSD_POPULATION@DF_POP_HIST(1.0),Historical population data,I,POL,Poland,POP,Population,PS,Persons,M,Male,Y5T9,From 5 to 9 years,H,Historical,1960,,1792657,,A,Normal value,0,Units,0,Zero
DATAFLOW,OECD.ELS.SAE:DSD_POPULATION@DF_POP_HIST(1.0),Historical population data,I,POL,Poland,POP,Population,PS,Persons,M,Male,Y5T9,From 5 to 9 years,H,Historical,1961,,1803700,,A,Normal value,0,Units,0,Zero
DATAFLOW,OECD.ELS.SAE:DSD_POPULATION@DF_POP_HIST(1.0),Historical population data,I,POL,Poland,POP,Population,PS,Persons,M,Male,Y5T9,From 5 to 9 years,H,Historical,1962,,1815100,,A,Normal value,0,Units,0,Zero
DATAFLOW,OECD.ELS.SAE:DSD_POPULATION@DF_POP_HIST(1.0),Historical population data,I,POL,Poland,POP,Population,PS,Persons,M,Male,Y5T9,From 5 to 9 years,H,Historical,1963,,1817100,,A,Normal value,0,Units,0,Zero
DATAFLOW,OECD.ELS.SAE:DSD_POPULATION@DF_POP_HIST(1.0),Historical population data,I,POL,Poland,POP,Population,PS,Persons,M,Male,Y5T9,From 5 to 9 years,H,Historical,1964,,1811700,,A,Normal value,0,Units,0,Zero
DATAFLOW,OECD.ELS.SAE:DSD_POPULATION@DF_POP_HIST(1.0),Historical population data,I,POL,Poland,POP,Population,PS,Persons,M,Male,Y5T9,From 5 to 9 years,H,Historical,1965,,1764700,,A,Normal value,0,Units,0,Zero
DATAFLOW,OECD.ELS.SAE:DSD_POPULATION@DF_POP_HIST(1.0),Historical population data,I,POL,Poland,POP,Population,PS,Persons,M,Male,Y5T9,From 5 to 9 years,H,Historical,1966,,1696700,,A,Normal value,0,Units,0,Zero
DATAFLOW,OECD.ELS.SAE:DSD_POPULATION@DF_POP_HIST(1.0),Historical population data,I,POL,Poland,POP,Population,PS,Persons,M,Male,Y5T9,From 5 to 9 years,H,Historical,1967,,1625300,,A,Normal value,0,Units,0,Zero
DATAFLOW,OECD.ELS.SAE:DSD_POPULATION@DF_POP_HIST(1.0),Historical population data,I,POL,Poland,POP,Population,PS,Persons,M,Male,Y5T9,From 5 to 9 years,H,Historical,1968,,1560300,,A,Normal value,0,Units,0,Zero
DATAFLOW,OECD.ELS.SAE:DSD_POPULATION@DF_POP_HIST(1.0),Historical population data,I,POL,Poland,POP,Population,PS,Persons,M,Male,Y5T9,From 5 to 9 years,H,Historical,1969,,1488100,,A,Normal value,0,Units,0,Zero
DATAFLOW,OECD.ELS.SAE:DSD_POPULATION@DF_POP_HIST(1.0),Historical population data,I,POL,Poland,POP,Population,PS,Persons,M,Male,Y5T9,From 5 to 9 years,H,Historical,1970,,1398544,,A,Normal value,0,Units,0,Zero
DATAFLOW,OECD.ELS.SAE:DSD_POPULATION@DF_POP_HIST(1.0),Historical population data,I,POL,Poland,POP,Population,PS,Persons,M,Male,Y5T9,From 5 to 9 years,H,Historical,1971,,1369600,,A,Normal value,0,Units,0,Zero
DATAFLOW,OECD.ELS.SAE:DSD_POPULATION@DF_POP_HIST(1.0),Historical population data,I,POL,Poland,POP,Population,PS,Persons,M,Male,Y5T9,From 5 to 9 years,H,Historical,1972,,1344900,,A,Normal value,0,Units,0,Zero
DATAFLOW,OECD.ELS.SAE:DSD_POPULATION@DF_POP_HIST(1.0),Historical population data,I,POL,Poland,POP,Population,PS,Persons,M,Male,Y5T9,From 5 to 9 years,H,Historical,1973,,1319100,,A,Normal value,0,Units,0,Zero
DATAFLOW,OECD.ELS.SAE:DSD_POPULATION@DF_POP_HIST(1.0),Historical population data,I,POL,Poland,POP,Population,PS,Persons,M,Male,Y5T9,From 5 to 9 years,H,Historical,1974,,1299818,,A,Normal value,0,Units,0,Zero
DATAFLOW,OECD.ELS.SAE:DSD_POPULATION@DF_POP_HIST(1.0),Historical population data,I,POL,Poland,POP,Population,PS,Persons,M,Male,Y5T9,From 5 to 9 years,H,Historical,1975,,1294639,,A,Normal value,0,Units,0,Zero
DATAFLOW,OECD.ELS.SAE:DSD_POPULATION@DF_POP_HIST(1.0),Historical population data,I,POL,Poland,POP,Population,PS,Persons,M,Male,Y5T9,From 5 to 9 years,H,Historical,1976,,1309250,,A,Normal value,0,Units,0,Zero
DATAFLOW,OECD.ELS.SAE:DSD_POPULATION@DF_POP_HIST(1.0),Historical population data,I,POL,Poland,POP,Population,PS,Persons,M,Male,Y5T9,From 5 to 9 years,H,Historical,1977,,1334754,,A,Normal value,0,Units,0,Zero
DATAFLOW,OECD.ELS.SAE:DSD_POPULATION@DF_POP_HIST(1.0),Historical population data,I,POL,Poland,POP,Population,PS,Persons,M,Male,Y5T9,From 5 to 9 years,H,Historical,1978,,1366900,,A,Normal value,0,Units,0,Zero
DATAFLOW,OECD.ELS.SAE:DSD_POPULATION@DF_POP_HIST(1.0),Historical population data,I,POL,Poland,POP,Population,PS,Persons,M,Male,Y5T9,From 5 to 9 years,H,Historical,1979,,1413995,,A,Normal value,0,Units,0,Zero
DATAFLOW,OECD.ELS.SAE:DSD_POPULATION@DF_POP_HIST(1.0),Historical population data,I,POL,Poland,POP,Population,PS,Persons,M,Male,Y5T9,From 5 to 9 years,H,Historical,1980,,1465100,,A,Normal value,0,Units,0,Zero
DATAFLOW,OECD.ELS.SAE:DSD_POPULATION@DF_POP_HIST(1.0),Historical population data,I,POL,Poland,POP,Population,PS,Persons,M,Male,Y5T9,From 5 to 9 years,H,Historical,1981,,1518306,,A,Normal value,0,Units,0,Zero
DATAFLOW,OECD.ELS.SAE:DSD_POPULATION@DF_POP_HIST(1.0),Historical population data,I,POL,Poland,POP,Population,PS,Persons,M,Male,Y5T9,From 5 to 9 years,H,Historical,1982,,1558755,,A,Normal value,0,Units,0,Zero
DATAFLOW,OECD.ELS.SAE:DSD_POPULATION@DF_POP_HIST(1.0),Historical population data,I,POL,Poland,POP,Population,PS,Persons,M,Male,Y5T9,From 5 to 9 years,H,Historical,1983,,1587176,,A,Normal value,0,Units,0,Zero
DATAFLOW,OECD.ELS.SAE:DSD_POPULATION@DF_POP_HIST(1.0),Historical population data,I,POL,Poland,POP,Population,PS,Persons,M,Male,Y5T9,From 5 to 9 years,H,Historical,1984,,1619737,,A,Normal value,0,Units,0,Zero
DATAFLOW,OECD.ELS.SAE:DSD_POPULATION@DF_POP_HIST(1.0),Historical population data,I,POL,Poland,POP,Population,PS,Persons,M,Male,Y5T9,From 5 to 9 years,H,Historical,1985,,1648841,,A,Normal value,0,Units,0,Zero
DATAFLOW,OECD.ELS.SAE:DSD_POPULATION@DF_POP_HIST(1.0),Historical population data,I,POL,Poland,POP,Population,PS,Persons,M,Male,Y5T9,From 5 to 9 years,H,Historical,1986,,1665352,,A,Normal value,0,Units,0,Zero
DATAFLOW,OECD.ELS.SAE:DSD_POPULATION@DF_POP_HIST(1.0),Historical population data,I,POL,Poland,POP,Population,PS,Persons,M,Male,Y5T9,From 5 to 9 years,H,Historical,1987,,1686910,,A,Normal value,0,Units,0,Zero
DATAFLOW,OECD.ELS.SAE:DSD_POPULATION@DF_POP_HIST(1.0),Historical population data,I,POL,Poland,POP,Population,PS,Persons,M,Male,Y5T9,From 5 to 9 years,H,Historical,1988,,1719528,,A,Normal value,0,Units,0,Zero
DATAFLOW,OECD.ELS.SAE:DSD_POPULATION@DF_POP_HIST(1.0),Historical population data,I,POL,Poland,POP,Population,PS,Persons,M,Male,Y5T9,From 5 to 9 years,H,Historical,1989,,1728237,,A,Normal value,0,Units,0,Zero
DATAFLOW,OECD.ELS.SAE:DSD_POPULATION@DF_POP_HIST(1.0),Historical population data,I,POL,Poland,POP,Population,PS,Persons,M,Male,Y5T9,From 5 to 9 years,H,Historical,1990,,1670645,,A,Normal value,0,Units,0,Zero
DATAFLOW,OECD.ELS.SAE:DSD_POPULATION@DF_POP_HIST(1.0),Historical population data,I,POL,Poland,POP,Population,PS,Persons,M,Male,Y5T9,From 5 to 9 years,H,Historical,1991,,1632707,,A,Normal value,0,Units,0,Zero
DATAFLOW,OECD.ELS.SAE:DSD_POPULATION@DF_POP_HIST(1.0),Historical population data,I,POL,Poland,POP,Population,PS,Persons,M,Male,Y5T9,From 5 to 9 years,H,Historical,1992,,1594581,,A,Normal value,0,Units,0,Zero
DATAFLOW,OECD.ELS.SAE:DSD_POPULATION@DF_POP_HIST(1.0),Historical population data,I,POL,Poland,POP,Population,PS,Persons,M,Male,Y5T9,From 5 to 9 years,H,Historical,1993,,1551035,,A,Normal value,0,Units,0,Zero
DATAFLOW,OECD.ELS.SAE:DSD_POPULATION@DF_POP_HIST(1.0),Historical population data,I,POL,Poland,POP,Population,PS,Persons,M,Male,Y5T9,From 5 to 9 years,H,Historical,1994,,1505964,,A,Normal value,0,Units,0,Zero
DATAFLOW,OECD.ELS.SAE:DSD_POPULATION@DF_POP_HIST(1.0),Historical population data,I,POL,Poland,POP,Population,PS,Persons,M,Male,Y5T9,From 5 to 9 years,H,Historical,1995,,1470172,,A,Normal value,0,Units,0,Zero
DATAFLOW,OECD.ELS.SAE:DSD_POPULATION@DF_POP_HIST(1.0),Historical population data,I,POL,Poland,POP,Population,PS,Persons,M,Male,Y5T9,From 5 to 9 years,H,Historical,1996,,1441601,,A,Normal value,0,Units,0,Zero
DATAFLOW,OECD.ELS.SAE:DSD_POPULATION@DF_POP_HIST(1.0),Historical population data,I,POL,Poland,POP,Population,PS,Persons,M,Male,Y5T9,From 5 to 9 years,H,Historical,1997,,1407757,,A,Normal value,0,Units,0,Zero
DATAFLOW,OECD.ELS.SAE:DSD_POPULATION@DF_POP_HIST(1.0),Historical population data,I,POL,Poland,POP,Population,PS,Persons,M,Male,Y5T9,From 5 to 9 years,H,Historical,1998,,1364237,,A,Normal value,0,Units,0,Zero
DATAFLOW,OECD.ELS.SAE:DSD_POPULATION@DF_POP_HIST(1.0),Historical population data,I,POL,Poland,POP,Population,PS,Persons,M,Male,Y5T9,From 5 to 9 years,H,Historical,1999,,1319633,,A,Normal value,0,Units,0,Zero
DATAFLOW,OECD.ELS.SAE:DSD_POPULATION@DF_POP_HIST(1.0),Historical population data,I,POL,Poland,POP,Population,PS,Persons,M,Male,Y5T9,From 5 to 9 years,H,Historical,2000,,1270061,,A,Normal value,0,Units,0,Zero
DATAFLOW,OECD.ELS.SAE:DSD_POPULATION@DF_POP_HIST(1.0),Historical population data,I,POL,Poland,POP,Population,PS,Persons,M,Male,Y5T9,From 5 to 9 years,H,Historical,2001,,1213838,,A,Normal value,0,Units,0,Zero
DATAFLOW,OECD.ELS.SAE:DSD_POPULATION@DF_POP_HIST(1.0),Historical population data,I,POL,Poland,POP,Population,PS,Persons,M,Male,Y5T9,From 5 to 9 years,H,Historical,2002,,1161520,,A,Normal value,0,Units,0,Zero
DATAFLOW,OECD.ELS.SAE:DSD_POPULATION@DF_POP_HIST(1.0),Historical population data,I,POL,Poland,POP,Population,PS,Persons,M,Male,Y5T9,From 5 to 9 years,H,Historical,2003,,1113000,,A,Normal value,0,Units,0,Zero
DATAFLOW,OECD.ELS.SAE:DSD_POPULATION@DF_POP_HIST(1.0),Historical population data,I,POL,Poland,POP,Population,PS,Persons,M,Male,Y5T9,From 5 to 9 years,H,Historical,2004,,1068981,,A,Normal value,0,Units,0,Zero
DATAFLOW,OECD.ELS.SAE:DSD_POPULATION@DF_POP_HIST(1.0),Historical population data,I,POL,Poland,POP,Population,PS,Persons,M,Male,Y5T9,From 5 to 9 years,H,Historical,2005,,1032410,,A,Normal value,0,Units,0,Zero
DATAFLOW,OECD.ELS.SAE:DSD_POPULATION@DF_POP_HIST(1.0),Historical population data,I,POL,Poland,POP,Population,PS,Persons,M,Male,Y5T9,From 5 to 9 years,H,Historical,2006,,999688,,A,Normal value,0,Units,0,Zero
DATAFLOW,OECD.ELS.SAE:DSD_POPULATION@DF_POP_HIST(1.0),Historical population data,I,POL,Poland,POP,Population,PS,Persons,M,Male,Y5T9,From 5 to 9 years,H,Historical,2007,,968662,,A,Normal value,0,Units,0,Zero
DATAFLOW,OECD.ELS.SAE:DSD_POPULATION@DF_POP_HIST(1.0),Historical population data,I,POL,Poland,POP,Population,PS,Persons,M,Male,Y5T9,From 5 to 9 years,H,Historical,2008,,943532,,A,Normal value,0,Units,0,Zero
DATAFLOW,OECD.ELS.SAE:DSD_POPULATION@DF_POP_HIST(1.0),Historical population data,I,POL,Poland,POP,Population,PS,Persons,M,Male,Y5T9,From 5 to 9 years,H,Historical,2009,,925978,,A,Normal value,0,Units,0,Zero
DATAFLOW,OECD.ELS.SAE:DSD_POPULATION@DF_POP_HIST(1.0),Historical population data,I,POL,Poland,POP,Population,PS,Persons,M,Male,Y5T9,From 5 to 9 years,H,Historical,2010,,927500,,A,Normal value,0,Units,0,Zero
DATAFLOW,OECD.ELS.SAE:DSD_POPULATION@DF_POP_HIST(1.0),Historical population data,I,POL,Poland,POP,Population,PS,Persons,M,Male,Y5T9,From 5 to 9 years,H,Historical,2011,,929240,,A,Normal value,0,Units,0,Zero
DATAFLOW,OECD.ELS.SAE:DSD_POPULATION@DF_POP_HIST(1.0),Historical population data,I,POL,Poland,POP,Population,PS,Persons,M,Male,Y5T9,From 5 to 9 years,H,Historical,2012,,945643,,A,Normal value,0,Units,0,Zero
DATAFLOW,OECD.ELS.SAE:DSD_POPULATION@DF_POP_HIST(1.0),Historical population data,I,POL,Poland,POP,Population,PS,Persons,M,Male,Y5T9,From 5 to 9 years,H,Historical,2013,,978080,,A,Normal value,0,Units,0,Zero
DATAFLOW,OECD.ELS.SAE:DSD_POPULATION@DF_POP_HIST(1.0),Historical population data,I,POL,Poland,POP,Population,PS,Persons,M,Male,Y5T9,From 5 to 9 years,H,Historical,2014,,1017122,,A,Normal value,0,Units,0,Zero
DATAFLOW,OECD.ELS.SAE:DSD_POPULATION@DF_POP_HIST(1.0),Historical population data,I,POL,Poland,POP,Population,PS,Persons,M,Male,Y5T9,From 5 to 9 years,H,Historical,2015,,1047830,,A,Normal value,0,Units,0,Zero
DATAFLOW,OECD.ELS.SAE:DSD_POPULATION@DF_POP_HIST(1.0),Historical population data,I,POL,Poland,POP,Population,PS,Persons,M,Male,Y5T9,From 5 to 9 years,H,Historical,2016,,1062854,,A,Normal value,0,Units,0,Zero
DATAFLOW,OECD.ELS.SAE:DSD_POPULATION@DF_POP_HIST(1.0),Historical population data,I,POL,Poland,POP,Population,PS,Persons,M,Male,Y5T9,From 5 to 9 years,H,Historical,2017,,1063412,,A,Normal value,0,Units,0,Zero
DATAFLOW,OECD.ELS.SAE:DSD_POPULATION@DF_POP_HIST(1.0),Historical population data,I,POL,Poland,POP,Population,PS,Persons,M,Male,Y5T9,From 5 to 9 years,H,Historical,2018,,1045075,,A,Normal value,0,Units,0,Zero
DATAFLOW,OECD.ELS.SAE:DSD_POPULATION@DF_POP_HIST(1.0),Historical population data,I,POL,Poland,POP,Population,PS,Persons,M,Male,Y5T9,From 5 to 9 years,H,Historical,2019,,1016178,,A,Normal value,0,Units,0,Zero
DATAFLOW,OECD.ELS.SAE:DSD_POPULATION@DF_POP_HIST(1.0),Historical population data,I,POL,Poland,POP,Population,PS,Persons,M,Male,Y5T9,From 5 to 9 years,H,Historical,2022,,1009912,,A,Normal value,0,Units,0,Zero
DATAFLOW,OECD.ELS.SAE:DSD_POPULATION@DF_POP_HIST(1.0),Historical population data,I,POL,Poland,POP,Population,PS,Persons,M,Male,Y15T64,From 15 to 64 years,H,Historical,1960,,8315813,,A,Normal value,0,Units,0,Zero
DATAFLOW,OECD.ELS.SAE:DSD_POPULATION@DF_POP_HIST(1.0),Historical population data,I,POL,Poland,POP,Population,PS,Persons,M,Male,Y15T64,From 15 to 64 years,H,Historical,1961,,8680700,,A,Normal value,0,Units,0,Zero
DATAFLOW,OECD.ELS.SAE:DSD_POPULATION@DF_POP_HIST(1.0),Historical population data,I,POL,Poland,POP,Population,PS,Persons,M,Male,Y15T64,From 15 to 64 years,H,Historical,1962,,8830100,,A,Normal value,0,Units,0,Zero
DATAFLOW,OECD.ELS.SAE:DSD_POPULATION@DF_POP_HIST(1.0),Historical population data,I,POL,Poland,POP,Population,PS,Persons,M,Male,Y15T64,From 15 to 64 years,H,Historical,1963,,9037000,,A,Normal value,0,Units,0,Zero
DATAFLOW,OECD.ELS.SAE:DSD_POPULATION@DF_POP_HIST(1.0),Historical population data,I,POL,Poland,POP,Population,PS,Persons,M,Male,Y15T64,From 15 to 64 years,H,Historical,1964,,9268000,,A,Normal value,0,Units,0,Zero
DATAFLOW,OECD.ELS.SAE:DSD_POPULATION@DF_POP_HIST(1.0),Historical population data,I,POL,Poland,POP,Population,PS,Persons,M,Male,Y15T64,From 15 to 64 years,H,Historical,1965,,9462000,,A,Normal value,0,Units,0,Zero
DATAFLOW,OECD.ELS.SAE:DSD_POPULATION@DF_POP_HIST(1.0),Historical population data,I,POL,Poland,POP,Population,PS,Persons,M,Male,Y15T64,From 15 to 64 years,H,Historical,1966,,9626100,,A,Normal value,0,Units,0,Zero
DATAFLOW,OECD.ELS.SAE:DSD_POPULATION@DF_POP_HIST(1.0),Historical population data,I,POL,Poland,POP,Population,PS,Persons,M,Male,Y15T64,From 15 to 64 years,H,Historical,1967,,9806800,,A,Normal value,0,Units,0,Zero
DATAFLOW,OECD.ELS.SAE:DSD_POPULATION@DF_POP_HIST(1.0),Historical population data,I,POL,Poland,POP,Population,PS,Persons,M,Male,Y15T64,From 15 to 64 years,H,Historical,1968,,10019900,,A,Normal value,0,Units,0,Zero
DATAFLOW,OECD.ELS.SAE:DSD_POPULATION@DF_POP_HIST(1.0),Historical population data,I,POL,Poland,POP,Population,PS,Persons,M,Male,Y15T64,From 15 to 64 years,H,Historical,1969,,10203000,,A,Normal value,0,Units,0,Zero
DATAFLOW,OECD.ELS.SAE:DSD_POPULATION@DF_POP_HIST(1.0),Historical population data,I,POL,Poland,POP,Population,PS,Persons,M,Male,Y15T64,From 15 to 64 years,H,Historical,1970,,10372075,,A,Normal value,0,Units,0,Zero
DATAFLOW,OECD.ELS.SAE:DSD_POPULATION@DF_POP_HIST(1.0),Historical population data,I,POL,Poland,POP,Population,PS,Persons,M,Male,Y15T64,From 15 to 64 years,H,Historical,1971,,10450000,,A,Normal value,0,Units,0,Zero
DATAFLOW,OECD.ELS.SAE:DSD_POPULATION@DF_POP_HIST(1.0),Historical population data,I,POL,Poland,POP,Population,PS,Persons,M,Male,Y15T64,From 15 to 64 years,H,Historical,1972,,10630800,,A,Normal value,0,Units,0,Zero
DATAFLOW,OECD.ELS.SAE:DSD_POPULATION@DF_POP_HIST(1.0),Historical population data,I,POL,Poland,POP,Population,PS,Persons,M,Male,Y15T64,From 15 to 64 years,H,Historical,1973,,10800200,,A,Normal value,0,Units,0,Zero
DATAFLOW,OECD.ELS.SAE:DSD_POPULATION@DF_POP_HIST(1.0),Historical population data,I,POL,Poland,POP,Population,PS,Persons,M,Male,Y15T64,From 15 to 64 years,H,Historical,1974,,10958962,,A,Normal value,0,Units,0,Zero
DATAFLOW,OECD.ELS.SAE:DSD_POPULATION@DF_POP_HIST(1.0),Historical population data,I,POL,Poland,POP,Population,PS,Persons,M,Male,Y15T64,From 15 to 64 years,H,Historical,1975,,11091617,,A,Normal value,0,Units,0,Zero
DATAFLOW,OECD.ELS.SAE:DSD_POPULATION@DF_POP_HIST(1.0),Historical population data,I,POL,Poland,POP,Population,PS,Persons,M,Male,Y15T64,From 15 to 64 years,H,Historical,1976,,11205097,,A,Normal value,0,Units,0,Zero
DATAFLOW,OECD.ELS.SAE:DSD_POPULATION@DF_POP_HIST(1.0),Historical population data,I,POL,Poland,POP,Population,PS,Persons,M,Male,Y15T64,From 15 to 64 years,H,Historical,1977,,11295642,,A,Normal value,0,Units,0,Zero
DATAFLOW,OECD.ELS.SAE:DSD_POPULATION@DF_POP_HIST(1.0),Historical population data,I,POL,Poland,POP,Population,PS,Persons,M,Male,Y15T64,From 15 to 64 years,H,Historical,1978,,11376316,,A,Normal value,0,Units,0,Zero
DATAFLOW,OECD.ELS.SAE:DSD_POPULATION@DF_POP_HIST(1.0),Historical population data,I,POL,Poland,POP,Population,PS,Persons,M,Male,Y15T64,From 15 to 64 years,H,Historical,1979,,11442473,,A,Normal value,0,Units,0,Zero
DATAFLOW,OECD.ELS.SAE:DSD_POPULATION@DF_POP_HIST(1.0),Historical population data,I,POL,Poland,POP,Population,PS,Persons,M,Male,Y15T64,From 15 to 64 years,H,Historical,1980,,11529706,,A,Normal value,0,Units,0,Zero
DATAFLOW,OECD.ELS.SAE:DSD_POPULATION@DF_POP_HIST(1.0),Historical population data,I,POL,Poland,POP,Population,PS,Persons,M,Male,Y15T64,From 15 to 64 years,H,Historical,1981,,11627770,,A,Normal value,0,Units,0,Zero
DATAFLOW,OECD.ELS.SAE:DSD_POPULATION@DF_POP_HIST(1.0),Historical population data,I,POL,Poland,POP,Population,PS,Persons,M,Male,Y15T64,From 15 to 64 years,H,Historical,1982,,11726632,,A,Normal value,0,Units,0,Zero
DATAFLOW,OECD.ELS.SAE:DSD_POPULATION@DF_POP_HIST(1.0),Historical population data,I,POL,Poland,POP,Population,PS,Persons,M,Male,Y15T64,From 15 to 64 years,H,Historical,1983,,11822138,,A,Normal value,0,Units,0,Zero
DATAFLOW,OECD.ELS.SAE:DSD_POPULATION@DF_POP_HIST(1.0),Historical population data,I,POL,Poland,POP,Population,PS,Persons,M,Male,Y15T64,From 15 to 64 years,H,Historical,1984,,11905616,,A,Normal value,0,Units,0,Zero
DATAFLOW,OECD.ELS.SAE:DSD_POPULATION@DF_POP_HIST(1.0),Historical population data,I,POL,Poland,POP,Population,PS,Persons,M,Male,Y15T64,From 15 to 64 years,H,Historical,1985,,11967336,,A,Normal value,0,Units,0,Zero
DATAFLOW,OECD.ELS.SAE:DSD_POPULATION@DF_POP_HIST(1.0),Historical population data,I,POL,Poland,POP,Population,PS,Persons,M,Male,Y15T64,From 15 to 64 years,H,Historical,1986,,12026153,,A,Normal value,0,Units,0,Zero
DATAFLOW,OECD.ELS.SAE:DSD_POPULATION@DF_POP_HIST(1.0),Historical population data,I,POL,Poland,POP,Population,PS,Persons,M,Male,Y15T64,From 15 to 64 years,H,Historical,1987,,12086864,,A,Normal value,0,Units,0,Zero
DATAFLOW,OECD.ELS.SAE:DSD_POPULATION@DF_POP_HIST(1.0),Historical population data,I,POL,Poland,POP,Population,PS,Persons,M,Male,Y15T64,From 15 to 64 years,H,Historical,1988,,12149177,,A,Normal value,0,Units,0,Zero
DATAFLOW,OECD.ELS.SAE:DSD_POPULATION@DF_POP_HIST(1.0),Historical population data,I,POL,Poland,POP,Population,PS,Persons,M,Male,Y15T64,From 15 to 64 years,H,Historical,1989,,12164915,,A,Normal value,0,Units,0,Zero
DATAFLOW,OECD.ELS.SAE:DSD_POPULATION@DF_POP_HIST(1.0),Historical population data,I,POL,Poland,POP,Population,PS,Persons,M,Male,Y15T64,From 15 to 64 years,H,Historical,1990,,12287755,,A,Normal value,0,Units,0,Zero
DATAFLOW,OECD.ELS.SAE:DSD_POPULATION@DF_POP_HIST(1.0),Historical population data,I,POL,Poland,POP,Population,PS,Persons,M,Male,Y15T64,From 15 to 64 years,H,Historical,1991,,12392593,,A,Normal value,0,Units,0,Zero
DATAFLOW,OECD.ELS.SAE:DSD_POPULATION@DF_POP_HIST(1.0),Historical population data,I,POL,Poland,POP,Population,PS,Persons,M,Male,Y15T64,From 15 to 64 years,H,Historical,1992,,12491535,,A,Normal value,0,Units,0,Zero
DATAFLOW,OECD.ELS.SAE:DSD_POPULATION@DF_POP_HIST(1.0),Historical population data,I,POL,Poland,POP,Population,PS,Persons,M,Male,Y15T64,From 15 to 64 years,H,Historical,1993,,12580545,,A,Normal value,0,Units,0,Zero
DATAFLOW,OECD.ELS.SAE:DSD_POPULATION@DF_POP_HIST(1.0),Historical population data,I,POL,Poland,POP,Population,PS,Persons,M,Male,Y15T64,From 15 to 64 years,H,Historical,1994,,12656528,,A,Normal value,0,Units,0,Zero
DATAFLOW,OECD.ELS.SAE:DSD_POPULATION@DF_POP_HIST(1.0),Historical population data,I,POL,Poland,POP,Population,PS,Persons,M,Male,Y15T64,From 15 to 64 years,H,Historical,1995,,12724240,,A,Normal value,0,Units,0,Zero
DATAFLOW,OECD.ELS.SAE:DSD_POPULATION@DF_POP_HIST(1.0),Historical population data,I,POL,Poland,POP,Population,PS,Persons,M,Male,Y15T64,From 15 to 64 years,H,Historical,1996,,12785244,,A,Normal value,0,Units,0,Zero
DATAFLOW,OECD.ELS.SAE:DSD_POPULATION@DF_POP_HIST(1.0),Historical population data,I,POL,Poland,POP,Population,PS,Persons,M,Male,Y15T64,From 15 to 64 years,H,Historical,1997,,12840913,,A,Normal value,0,Units,0,Zero
DATAFLOW,OECD.ELS.SAE:DSD_POPULATION@DF_POP_HIST(1.0),Historical population data,I,POL,Poland,POP,Population,PS,Persons,M,Male,Y15T64,From 15 to 64 years,H,Historical,1998,,12891320,,A,Normal value,0,Units,0,Zero
DATAFLOW,OECD.ELS.SAE:DSD_POPULATION@DF_POP_HIST(1.0),Historical population data,I,POL,Poland,POP,Population,PS,Persons,M,Male,Y15T64,From 15 to 64 years,H,Historical,1999,,12910146,,A,Normal value,0,Units,0,Zero
DATAFLOW,OECD.ELS.SAE:DSD_POPULATION@DF_POP_HIST(1.0),Historical population data,I,POL,Poland,POP,Population,PS,Persons,M,Male,Y15T64,From 15 to 64 years,H,Historical,2000,,12960339,,A,Normal value,0,Units,0,Zero
DATAFLOW,OECD.ELS.SAE:DSD_POPULATION@DF_POP_HIST(1.0),Historical population data,I,POL,Poland,POP,Population,PS,Persons,M,Male,Y15T64,From 15 to 64 years,H,Historical,2001,,13057763,,A,Normal value,0,Units,0,Zero
DATAFLOW,OECD.ELS.SAE:DSD_POPULATION@DF_POP_HIST(1.0),Historical population data,I,POL,Poland,POP,Population,PS,Persons,M,Male,Y15T64,From 15 to 64 years,H,Historical,2002,,13134450,,A,Normal value,0,Units,0,Zero
DATAFLOW,OECD.ELS.SAE:DSD_POPULATION@DF_POP_HIST(1.0),Historical population data,I,POL,Poland,POP,Population,PS,Persons,M,Male,Y15T64,From 15 to 64 years,H,Historical,2003,,13207124,,A,Normal value,0,Units,0,Zero
DATAFLOW,OECD.ELS.SAE:DSD_POPULATION@DF_POP_HIST(1.0),Historical population data,I,POL,Poland,POP,Population,PS,Persons,M,Male,Y15T64,From 15 to 64 years,H,Historical,2004,,13274655,,A,Normal value,0,Units,0,Zero
DATAFLOW,OECD.ELS.SAE:DSD_POPULATION@DF_POP_HIST(1.0),Historical population data,I,POL,Poland,POP,Population,PS,Persons,M,Male,Y15T64,From 15 to 64 years,H,Historical,2005,,13334282,,A,Normal value,0,Units,0,Zero
DATAFLOW,OECD.ELS.SAE:DSD_POPULATION@DF_POP_HIST(1.0),Historical population data,I,POL,Poland,POP,Population,PS,Persons,M,Male,Y15T64,From 15 to 64 years,H,Historical,2006,,13383427,,A,Normal value,0,Units,0,Zero
DATAFLOW,OECD.ELS.SAE:DSD_POPULATION@DF_POP_HIST(1.0),Historical population data,I,POL,Poland,POP,Population,PS,Persons,M,Male,Y15T64,From 15 to 64 years,H,Historical,2007,,13427493,,A,Normal value,0,Units,0,Zero
DATAFLOW,OECD.ELS.SAE:DSD_POPULATION@DF_POP_HIST(1.0),Historical population data,I,POL,Poland,POP,Population,PS,Persons,M,Male,Y15T64,From 15 to 64 years,H,Historical,2008,,13465610,,A,Normal value,0,Units,0,Zero
DATAFLOW,OECD.ELS.SAE:DSD_POPULATION@DF_POP_HIST(1.0),Historical population data,I,POL,Poland,POP,Population,PS,Persons,M,Male,Y15T64,From 15 to 64 years,H,Historical,2009,,13500436,,A,Normal value,0,Units,0,Zero
DATAFLOW,OECD.ELS.SAE:DSD_POPULATION@DF_POP_HIST(1.0),Historical population data,I,POL,Poland,POP,Population,PS,Persons,M,Male,Y15T64,From 15 to 64 years,H,Historical,2010,,13683940,,A,Normal value,0,Units,0,Zero
DATAFLOW,OECD.ELS.SAE:DSD_POPULATION@DF_POP_HIST(1.0),Historical population data,I,POL,Poland,POP,Population,PS,Persons,M,Male,Y15T64,From 15 to 64 years,H,Historical,2011,,13669414,,A,Normal value,0,Units,0,Zero
DATAFLOW,OECD.ELS.SAE:DSD_POPULATION@DF_POP_HIST(1.0),Historical population data,I,POL,Poland,POP,Population,PS,Persons,M,Male,Y15T64,From 15 to 64 years,H,Historical,2012,,13614652,,A,Normal value,0,Units,0,Zero
DATAFLOW,OECD.ELS.SAE:DSD_POPULATION@DF_POP_HIST(1.0),Historical population data,I,POL,Poland,POP,Population,PS,Persons,M,Male,Y15T64,From 15 to 64 years,H,Historical,2013,,13532096,,A,Normal value,0,Units,0,Zero
DATAFLOW,OECD.ELS.SAE:DSD_POPULATION@DF_POP_HIST(1.0),Historical population data,I,POL,Poland,POP,Population,PS,Persons,M,Male,Y15T64,From 15 to 64 years,H,Historical,2014,,13437793,,A,Normal value,0,Units,0,Zero
DATAFLOW,OECD.ELS.SAE:DSD_POPULATION@DF_POP_HIST(1.0),Historical population data,I,POL,Poland,POP,Population,PS,Persons,M,Male,Y15T64,From 15 to 64 years,H,Historical,2015,,13334457,,A,Normal value,0,Units,0,Zero
DATAFLOW,OECD.ELS.SAE:DSD_POPULATION@DF_POP_HIST(1.0),Historical population data,I,POL,Poland,POP,Population,PS,Persons,M,Male,Y15T64,From 15 to 64 years,H,Historical,2016,,13217466,,A,Normal value,0,Units,0,Zero
DATAFLOW,OECD.ELS.SAE:DSD_POPULATION@DF_POP_HIST(1.0),Historical population data,I,POL,Poland,POP,Population,PS,Persons,M,Male,Y15T64,From 15 to 64 years,H,Historical,2017,,13095359,,A,Normal value,0,Units,0,Zero
DATAFLOW,OECD.ELS.SAE:DSD_POPULATION@DF_POP_HIST(1.0),Historical population data,I,POL,Poland,POP,Population,PS,Persons,M,Male,Y15T64,From 15 to 64 years,H,Historical,2018,,12965971,,A,Normal value,0,Units,0,Zero
DATAFLOW,OECD.ELS.SAE:DSD_POPULATION@DF_POP_HIST(1.0),Historical population data,I,POL,Poland,POP,Population,PS,Persons,M,Male,Y15T64,From 15 to 64 years,H,Historical,2019,,12837342,,A,Normal value,0,Units,0,Zero
DATAFLOW,OECD.ELS.SAE:DSD_POPULATION@DF_POP_HIST(1.0),Historical population data,I,POL,Poland,POP,Population,PS,Persons,M,Male,Y15T64,From 15 to 64 years,H,Historical,2022,,12365183,,A,Normal value,0,Units,0,Zero
DATAFLOW,OECD.ELS.SAE:DSD_POPULATION@DF_POP_HIST(1.0),Historical population data,I,POL,Poland,POP,Population,PS,Persons,M,Male,Y20T64,From 20 to 64 years,H,Historical,1960,,7347611,,A,Normal value,0,Units,0,Zero
DATAFLOW,OECD.ELS.SAE:DSD_POPULATION@DF_POP_HIST(1.0),Historical population data,I,POL,Poland,POP,Population,PS,Persons,M,Male,Y20T64,From 20 to 64 years,H,Historical,1961,,7672900,,A,Normal value,0,Units,0,Zero
DATAFLOW,OECD.ELS.SAE:DSD_POPULATION@DF_POP_HIST(1.0),Historical population data,I,POL,Poland,POP,Population,PS,Persons,M,Male,Y20T64,From 20 to 64 years,H,Historical,1962,,7736200,,A,Normal value,0,Units,0,Zero
DATAFLOW,OECD.ELS.SAE:DSD_POPULATION@DF_POP_HIST(1.0),Historical population data,I,POL,Poland,POP,Population,PS,Persons,M,Male,Y20T64,From 20 to 64 years,H,Historical,1963,,7826600,,A,Normal value,0,Units,0,Zero
DATAFLOW,OECD.ELS.SAE:DSD_POPULATION@DF_POP_HIST(1.0),Historical population data,I,POL,Poland,POP,Population,PS,Persons,M,Male,Y20T64,From 20 to 64 years,H,Historical,1964,,7926300,,A,Normal value,0,Units,0,Zero
DATAFLOW,OECD.ELS.SAE:DSD_POPULATION@DF_POP_HIST(1.0),Historical population data,I,POL,Poland,POP,Population,PS,Persons,M,Male,Y20T64,From 20 to 64 years,H,Historical,1965,,7991200,,A,Normal value,0,Units,0,Zero
DATAFLOW,OECD.ELS.SAE:DSD_POPULATION@DF_POP_HIST(1.0),Historical population data,I,POL,Poland,POP,Population,PS,Persons,M,Male,Y20T64,From 20 to 64 years,H,Historical,1966,,8050100,,A,Normal value,0,Units,0,Zero
DATAFLOW,OECD.ELS.SAE:DSD_POPULATION@DF_POP_HIST(1.0),Historical population data,I,POL,Poland,POP,Population,PS,Persons,M,Male,Y20T64,From 20 to 64 years,H,Historical,1967,,8164700,,A,Normal value,0,Units,0,Zero
DATAFLOW,OECD.ELS.SAE:DSD_POPULATION@DF_POP_HIST(1.0),Historical population data,I,POL,Poland,POP,Population,PS,Persons,M,Male,Y20T64,From 20 to 64 years,H,Historical,1968,,8336300,,A,Normal value,0,Units,0,Zero
DATAFLOW,OECD.ELS.SAE:DSD_POPULATION@DF_POP_HIST(1.0),Historical population data,I,POL,Poland,POP,Population,PS,Persons,M,Male,Y20T64,From 20 to 64 years,H,Historical,1969,,8481300,,A,Normal value,0,Units,0,Zero
DATAFLOW,OECD.ELS.SAE:DSD_POPULATION@DF_POP_HIST(1.0),Historical population data,I,POL,Poland,POP,Population,PS,Persons,M,Male,Y20T64,From 20 to 64 years,H,Historical,1970,,8600443,,A,Normal value,0,Units,0,Zero
DATAFLOW,OECD.ELS.SAE:DSD_POPULATION@DF_POP_HIST(1.0),Historical population data,I,POL,Poland,POP,Population,PS,Persons,M,Male,Y20T64,From 20 to 64 years,H,Historical,1971,,8681000,,A,Normal value,0,Units,0,Zero
DATAFLOW,OECD.ELS.SAE:DSD_POPULATION@DF_POP_HIST(1.0),Historical population data,I,POL,Poland,POP,Population,PS,Persons,M,Male,Y20T64,From 20 to 64 years,H,Historical,1972,,8841400,,A,Normal value,0,Units,0,Zero
DATAFLOW,OECD.ELS.SAE:DSD_POPULATION@DF_POP_HIST(1.0),Historical population data,I,POL,Poland,POP,Population,PS,Persons,M,Male,Y20T64,From 20 to 64 years,H,Historical,1973,,9007800,,A,Normal value,0,Units,0,Zero
DATAFLOW,OECD.ELS.SAE:DSD_POPULATION@DF_POP_HIST(1.0),Historical population data,I,POL,Poland,POP,Population,PS,Persons,M,Male,Y20T64,From 20 to 64 years,H,Historical,1974,,9176453,,A,Normal value,0,Units,0,Zero
DATAFLOW,OECD.ELS.SAE:DSD_POPULATION@DF_POP_HIST(1.0),Historical population data,I,POL,Poland,POP,Population,PS,Persons,M,Male,Y20T64,From 20 to 64 years,H,Historical,1975,,9345108,,A,Normal value,0,Units,0,Zero
DATAFLOW,OECD.ELS.SAE:DSD_POPULATION@DF_POP_HIST(1.0),Historical population data,I,POL,Poland,POP,Population,PS,Persons,M,Male,Y20T64,From 20 to 64 years,H,Historical,1976,,9517083,,A,Normal value,0,Units,0,Zero
DATAFLOW,OECD.ELS.SAE:DSD_POPULATION@DF_POP_HIST(1.0),Historical population data,I,POL,Poland,POP,Population,PS,Persons,M,Male,Y20T64,From 20 to 64 years,H,Historical,1977,,9680208,,A,Normal value,0,Units,0,Zero
DATAFLOW,OECD.ELS.SAE:DSD_POPULATION@DF_POP_HIST(1.0),Historical population data,I,POL,Poland,POP,Population,PS,Persons,M,Male,Y20T64,From 20 to 64 years,H,Historical,1978,,9838432,,A,Normal value,0,Units,0,Zero
DATAFLOW,OECD.ELS.SAE:DSD_POPULATION@DF_POP_HIST(1.0),Historical population data,I,POL,Poland,POP,Population,PS,Persons,M,Male,Y20T64,From 20 to 64 years,H,Historical,1979,,9958016,,A,Normal value,0,Units,0,Zero
DATAFLOW,OECD.ELS.SAE:DSD_POPULATION@DF_POP_HIST(1.0),Historical population data,I,POL,Poland,POP,Population,PS,Persons,M,Male,Y20T64,From 20 to 64 years,H,Historical,1980,,10105091,,A,Normal value,0,Units,0,Zero
DATAFLOW,OECD.ELS.SAE:DSD_POPULATION@DF_POP_HIST(1.0),Historical population data,I,POL,Poland,POP,Population,PS,Persons,M,Male,Y20T64,From 20 to 64 years,H,Historical,1981,,10251104,,A,Normal value,0,Units,0,Zero
DATAFLOW,OECD.ELS.SAE:DSD_POPULATION@DF_POP_HIST(1.0),Historical population data,I,POL,Poland,POP,Population,PS,Persons,M,Male,Y20T64,From 20 to 64 years,H,Historical,1982,,10388800,,A,Normal value,0,Units,0,Zero
DATAFLOW,OECD.ELS.SAE:DSD_POPULATION@DF_POP_HIST(1.0),Historical population data,I,POL,Poland,POP,Population,PS,Persons,M,Male,Y20T64,From 20 to 64 years,H,Historical,1983,,10515840,,A,Normal value,0,Units,0,Zero
DATAFLOW,OECD.ELS.SAE:DSD_POPULATION@DF_POP_HIST(1.0),Historical population data,I,POL,Poland,POP,Population,PS,Persons,M,Male,Y20T64,From 20 to 64 years,H,Historical,1984,,10619523,,A,Normal value,0,Units,0,Zero
DATAFLOW,OECD.ELS.SAE:DSD_POPULATION@DF_POP_HIST(1.0),Historical population data,I,POL,Poland,POP,Population,PS,Persons,M,Male,Y20T64,From 20 to 64 years,H,Historical,1985,,10685271,,A,Normal value,0,Units,0,Zero
DATAFLOW,OECD.ELS.SAE:DSD_POPULATION@DF_POP_HIST(1.0),Historical population data,I,POL,Poland,POP,Population,PS,Persons,M,Male,Y20T64,From 20 to 64 years,H,Historical,1986,,10733637,,A,Normal value,0,Units,0,Zero
DATAFLOW,OECD.ELS.SAE:DSD_POPULATION@DF_POP_HIST(1.0),Historical population data,I,POL,Poland,POP,Population,PS,Persons,M,Male,Y20T64,From 20 to 64 years,H,Historical,1987,,10768266,,A,Normal value,0,Units,0,Zero
DATAFLOW,OECD.ELS.SAE:DSD_POPULATION@DF_POP_HIST(1.0),Historical population data,I,POL,Poland,POP,Population,PS,Persons,M,Male,Y20T64,From 20 to 64 years,H,Historical,1988,,10793972,,A,Normal value,0,Units,0,Zero
DATAFLOW,OECD.ELS.SAE:DSD_POPULATION@DF_POP_HIST(1.0),Historical population data,I,POL,Poland,POP,Population,PS,Persons,M,Male,Y20T64,From 20 to 64 years,H,Historical,1989,,10758039,,A,Normal value,0,Units,0,Zero
DATAFLOW,OECD.ELS.SAE:DSD_POPULATION@DF_POP_HIST(1.0),Historical population data,I,POL,Poland,POP,Population,PS,Persons,M,Male,Y20T64,From 20 to 64 years,H,Historical,1990,,10862227,,A,Normal value,0,Units,0,Zero
DATAFLOW,OECD.ELS.SAE:DSD_POPULATION@DF_POP_HIST(1.0),Historical population data,I,POL,Poland,POP,Population,PS,Persons,M,Male,Y20T64,From 20 to 64 years,H,Historical,1991,,10937815,,A,Normal value,0,Units,0,Zero
DATAFLOW,OECD.ELS.SAE:DSD_POPULATION@DF_POP_HIST(1.0),Historical population data,I,POL,Poland,POP,Population,PS,Persons,M,Male,Y20T64,From 20 to 64 years,H,Historical,1992,,11007374,,A,Normal value,0,Units,0,Zero
DATAFLOW,OECD.ELS.SAE:DSD_POPULATION@DF_POP_HIST(1.0),Historical population data,I,POL,Poland,POP,Population,PS,Persons,M,Male,Y20T64,From 20 to 64 years,H,Historical,1993,,11067281,,A,Normal value,0,Units,0,Zero
DATAFLOW,OECD.ELS.SAE:DSD_POPULATION@DF_POP_HIST(1.0),Historical population data,I,POL,Poland,POP,Population,PS,Persons,M,Male,Y20T64,From 20 to 64 years,H,Historical,1994,,11115421,,A,Normal value,0,Units,0,Zero
DATAFLOW,OECD.ELS.SAE:DSD_POPULATION@DF_POP_HIST(1.0),Historical population data,I,POL,Poland,POP,Population,PS,Persons,M,Male,Y20T64,From 20 to 64 years,H,Historical,1995,,11157021,,A,Normal value,0,Units,0,Zero
DATAFLOW,OECD.ELS.SAE:DSD_POPULATION@DF_POP_HIST(1.0),Historical population data,I,POL,Poland,POP,Population,PS,Persons,M,Male,Y20T64,From 20 to 64 years,H,Historical,1996,,11192302,,A,Normal value,0,Units,0,Zero
DATAFLOW,OECD.ELS.SAE:DSD_POPULATION@DF_POP_HIST(1.0),Historical population data,I,POL,Poland,POP,Population,PS,Persons,M,Male,Y20T64,From 20 to 64 years,H,Historical,1997,,11222799,,A,Normal value,0,Units,0,Zero
DATAFLOW,OECD.ELS.SAE:DSD_POPULATION@DF_POP_HIST(1.0),Historical population data,I,POL,Poland,POP,Population,PS,Persons,M,Male,Y20T64,From 20 to 64 years,H,Historical,1998,,11249661,,A,Normal value,0,Units,0,Zero
DATAFLOW,OECD.ELS.SAE:DSD_POPULATION@DF_POP_HIST(1.0),Historical population data,I,POL,Poland,POP,Population,PS,Persons,M,Male,Y20T64,From 20 to 64 years,H,Historical,1999,,11235590,,A,Normal value,0,Units,0,Zero
DATAFLOW,OECD.ELS.SAE:DSD_POPULATION@DF_POP_HIST(1.0),Historical population data,I,POL,Poland,POP,Population,PS,Persons,M,Male,Y20T64,From 20 to 64 years,H,Historical,2000,,11259046,,A,Normal value,0,Units,0,Zero
DATAFLOW,OECD.ELS.SAE:DSD_POPULATION@DF_POP_HIST(1.0),Historical population data,I,POL,Poland,POP,Population,PS,Persons,M,Male,Y20T64,From 20 to 64 years,H,Historical,2001,,11357171,,A,Normal value,0,Units,0,Zero
DATAFLOW,OECD.ELS.SAE:DSD_POPULATION@DF_POP_HIST(1.0),Historical population data,I,POL,Poland,POP,Population,PS,Persons,M,Male,Y20T64,From 20 to 64 years,H,Historical,2002,,11461571,,A,Normal value,0,Units,0,Zero
DATAFLOW,OECD.ELS.SAE:DSD_POPULATION@DF_POP_HIST(1.0),Historical population data,I,POL,Poland,POP,Population,PS,Persons,M,Male,Y20T64,From 20 to 64 years,H,Historical,2003,,11587980,,A,Normal value,0,Units,0,Zero
DATAFLOW,OECD.ELS.SAE:DSD_POPULATION@DF_POP_HIST(1.0),Historical population data,I,POL,Poland,POP,Population,PS,Persons,M,Male,Y20T64,From 20 to 64 years,H,Historical,2004,,11718845,,A,Normal value,0,Units,0,Zero
DATAFLOW,OECD.ELS.SAE:DSD_POPULATION@DF_POP_HIST(1.0),Historical population data,I,POL,Poland,POP,Population,PS,Persons,M,Male,Y20T64,From 20 to 64 years,H,Historical,2005,,11838609,,A,Normal value,0,Units,0,Zero
DATAFLOW,OECD.ELS.SAE:DSD_POPULATION@DF_POP_HIST(1.0),Historical population data,I,POL,Poland,POP,Population,PS,Persons,M,Male,Y20T64,From 20 to 64 years,H,Historical,2006,,11936661,,A,Normal value,0,Units,0,Zero
DATAFLOW,OECD.ELS.SAE:DSD_POPULATION@DF_POP_HIST(1.0),Historical population data,I,POL,Poland,POP,Population,PS,Persons,M,Male,Y20T64,From 20 to 64 years,H,Historical,2007,,12022444,,A,Normal value,0,Units,0,Zero
DATAFLOW,OECD.ELS.SAE:DSD_POPULATION@DF_POP_HIST(1.0),Historical population data,I,POL,Poland,POP,Population,PS,Persons,M,Male,Y20T64,From 20 to 64 years,H,Historical,2008,,12103943,,A,Normal value,0,Units,0,Zero
DATAFLOW,OECD.ELS.SAE:DSD_POPULATION@DF_POP_HIST(1.0),Historical population data,I,POL,Poland,POP,Population,PS,Persons,M,Male,Y20T64,From 20 to 64 years,H,Historical,2009,,12184649,,A,Normal value,0,Units,0,Zero
DATAFLOW,OECD.ELS.SAE:DSD_POPULATION@DF_POP_HIST(1.0),Historical population data,I,POL,Poland,POP,Population,PS,Persons,M,Male,Y20T64,From 20 to 64 years,H,Historical,2010,,12417201,,A,Normal value,0,Units,0,Zero
DATAFLOW,OECD.ELS.SAE:DSD_POPULATION@DF_POP_HIST(1.0),Historical population data,I,POL,Poland,POP,Population,PS,Persons,M,Male,Y20T64,From 20 to 64 years,H,Historical,2011,,12458846,,A,Normal value,0,Units,0,Zero
DATAFLOW,OECD.ELS.SAE:DSD_POPULATION@DF_POP_HIST(1.0),Historical population data,I,POL,Poland,POP,Population,PS,Persons,M,Male,Y20T64,From 20 to 64 years,H,Historical,2012,,12456285,,A,Normal value,0,Units,0,Zero
DATAFLOW,OECD.ELS.SAE:DSD_POPULATION@DF_POP_HIST(1.0),Historical population data,I,POL,Poland,POP,Population,PS,Persons,M,Male,Y20T64,From 20 to 64 years,H,Historical,2013,,12421803,,A,Normal value,0,Units,0,Zero
DATAFLOW,OECD.ELS.SAE:DSD_POPULATION@DF_POP_HIST(1.0),Historical population data,I,POL,Poland,POP,Population,PS,Persons,M,Male,Y20T64,From 20 to 64 years,H,Historical,2014,,12372544,,A,Normal value,0,Units,0,Zero
DATAFLOW,OECD.ELS.SAE:DSD_POPULATION@DF_POP_HIST(1.0),Historical population data,I,POL,Poland,POP,Population,PS,Persons,M,Male,Y20T64,From 20 to 64 years,H,Historical,2015,,12305573,,A,Normal value,0,Units,0,Zero
DATAFLOW,OECD.ELS.SAE:DSD_POPULATION@DF_POP_HIST(1.0),Historical population data,I,POL,Poland,POP,Population,PS,Persons,M,Male,Y20T64,From 20 to 64 years,H,Historical,2016,,12218816,,A,Normal value,0,Units,0,Zero
DATAFLOW,OECD.ELS.SAE:DSD_POPULATION@DF_POP_HIST(1.0),Historical population data,I,POL,Poland,POP,Population,PS,Persons,M,Male,Y20T64,From 20 to 64 years,H,Historical,2017,,12125316,,A,Normal value,0,Units,0,Zero
DATAFLOW,OECD.ELS.SAE:DSD_POPULATION@DF_POP_HIST(1.0),Historical population data,I,POL,Poland,POP,Population,PS,Persons,M,Male,Y20T64,From 20 to 64 years,H,Historical,2018,,12020274,,A,Normal value,0,Units,0,Zero
DATAFLOW,OECD.ELS.SAE:DSD_POPULATION@DF_POP_HIST(1.0),Historical population data,I,POL,Poland,POP,Population,PS,Persons,M,Male,Y20T64,From 20 to 64 years,H,Historical,2019,,11907897,,A,Normal value,0,Units,0,Zero
DATAFLOW,OECD.ELS.SAE:DSD_POPULATION@DF_POP_HIST(1.0),Historical population data,I,POL,Poland,POP,Population,PS,Persons,M,Male,Y20T64,From 20 to 64 years,H,Historical,2022,,11441232,,A,Normal value,0,Units,0,Zero
DATAFLOW,OECD.ELS.SAE:DSD_POPULATION@DF_POP_HIST(1.0),Historical population data,I,POL,Poland,POP,Population,PS,Persons,M,Male,Y35T39,From 35 to 39 years,H,Historical,1960,,949123,,A,Normal value,0,Units,0,Zero
DATAFLOW,OECD.ELS.SAE:DSD_POPULATION@DF_POP_HIST(1.0),Historical population data,I,POL,Poland,POP,Population,PS,Persons,M,Male,Y35T39,From 35 to 39 years,H,Historical,1961,,968000,,A,Normal value,0,Units,0,Zero
DATAFLOW,OECD.ELS.SAE:DSD_POPULATION@DF_POP_HIST(1.0),Historical population data,I,POL,Poland,POP,Population,PS,Persons,M,Male,Y35T39,From 35 to 39 years,H,Historical,1962,,998900,,A,Normal value,0,Units,0,Zero
DATAFLOW,OECD.ELS.SAE:DSD_POPULATION@DF_POP_HIST(1.0),Historical population data,I,POL,Poland,POP,Population,PS,Persons,M,Male,Y35T39,From 35 to 39 years,H,Historical,1963,,1033800,,A,Normal value,0,Units,0,Zero
DATAFLOW,OECD.ELS.SAE:DSD_POPULATION@DF_POP_HIST(1.0),Historical population data,I,POL,Poland,POP,Population,PS,Persons,M,Male,Y35T39,From 35 to 39 years,H,Historical,1964,,1073200,,A,Normal value,0,Units,0,Zero
DATAFLOW,OECD.ELS.SAE:DSD_POPULATION@DF_POP_HIST(1.0),Historical population data,I,POL,Poland,POP,Population,PS,Persons,M,Male,Y35T39,From 35 to 39 years,H,Historical,1965,,1114900,,A,Normal value,0,Units,0,Zero
DATAFLOW,OECD.ELS.SAE:DSD_POPULATION@DF_POP_HIST(1.0),Historical population data,I,POL,Poland,POP,Population,PS,Persons,M,Male,Y35T39,From 35 to 39 years,H,Historical,1966,,1144500,,A,Normal value,0,Units,0,Zero
DATAFLOW,OECD.ELS.SAE:DSD_POPULATION@DF_POP_HIST(1.0),Historical population data,I,POL,Poland,POP,Population,PS,Persons,M,Male,Y35T39,From 35 to 39 years,H,Historical,1967,,1168700,,A,Normal value,0,Units,0,Zero
DATAFLOW,OECD.ELS.SAE:DSD_POPULATION@DF_POP_HIST(1.0),Historical population data,I,POL,Poland,POP,Population,PS,Persons,M,Male,Y35T39,From 35 to 39 years,H,Historical,1968,,1185700,,A,Normal value,0,Units,0,Zero
DATAFLOW,OECD.ELS.SAE:DSD_POPULATION@DF_POP_HIST(1.0),Historical population data,I,POL,Poland,POP,Population,PS,Persons,M,Male,Y35T39,From 35 to 39 years,H,Historical,1969,,1176000,,A,Normal value,0,Units,0,Zero
DATAFLOW,OECD.ELS.SAE:DSD_POPULATION@DF_POP_HIST(1.0),Historical population data,I,POL,Poland,POP,Population,PS,Persons,M,Male,Y35T39,From 35 to 39 years,H,Historical,1970,,1126972,,A,Normal value,0,Units,0,Zero
DATAFLOW,OECD.ELS.SAE:DSD_POPULATION@DF_POP_HIST(1.0),Historical population data,I,POL,Poland,POP,Population,PS,Persons,M,Male,Y35T39,From 35 to 39 years,H,Historical,1971,,1118800,,A,Normal value,0,Units,0,Zero
DATAFLOW,OECD.ELS.SAE:DSD_POPULATION@DF_POP_HIST(1.0),Historical population data,I,POL,Poland,POP,Population,PS,Persons,M,Male,Y35T39,From 35 to 39 years,H,Historical,1972,,1103100,,A,Normal value,0,Units,0,Zero
DATAFLOW,OECD.ELS.SAE:DSD_POPULATION@DF_POP_HIST(1.0),Historical population data,I,POL,Poland,POP,Population,PS,Persons,M,Male,Y35T39,From 35 to 39 years,H,Historical,1973,,1091000,,A,Normal value,0,Units,0,Zero
DATAFLOW,OECD.ELS.SAE:DSD_POPULATION@DF_POP_HIST(1.0),Historical population data,I,POL,Poland,POP,Population,PS,Persons,M,Male,Y35T39,From 35 to 39 years,H,Historical,1974,,1080530,,A,Normal value,0,Units,0,Zero
DATAFLOW,OECD.ELS.SAE:DSD_POPULATION@DF_POP_HIST(1.0),Historical population data,I,POL,Poland,POP,Population,PS,Persons,M,Male,Y35T39,From 35 to 39 years,H,Historical,1975,,1065921,,A,Normal value,0,Units,0,Zero
DATAFLOW,OECD.ELS.SAE:DSD_POPULATION@DF_POP_HIST(1.0),Historical population data,I,POL,Poland,POP,Population,PS,Persons,M,Male,Y35T39,From 35 to 39 years,H,Historical,1976,,1042383,,A,Normal value,0,Units,0,Zero
DATAFLOW,OECD.ELS.SAE:DSD_POPULATION@DF_POP_HIST(1.0),Historical population data,I,POL,Poland,POP,Population,PS,Persons,M,Male,Y35T39,From 35 to 39 years,H,Historical,1977,,1008690,,A,Normal value,0,Units,0,Zero
DATAFLOW,OECD.ELS.SAE:DSD_POPULATION@DF_POP_HIST(1.0),Historical population data,I,POL,Poland,POP,Population,PS,Persons,M,Male,Y35T39,From 35 to 39 years,H,Historical,1978,,974663,,A,Normal value,0,Units,0,Zero
DATAFLOW,OECD.ELS.SAE:DSD_POPULATION@DF_POP_HIST(1.0),Historical population data,I,POL,Poland,POP,Population,PS,Persons,M,Male,Y35T39,From 35 to 39 years,H,Historical,1979,,946492,,A,Normal value,0,Units,0,Zero
DATAFLOW,OECD.ELS.SAE:DSD_POPULATION@DF_POP_HIST(1.0),Historical population data,I,POL,Poland,POP,Population,PS,Persons,M,Male,Y35T39,From 35 to 39 years,H,Historical,1980,,923932,,A,Normal value,0,Units,0,Zero
DATAFLOW,OECD.ELS.SAE:DSD_POPULATION@DF_POP_HIST(1.0),Historical population data,I,POL,Poland,POP,Population,PS,Persons,M,Male,Y35T39,From 35 to 39 years,H,Historical,1981,,945496,,A,Normal value,0,Units,0,Zero
DATAFLOW,OECD.ELS.SAE:DSD_POPULATION@DF_POP_HIST(1.0),Historical population data,I,POL,Poland,POP,Population,PS,Persons,M,Male,Y35T39,From 35 to 39 years,H,Historical,1982,,1024155,,A,Normal value,0,Units,0,Zero
DATAFLOW,OECD.ELS.SAE:DSD_POPULATION@DF_POP_HIST(1.0),Historical population data,I,POL,Poland,POP,Population,PS,Persons,M,Male,Y35T39,From 35 to 39 years,H,Historical,1983,,1130847,,A,Normal value,0,Units,0,Zero
DATAFLOW,OECD.ELS.SAE:DSD_POPULATION@DF_POP_HIST(1.0),Historical population data,I,POL,Poland,POP,Population,PS,Persons,M,Male,Y35T39,From 35 to 39 years,H,Historical,1984,,1248091,,A,Normal value,0,Units,0,Zero
DATAFLOW,OECD.ELS.SAE:DSD_POPULATION@DF_POP_HIST(1.0),Historical population data,I,POL,Poland,POP,Population,PS,Persons,M,Male,Y35T39,From 35 to 39 years,H,Historical,1985,,1371361,,A,Normal value,0,Units,0,Zero
DATAFLOW,OECD.ELS.SAE:DSD_POPULATION@DF_POP_HIST(1.0),Historical population data,I,POL,Poland,POP,Population,PS,Persons,M,Male,Y35T39,From 35 to 39 years,H,Historical,1986,,1471952,,A,Normal value,0,Units,0,Zero
DATAFLOW,OECD.ELS.SAE:DSD_POPULATION@DF_POP_HIST(1.0),Historical population data,I,POL,Poland,POP,Population,PS,Persons,M,Male,Y35T39,From 35 to 39 years,H,Historical,1987,,1534858,,A,Normal value,0,Units,0,Zero
DATAFLOW,OECD.ELS.SAE:DSD_POPULATION@DF_POP_HIST(1.0),Historical population data,I,POL,Poland,POP,Population,PS,Persons,M,Male,Y35T39,From 35 to 39 years,H,Historical,1988,,1578714,,A,Normal value,0,Units,0,Zero
DATAFLOW,OECD.ELS.SAE:DSD_POPULATION@DF_POP_HIST(1.0),Historical population data,I,POL,Poland,POP,Population,PS,Persons,M,Male,Y35T39,From 35 to 39 years,H,Historical,1989,,1600581,,A,Normal value,0,Units,0,Zero
DATAFLOW,OECD.ELS.SAE:DSD_POPULATION@DF_POP_HIST(1.0),Historical population data,I,POL,Poland,POP,Population,PS,Persons,M,Male,Y35T39,From 35 to 39 years,H,Historical,1990,,1550546,,A,Normal value,0,Units,0,Zero
DATAFLOW,OECD.ELS.SAE:DSD_POPULATION@DF_POP_HIST(1.0),Historical population data,I,POL,Poland,POP,Population,PS,Persons,M,Male,Y35T39,From 35 to 39 years,H,Historical,1991,,1528452,,A,Normal value,0,Units,0,Zero
DATAFLOW,OECD.ELS.SAE:DSD_POPULATION@DF_POP_HIST(1.0),Historical population data,I,POL,Poland,POP,Population,PS,Persons,M,Male,Y35T39,From 35 to 39 years,H,Historical,1992,,1506819,,A,Normal value,0,Units,0,Zero
DATAFLOW,OECD.ELS.SAE:DSD_POPULATION@DF_POP_HIST(1.0),Historical population data,I,POL,Poland,POP,Population,PS,Persons,M,Male,Y35T39,From 35 to 39 years,H,Historical,1993,,1482259,,A,Normal value,0,Units,0,Zero
DATAFLOW,OECD.ELS.SAE:DSD_POPULATION@DF_POP_HIST(1.0),Historical population data,I,POL,Poland,POP,Population,PS,Persons,M,Male,Y35T39,From 35 to 39 years,H,Historical,1994,,1457177,,A,Normal value,0,Units,0,Zero
DATAFLOW,OECD.ELS.SAE:DSD_POPULATION@DF_POP_HIST(1.0),Historical population data,I,POL,Poland,POP,Population,PS,Persons,M,Male,Y35T39,From 35 to 39 years,H,Historical,1995,,1431390,,A,Normal value,0,Units,0,Zero
DATAFLOW,OECD.ELS.SAE:DSD_POPULATION@DF_POP_HIST(1.0),Historical population data,I,POL,Poland,POP,Population,PS,Persons,M,Male,Y35T39,From 35 to 39 years,H,Historical,1996,,1403501,,A,Normal value,0,Units,0,Zero
DATAFLOW,OECD.ELS.SAE:DSD_POPULATION@DF_POP_HIST(1.0),Historical population data,I,POL,Poland,POP,Population,PS,Persons,M,Male,Y35T39,From 35 to 39 years,H,Historical,1997,,1375657,,A,Normal value,0,Units,0,Zero
DATAFLOW,OECD.ELS.SAE:DSD_POPULATION@DF_POP_HIST(1.0),Historical population data,I,POL,Poland,POP,Population,PS,Persons,M,Male,Y35T39,From 35 to 39 years,H,Historical,1998,,1347200,,A,Normal value,0,Units,0,Zero
DATAFLOW,OECD.ELS.SAE:DSD_POPULATION@DF_POP_HIST(1.0),Historical population data,I,POL,Poland,POP,Population,PS,Persons,M,Male,Y35T39,From 35 to 39 years,H,Historical,1999,,1326477,,A,Normal value,0,Units,0,Zero
DATAFLOW,OECD.ELS.SAE:DSD_POPULATION@DF_POP_HIST(1.0),Historical population data,I,POL,Poland,POP,Population,PS,Persons,M,Male,Y35T39,From 35 to 39 years,H,Historical,2000,,1299233,,A,Normal value,0,Units,0,Zero
DATAFLOW,OECD.ELS.SAE:DSD_POPULATION@DF_POP_HIST(1.0),Historical population data,I,POL,Poland,POP,Population,PS,Persons,M,Male,Y35T39,From 35 to 39 years,H,Historical,2001,,1262095,,A,Normal value,0,Units,0,Zero
DATAFLOW,OECD.ELS.SAE:DSD_POPULATION@DF_POP_HIST(1.0),Historical population data,I,POL,Poland,POP,Population,PS,Persons,M,Male,Y35T39,From 35 to 39 years,H,Historical,2002,,1231575,,A,Normal value,0,Units,0,Zero
DATAFLOW,OECD.ELS.SAE:DSD_POPULATION@DF_POP_HIST(1.0),Historical population data,I,POL,Poland,POP,Population,PS,Persons,M,Male,Y35T39,From 35 to 39 years,H,Historical,2003,,1213217,,A,Normal value,0,Units,0,Zero
DATAFLOW,OECD.ELS.SAE:DSD_POPULATION@DF_POP_HIST(1.0),Historical population data,I,POL,Poland,POP,Population,PS,Persons,M,Male,Y35T39,From 35 to 39 years,H,Historical,2004,,1200617,,A,Normal value,0,Units,0,Zero
DATAFLOW,OECD.ELS.SAE:DSD_POPULATION@DF_POP_HIST(1.0),Historical population data,I,POL,Poland,POP,Population,PS,Persons,M,Male,Y35T39,From 35 to 39 years,H,Historical,2005,,1200243,,A,Normal value,0,Units,0,Zero
DATAFLOW,OECD.ELS.SAE:DSD_POPULATION@DF_POP_HIST(1.0),Historical population data,I,POL,Poland,POP,Population,PS,Persons,M,Male,Y35T39,From 35 to 39 years,H,Historical,2006,,1212384,,A,Normal value,0,Units,0,Zero
DATAFLOW,OECD.ELS.SAE:DSD_POPULATION@DF_POP_HIST(1.0),Historical population data,I,POL,Poland,POP,Population,PS,Persons,M,Male,Y35T39,From 35 to 39 years,H,Historical,2007,,1236704,,A,Normal value,0,Units,0,Zero
DATAFLOW,OECD.ELS.SAE:DSD_POPULATION@DF_POP_HIST(1.0),Historical population data,I,POL,Poland,POP,Population,PS,Persons,M,Male,Y35T39,From 35 to 39 years,H,Historical,2008,,1270256,,A,Normal value,0,Units,0,Zero
DATAFLOW,OECD.ELS.SAE:DSD_POPULATION@DF_POP_HIST(1.0),Historical population data,I,POL,Poland,POP,Population,PS,Persons,M,Male,Y35T39,From 35 to 39 years,H,Historical,2009,,1310939,,A,Normal value,0,Units,0,Zero
DATAFLOW,OECD.ELS.SAE:DSD_POPULATION@DF_POP_HIST(1.0),Historical population data,I,POL,Poland,POP,Population,PS,Persons,M,Male,Y35T39,From 35 to 39 years,H,Historical,2010,,1376074,,A,Normal value,0,Units,0,Zero
DATAFLOW,OECD.ELS.SAE:DSD_POPULATION@DF_POP_HIST(1.0),Historical population data,I,POL,Poland,POP,Population,PS,Persons,M,Male,Y35T39,From 35 to 39 years,H,Historical,2011,,1425449,,A,Normal value,0,Units,0,Zero
DATAFLOW,OECD.ELS.SAE:DSD_POPULATION@DF_POP_HIST(1.0),Historical population data,I,POL,Poland,POP,Population,PS,Persons,M,Male,Y35T39,From 35 to 39 years,H,Historical,2012,,1470751,,A,Normal value,0,Units,0,Zero
DATAFLOW,OECD.ELS.SAE:DSD_POPULATION@DF_POP_HIST(1.0),Historical population data,I,POL,Poland,POP,Population,PS,Persons,M,Male,Y35T39,From 35 to 39 years,H,Historical,2013,,1506122,,A,Normal value,0,Units,0,Zero
DATAFLOW,OECD.ELS.SAE:DSD_POPULATION@DF_POP_HIST(1.0),Historical population data,I,POL,Poland,POP,Population,PS,Persons,M,Male,Y35T39,From 35 to 39 years,H,Historical,2014,,1536454,,A,Normal value,0,Units,0,Zero
DATAFLOW,OECD.ELS.SAE:DSD_POPULATION@DF_POP_HIST(1.0),Historical population data,I,POL,Poland,POP,Population,PS,Persons,M,Male,Y35T39,From 35 to 39 years,H,Historical,2015,,1561396,,A,Normal value,0,Units,0,Zero
DATAFLOW,OECD.ELS.SAE:DSD_POPULATION@DF_POP_HIST(1.0),Historical population data,I,POL,Poland,POP,Population,PS,Persons,M,Male,Y35T39,From 35 to 39 years,H,Historical,2016,,1573316,,A,Normal value,0,Units,0,Zero
DATAFLOW,OECD.ELS.SAE:DSD_POPULATION@DF_POP_HIST(1.0),Historical population data,I,POL,Poland,POP,Population,PS,Persons,M,Male,Y35T39,From 35 to 39 years,H,Historical,2017,,1585972,,A,Normal value,0,Units,0,Zero
DATAFLOW,OECD.ELS.SAE:DSD_POPULATION@DF_POP_HIST(1.0),Historical population data,I,POL,Poland,POP,Population,PS,Persons,M,Male,Y35T39,From 35 to 39 years,H,Historical,2018,,1610234,,A,Normal value,0,Units,0,Zero
DATAFLOW,OECD.ELS.SAE:DSD_POPULATION@DF_POP_HIST(1.0),Historical population data,I,POL,Poland,POP,Population,PS,Persons,M,Male,Y35T39,From 35 to 39 years,H,Historical,2019,,1628890,,A,Normal value,0,Units,0,Zero
DATAFLOW,OECD.ELS.SAE:DSD_POPULATION@DF_POP_HIST(1.0),Historical population data,I,POL,Poland,POP,Population,PS,Persons,M,Male,Y35T39,From 35 to 39 years,H,Historical,2022,,1593340,,A,Normal value,0,Units,0,Zero
DATAFLOW,OECD.ELS.SAE:DSD_POPULATION@DF_POP_HIST(1.0),Historical population data,I,POL,Poland,POP,Population,PS,Persons,M,Male,Y80T84,From 80 to 84 years,H,Historical,1960,,47697,,A,Normal value,0,Units,0,Zero
DATAFLOW,OECD.ELS.SAE:DSD_POPULATION@DF_POP_HIST(1.0),Historical population data,I,POL,Poland,POP,Population,PS,Persons,M,Male,Y80T84,From 80 to 84 years,H,Historical,1961,,48016,,A,Normal value,0,Units,0,Zero
DATAFLOW,OECD.ELS.SAE:DSD_POPULATION@DF_POP_HIST(1.0),Historical population data,I,POL,Poland,POP,Population,PS,Persons,M,Male,Y80T84,From 80 to 84 years,H,Historical,1962,,49432,,A,Normal value,0,Units,0,Zero
DATAFLOW,OECD.ELS.SAE:DSD_POPULATION@DF_POP_HIST(1.0),Historical population data,I,POL,Poland,POP,Population,PS,Persons,M,Male,Y80T84,From 80 to 84 years,H,Historical,1963,,51250,,A,Normal value,0,Units,0,Zero
DATAFLOW,OECD.ELS.SAE:DSD_POPULATION@DF_POP_HIST(1.0),Historical population data,I,POL,Poland,POP,Population,PS,Persons,M,Male,Y80T84,From 80 to 84 years,H,Historical,1964,,53444,,A,Normal value,0,Units,0,Zero
DATAFLOW,OECD.ELS.SAE:DSD_POPULATION@DF_POP_HIST(1.0),Historical population data,I,POL,Poland,POP,Population,PS,Persons,M,Male,Y80T84,From 80 to 84 years,H,Historical,1965,,56800,,A,Normal value,0,Units,0,Zero
DATAFLOW,OECD.ELS.SAE:DSD_POPULATION@DF_POP_HIST(1.0),Historical population data,I,POL,Poland,POP,Population,PS,Persons,M,Male,Y80T84,From 80 to 84 years,H,Historical,1966,,60200,,A,Normal value,0,Units,0,Zero
DATAFLOW,OECD.ELS.SAE:DSD_POPULATION@DF_POP_HIST(1.0),Historical population data,I,POL,Poland,POP,Population,PS,Persons,M,Male,Y80T84,From 80 to 84 years,H,Historical,1967,,62300,,A,Normal value,0,Units,0,Zero
DATAFLOW,OECD.ELS.SAE:DSD_POPULATION@DF_POP_HIST(1.0),Historical population data,I,POL,Poland,POP,Population,PS,Persons,M,Male,Y80T84,From 80 to 84 years,H,Historical,1968,,70100,,A,Normal value,0,Units,0,Zero
DATAFLOW,OECD.ELS.SAE:DSD_POPULATION@DF_POP_HIST(1.0),Historical population data,I,POL,Poland,POP,Population,PS,Persons,M,Male,Y80T84,From 80 to 84 years,H,Historical,1969,,74500,,A,Normal value,0,Units,0,Zero
DATAFLOW,OECD.ELS.SAE:DSD_POPULATION@DF_POP_HIST(1.0),Historical population data,I,POL,Poland,POP,Population,PS,Persons,M,Male,Y80T84,From 80 to 84 years,H,Historical,1970,,72516,,A,Normal value,0,Units,0,Zero
DATAFLOW,OECD.ELS.SAE:DSD_POPULATION@DF_POP_HIST(1.0),Historical population data,I,POL,Poland,POP,Population,PS,Persons,M,Male,Y80T84,From 80 to 84 years,H,Historical,1971,,76669,,A,Normal value,0,Units,0,Zero
DATAFLOW,OECD.ELS.SAE:DSD_POPULATION@DF_POP_HIST(1.0),Historical population data,I,POL,Poland,POP,Population,PS,Persons,M,Male,Y80T84,From 80 to 84 years,H,Historical,1972,,72900,,A,Normal value,0,Units,0,Zero
DATAFLOW,OECD.ELS.SAE:DSD_POPULATION@DF_POP_HIST(1.0),Historical population data,I,POL,Poland,POP,Population,PS,Persons,M,Male,Y80T84,From 80 to 84 years,H,Historical,1973,,74700,,A,Normal value,0,Units,0,Zero
DATAFLOW,OECD.ELS.SAE:DSD_POPULATION@DF_POP_HIST(1.0),Historical population data,I,POL,Poland,POP,Population,PS,Persons,M,Male,Y80T84,From 80 to 84 years,H,Historical,1974,,78048,,A,Normal value,0,Units,0,Zero
DATAFLOW,OECD.ELS.SAE:DSD_POPULATION@DF_POP_HIST(1.0),Historical population data,I,POL,Poland,POP,Population,PS,Persons,M,Male,Y80T84,From 80 to 84 years,H,Historical,1975,,83516,,A,Normal value,0,Units,0,Zero
DATAFLOW,OECD.ELS.SAE:DSD_POPULATION@DF_POP_HIST(1.0),Historical population data,I,POL,Poland,POP,Population,PS,Persons,M,Male,Y80T84,From 80 to 84 years,H,Historical,1976,,88223,,A,Normal value,0,Units,0,Zero
DATAFLOW,OECD.ELS.SAE:DSD_POPULATION@DF_POP_HIST(1.0),Historical population data,I,POL,Poland,POP,Population,PS,Persons,M,Male,Y80T84,From 80 to 84 years,H,Historical,1977,,94916,,A,Normal value,0,Units,0,Zero
DATAFLOW,OECD.ELS.SAE:DSD_POPULATION@DF_POP_HIST(1.0),Historical population data,I,POL,Poland,POP,Population,PS,Persons,M,Male,Y80T84,From 80 to 84 years,H,Historical,1978,,100050,,A,Normal value,0,Units,0,Zero
DATAFLOW,OECD.ELS.SAE:DSD_POPULATION@DF_POP_HIST(1.0),Historical population data,I,POL,Poland,POP,Population,PS,Persons,M,Male,Y80T84,From 80 to 84 years,H,Historical,1979,,102112,,A,Normal value,0,Units,0,Zero
DATAFLOW,OECD.ELS.SAE:DSD_POPULATION@DF_POP_HIST(1.0),Historical population data,I,POL,Poland,POP,Population,PS,Persons,M,Male,Y80T84,From 80 to 84 years,H,Historical,1980,,106546,,A,Normal value,0,Units,0,Zero
DATAFLOW,OECD.ELS.SAE:DSD_POPULATION@DF_POP_HIST(1.0),Historical population data,I,POL,Poland,POP,Population,PS,Persons,M,Male,Y80T84,From 80 to 84 years,H,Historical,1981,,113606,,A,Normal value,0,Units,0,Zero
DATAFLOW,OECD.ELS.SAE:DSD_POPULATION@DF_POP_HIST(1.0),Historical population data,I,POL,Poland,POP,Population,PS,Persons,M,Male,Y80T84,From 80 to 84 years,H,Historical,1982,,120660,,A,Normal value,0,Units,0,Zero
DATAFLOW,OECD.ELS.SAE:DSD_POPULATION@DF_POP_HIST(1.0),Historical population data,I,POL,Poland,POP,Population,PS,Persons,M,Male,Y80T84,From 80 to 84 years,H,Historical,1983,,128202,,A,Normal value,0,Units,0,Zero
DATAFLOW,OECD.ELS.SAE:DSD_POPULATION@DF_POP_HIST(1.0),Historical population data,I,POL,Poland,POP,Population,PS,Persons,M,Male,Y80T84,From 80 to 84 years,H,Historical,1984,,135097,,A,Normal value,0,Units,0,Zero
DATAFLOW,OECD.ELS.SAE:DSD_POPULATION@DF_POP_HIST(1.0),Historical population data,I,POL,Poland,POP,Population,PS,Persons,M,Male,Y80T84,From 80 to 84 years,H,Historical,1985,,139244,,A,Normal value,0,Units,0,Zero
DATAFLOW,OECD.ELS.SAE:DSD_POPULATION@DF_POP_HIST(1.0),Historical population data,I,POL,Poland,POP,Population,PS,Persons,M,Male,Y80T84,From 80 to 84 years,H,Historical,1986,,142847,,A,Normal value,0,Units,0,Zero
DATAFLOW,OECD.ELS.SAE:DSD_POPULATION@DF_POP_HIST(1.0),Historical population data,I,POL,Poland,POP,Population,PS,Persons,M,Male,Y80T84,From 80 to 84 years,H,Historical,1987,,148509,,A,Normal value,0,Units,0,Zero
DATAFLOW,OECD.ELS.SAE:DSD_POPULATION@DF_POP_HIST(1.0),Historical population data,I,POL,Poland,POP,Population,PS,Persons,M,Male,Y80T84,From 80 to 84 years,H,Historical,1988,,154448,,A,Normal value,0,Units,0,Zero
DATAFLOW,OECD.ELS.SAE:DSD_POPULATION@DF_POP_HIST(1.0),Historical population data,I,POL,Poland,POP,Population,PS,Persons,M,Male,Y80T84,From 80 to 84 years,H,Historical,1989,,157709,,A,Normal value,0,Units,0,Zero
DATAFLOW,OECD.ELS.SAE:DSD_POPULATION@DF_POP_HIST(1.0),Historical population data,I,POL,Poland,POP,Population,PS,Persons,M,Male,Y80T84,From 80 to 84 years,H,Historical,1990,,154619,,A,Normal value,0,Units,0,Zero
DATAFLOW,OECD.ELS.SAE:DSD_POPULATION@DF_POP_HIST(1.0),Historical population data,I,POL,Poland,POP,Population,PS,Persons,M,Male,Y80T84,From 80 to 84 years,H,Historical,1991,,152957,,A,Normal value,0,Units,0,Zero
DATAFLOW,OECD.ELS.SAE:DSD_POPULATION@DF_POP_HIST(1.0),Historical population data,I,POL,Poland,POP,Population,PS,Persons,M,Male,Y80T84,From 80 to 84 years,H,Historical,1992,,151116,,A,Normal value,0,Units,0,Zero
DATAFLOW,OECD.ELS.SAE:DSD_POPULATION@DF_POP_HIST(1.0),Historical population data,I,POL,Poland,POP,Population,PS,Persons,M,Male,Y80T84,From 80 to 84 years,H,Historical,1993,,149372,,A,Normal value,0,Units,0,Zero
DATAFLOW,OECD.ELS.SAE:DSD_POPULATION@DF_POP_HIST(1.0),Historical population data,I,POL,Poland,POP,Population,PS,Persons,M,Male,Y80T84,From 80 to 84 years,H,Historical,1994,,146735,,A,Normal value,0,Units,0,Zero
DATAFLOW,OECD.ELS.SAE:DSD_POPULATION@DF_POP_HIST(1.0),Historical population data,I,POL,Poland,POP,Population,PS,Persons,M,Male,Y80T84,From 80 to 84 years,H,Historical,1995,,143206,,A,Normal value,0,Units,0,Zero
DATAFLOW,OECD.ELS.SAE:DSD_POPULATION@DF_POP_HIST(1.0),Historical population data,I,POL,Poland,POP,Population,PS,Persons,M,Male,Y80T84,From 80 to 84 years,H,Historical,1996,,140189,,A,Normal value,0,Units,0,Zero
DATAFLOW,OECD.ELS.SAE:DSD_POPULATION@DF_POP_HIST(1.0),Historical population data,I,POL,Poland,POP,Population,PS,Persons,M,Male,Y80T84,From 80 to 84 years,H,Historical,1997,,138464,,A,Normal value,0,Units,0,Zero
DATAFLOW,OECD.ELS.SAE:DSD_POPULATION@DF_POP_HIST(1.0),Historical population data,I,POL,Poland,POP,Population,PS,Persons,M,Male,Y80T84,From 80 to 84 years,H,Historical,1998,,137194,,A,Normal value,0,Units,0,Zero
DATAFLOW,OECD.ELS.SAE:DSD_POPULATION@DF_POP_HIST(1.0),Historical population data,I,POL,Poland,POP,Population,PS,Persons,M,Male,Y80T84,From 80 to 84 years,H,Historical,1999,,129245,,A,Normal value,0,Units,0,Zero
DATAFLOW,OECD.ELS.SAE:DSD_POPULATION@DF_POP_HIST(1.0),Historical population data,I,POL,Poland,POP,Population,PS,Persons,M,Male,Y80T84,From 80 to 84 years,H,Historical,2000,,127860,,A,Normal value,0,Units,0,Zero
DATAFLOW,OECD.ELS.SAE:DSD_POPULATION@DF_POP_HIST(1.0),Historical population data,I,POL,Poland,POP,Population,PS,Persons,M,Male,Y80T84,From 80 to 84 years,H,Historical,2001,,139938,,A,Normal value,0,Units,0,Zero
DATAFLOW,OECD.ELS.SAE:DSD_POPULATION@DF_POP_HIST(1.0),Historical population data,I,POL,Poland,POP,Population,PS,Persons,M,Male,Y80T84,From 80 to 84 years,H,Historical,2002,,156042,,A,Normal value,0,Units,0,Zero
DATAFLOW,OECD.ELS.SAE:DSD_POPULATION@DF_POP_HIST(1.0),Historical population data,I,POL,Poland,POP,Population,PS,Persons,M,Male,Y80T84,From 80 to 84 years,H,Historical,2003,,174682,,A,Normal value,0,Units,0,Zero
DATAFLOW,OECD.ELS.SAE:DSD_POPULATION@DF_POP_HIST(1.0),Historical population data,I,POL,Poland,POP,Population,PS,Persons,M,Male,Y80T84,From 80 to 84 years,H,Historical,2004,,189761,,A,Normal value,0,Units,0,Zero
DATAFLOW,OECD.ELS.SAE:DSD_POPULATION@DF_POP_HIST(1.0),Historical population data,I,POL,Poland,POP,Population,PS,Persons,M,Male,Y80T84,From 80 to 84 years,H,Historical,2005,,200906,,A,Normal value,0,Units,0,Zero
DATAFLOW,OECD.ELS.SAE:DSD_POPULATION@DF_POP_HIST(1.0),Historical population data,I,POL,Poland,POP,Population,PS,Persons,M,Male,Y80T84,From 80 to 84 years,H,Historical,2006,,211984,,A,Normal value,0,Units,0,Zero
DATAFLOW,OECD.ELS.SAE:DSD_POPULATION@DF_POP_HIST(1.0),Historical population data,I,POL,Poland,POP,Population,PS,Persons,M,Male,Y80T84,From 80 to 84 years,H,Historical,2007,,220601,,A,Normal value,0,Units,0,Zero
DATAFLOW,OECD.ELS.SAE:DSD_POPULATION@DF_POP_HIST(1.0),Historical population data,I,POL,Poland,POP,Population,PS,Persons,M,Male,Y80T84,From 80 to 84 years,H,Historical,2008,,229859,,A,Normal value,0,Units,0,Zero
DATAFLOW,OECD.ELS.SAE:DSD_POPULATION@DF_POP_HIST(1.0),Historical population data,I,POL,Poland,POP,Population,PS,Persons,M,Male,Y80T84,From 80 to 84 years,H,Historical,2009,,241049,,A,Normal value,0,Units,0,Zero
DATAFLOW,OECD.ELS.SAE:DSD_POPULATION@DF_POP_HIST(1.0),Historical population data,I,POL,Poland,POP,Population,PS,Persons,M,Male,Y80T84,From 80 to 84 years,H,Historical,2010,,254301,,A,Normal value,0,Units,0,Zero
DATAFLOW,OECD.ELS.SAE:DSD_POPULATION@DF_POP_HIST(1.0),Historical population data,I,POL,Poland,POP,Population,PS,Persons,M,Male,Y80T84,From 80 to 84 years,H,Historical,2011,,267352,,A,Normal value,0,Units,0,Zero
DATAFLOW,OECD.ELS.SAE:DSD_POPULATION@DF_POP_HIST(1.0),Historical population data,I,POL,Poland,POP,Population,PS,Persons,M,Male,Y80T84,From 80 to 84 years,H,Historical,2012,,278428,,A,Normal value,0,Units,0,Zero
DATAFLOW,OECD.ELS.SAE:DSD_POPULATION@DF_POP_HIST(1.0),Historical population data,I,POL,Poland,POP,Population,PS,Persons,M,Male,Y80T84,From 80 to 84 years,H,Historical,2013,,283555,,A,Normal value,0,Units,0,Zero
DATAFLOW,OECD.ELS.SAE:DSD_POPULATION@DF_POP_HIST(1.0),Historical population data,I,POL,Poland,POP,Population,PS,Persons,M,Male,Y80T84,From 80 to 84 years,H,Historical,2014,,286833,,A,Normal value,0,Units,0,Zero
DATAFLOW,OECD.ELS.SAE:DSD_POPULATION@DF_POP_HIST(1.0),Historical population data,I,POL,Poland,POP,Population,PS,Persons,M,Male,Y80T84,From 80 to 84 years,H,Historical,2015,,287908,,A,Normal value,0,Units,0,Zero
DATAFLOW,OECD.ELS.SAE:DSD_POPULATION@DF_POP_HIST(1.0),Historical population data,I,POL,Poland,POP,Population,PS,Persons,M,Male,Y80T84,From 80 to 84 years,H,Historical,2016,,290157,,A,Normal value,0,Units,0,Zero
DATAFLOW,OECD.ELS.SAE:DSD_POPULATION@DF_POP_HIST(1.0),Historical population data,I,POL,Poland,POP,Population,PS,Persons,M,Male,Y80T84,From 80 to 84 years,H,Historical,2017,,292248,,A,Normal value,0,Units,0,Zero
DATAFLOW,OECD.ELS.SAE:DSD_POPULATION@DF_POP_HIST(1.0),Historical population data,I,POL,Poland,POP,Population,PS,Persons,M,Male,Y80T84,From 80 to 84 years,H,Historical,2018,,294298,,A,Normal value,0,Units,0,Zero
DATAFLOW,OECD.ELS.SAE:DSD_POPULATION@DF_POP_HIST(1.0),Historical population data,I,POL,Poland,POP,Population,PS,Persons,M,Male,Y80T84,From 80 to 84 years,H,Historical,2019,,296701,,A,Normal value,0,Units,0,Zero
DATAFLOW,OECD.ELS.SAE:DSD_POPULATION@DF_POP_HIST(1.0),Historical population data,I,POL,Poland,POP,Population,PS,Persons,M,Male,Y80T84,From 80 to 84 years,H,Historical,2022,,275248,,A,Normal value,0,Units,0,Zero
DATAFLOW,OECD.ELS.SAE:DSD_POPULATION@DF_POP_HIST(1.0),Historical population data,I,POL,Poland,POP,Population,PS,Persons,M,Male,Y_GE85,85 years or over,H,Historical,1960,,21086,,A,Normal value,0,Units,0,Zero
DATAFLOW,OECD.ELS.SAE:DSD_POPULATION@DF_POP_HIST(1.0),Historical population data,I,POL,Poland,POP,Population,PS,Persons,M,Male,Y_GE85,85 years or over,H,Historical,1961,,20441,,A,Normal value,0,Units,0,Zero
DATAFLOW,OECD.ELS.SAE:DSD_POPULATION@DF_POP_HIST(1.0),Historical population data,I,POL,Poland,POP,Population,PS,Persons,M,Male,Y_GE85,85 years or over,H,Historical,1962,,21044,,A,Normal value,0,Units,0,Zero
DATAFLOW,OECD.ELS.SAE:DSD_POPULATION@DF_POP_HIST(1.0),Historical population data,I,POL,Poland,POP,Population,PS,Persons,M,Male,Y_GE85,85 years or over,H,Historical,1963,,21818,,A,Normal value,0,Units,0,Zero
DATAFLOW,OECD.ELS.SAE:DSD_POPULATION@DF_POP_HIST(1.0),Historical population data,I,POL,Poland,POP,Population,PS,Persons,M,Male,Y_GE85,85 years or over,H,Historical,1964,,22752,,A,Normal value,0,Units,0,Zero
DATAFLOW,OECD.ELS.SAE:DSD_POPULATION@DF_POP_HIST(1.0),Historical population data,I,POL,Poland,POP,Population,PS,Persons,M,Male,Y_GE85,85 years or over,H,Historical,1965,,23400,,A,Normal value,0,Units,0,Zero
DATAFLOW,OECD.ELS.SAE:DSD_POPULATION@DF_POP_HIST(1.0),Historical population data,I,POL,Poland,POP,Population,PS,Persons,M,Male,Y_GE85,85 years or over,H,Historical,1966,,24600,,A,Normal value,0,Units,0,Zero
DATAFLOW,OECD.ELS.SAE:DSD_POPULATION@DF_POP_HIST(1.0),Historical population data,I,POL,Poland,POP,Population,PS,Persons,M,Male,Y_GE85,85 years or over,H,Historical,1967,,25500,,A,Normal value,0,Units,0,Zero
DATAFLOW,OECD.ELS.SAE:DSD_POPULATION@DF_POP_HIST(1.0),Historical population data,I,POL,Poland,POP,Population,PS,Persons,M,Male,Y_GE85,85 years or over,H,Historical,1968,,31900,,A,Normal value,0,Units,0,Zero
DATAFLOW,OECD.ELS.SAE:DSD_POPULATION@DF_POP_HIST(1.0),Historical population data,I,POL,Poland,POP,Population,PS,Persons,M,Male,Y_GE85,85 years or over,H,Historical,1969,,32900,,A,Normal value,0,Units,0,Zero
DATAFLOW,OECD.ELS.SAE:DSD_POPULATION@DF_POP_HIST(1.0),Historical population data,I,POL,Poland,POP,Population,PS,Persons,M,Male,Y_GE85,85 years or over,H,Historical,1970,,29857,,A,Normal value,0,Units,0,Zero
DATAFLOW,OECD.ELS.SAE:DSD_POPULATION@DF_POP_HIST(1.0),Historical population data,I,POL,Poland,POP,Population,PS,Persons,M,Male,Y_GE85,85 years or over,H,Historical,1971,,32191,,A,Normal value,0,Units,0,Zero
DATAFLOW,OECD.ELS.SAE:DSD_POPULATION@DF_POP_HIST(1.0),Historical population data,I,POL,Poland,POP,Population,PS,Persons,M,Male,Y_GE85,85 years or over,H,Historical,1972,,31200,,A,Normal value,0,Units,0,Zero
DATAFLOW,OECD.ELS.SAE:DSD_POPULATION@DF_POP_HIST(1.0),Historical population data,I,POL,Poland,POP,Population,PS,Persons,M,Male,Y_GE85,85 years or over,H,Historical,1973,,33200,,A,Normal value,0,Units,0,Zero
DATAFLOW,OECD.ELS.SAE:DSD_POPULATION@DF_POP_HIST(1.0),Historical population data,I,POL,Poland,POP,Population,PS,Persons,M,Male,Y_GE85,85 years or over,H,Historical,1974,,35748,,A,Normal value,0,Units,0,Zero
DATAFLOW,OECD.ELS.SAE:DSD_POPULATION@DF_POP_HIST(1.0),Historical population data,I,POL,Poland,POP,Population,PS,Persons,M,Male,Y_GE85,85 years or over,H,Historical,1975,,38252,,A,Normal value,0,Units,0,Zero
DATAFLOW,OECD.ELS.SAE:DSD_POPULATION@DF_POP_HIST(1.0),Historical population data,I,POL,Poland,POP,Population,PS,Persons,M,Male,Y_GE85,85 years or over,H,Historical,1976,,41423,,A,Normal value,0,Units,0,Zero
DATAFLOW,OECD.ELS.SAE:DSD_POPULATION@DF_POP_HIST(1.0),Historical population data,I,POL,Poland,POP,Population,PS,Persons,M,Male,Y_GE85,85 years or over,H,Historical,1977,,43338,,A,Normal value,0,Units,0,Zero
DATAFLOW,OECD.ELS.SAE:DSD_POPULATION@DF_POP_HIST(1.0),Historical population data,I,POL,Poland,POP,Population,PS,Persons,M,Male,Y_GE85,85 years or over,H,Historical,1978,,45902,,A,Normal value,0,Units,0,Zero
DATAFLOW,OECD.ELS.SAE:DSD_POPULATION@DF_POP_HIST(1.0),Historical population data,I,POL,Poland,POP,Population,PS,Persons,M,Male,Y_GE85,85 years or over,H,Historical,1979,,43209,,A,Normal value,0,Units,0,Zero
DATAFLOW,OECD.ELS.SAE:DSD_POPULATION@DF_POP_HIST(1.0),Historical population data,I,POL,Poland,POP,Population,PS,Persons,M,Male,Y_GE85,85 years or over,H,Historical,1980,,43845,,A,Normal value,0,Units,0,Zero
DATAFLOW,OECD.ELS.SAE:DSD_POPULATION@DF_POP_HIST(1.0),Historical population data,I,POL,Poland,POP,Population,PS,Persons,M,Male,Y_GE85,85 years or over,H,Historical,1981,,45951,,A,Normal value,0,Units,0,Zero
DATAFLOW,OECD.ELS.SAE:DSD_POPULATION@DF_POP_HIST(1.0),Historical population data,I,POL,Poland,POP,Population,PS,Persons,M,Male,Y_GE85,85 years or over,H,Historical,1982,,47727,,A,Normal value,0,Units,0,Zero
DATAFLOW,OECD.ELS.SAE:DSD_POPULATION@DF_POP_HIST(1.0),Historical population data,I,POL,Poland,POP,Population,PS,Persons,M,Male,Y_GE85,85 years or over,H,Historical,1983,,50430,,A,Normal value,0,Units,0,Zero
DATAFLOW,OECD.ELS.SAE:DSD_POPULATION@DF_POP_HIST(1.0),Historical population data,I,POL,Poland,POP,Population,PS,Persons,M,Male,Y_GE85,85 years or over,H,Historical,1984,,51883,,A,Normal value,0,Units,0,Zero
DATAFLOW,OECD.ELS.SAE:DSD_POPULATION@DF_POP_HIST(1.0),Historical population data,I,POL,Poland,POP,Population,PS,Persons,M,Male,Y_GE85,85 years or over,H,Historical,1985,,52790,,A,Normal value,0,Units,0,Zero
DATAFLOW,OECD.ELS.SAE:DSD_POPULATION@DF_POP_HIST(1.0),Historical population data,I,POL,Poland,POP,Population,PS,Persons,M,Male,Y_GE85,85 years or over,H,Historical,1986,,54804,,A,Normal value,0,Units,0,Zero
DATAFLOW,OECD.ELS.SAE:DSD_POPULATION@DF_POP_HIST(1.0),Historical population data,I,POL,Poland,POP,Population,PS,Persons,M,Male,Y_GE85,85 years or over,H,Historical,1987,,57162,,A,Normal value,0,Units,0,Zero
DATAFLOW,OECD.ELS.SAE:DSD_POPULATION@DF_POP_HIST(1.0),Historical population data,I,POL,Poland,POP,Population,PS,Persons,M,Male,Y_GE85,85 years or over,H,Historical,1988,,60297,,A,Normal value,0,Units,0,Zero
DATAFLOW,OECD.ELS.SAE:DSD_POPULATION@DF_POP_HIST(1.0),Historical population data,I,POL,Poland,POP,Population,PS,Persons,M,Male,Y_GE85,85 years or over,H,Historical,1989,,68631,,A,Normal value,0,Units,0,Zero
DATAFLOW,OECD.ELS.SAE:DSD_POPULATION@DF_POP_HIST(1.0),Historical population data,I,POL,Poland,POP,Population,PS,Persons,M,Male,Y_GE85,85 years or over,H,Historical,1990,,70553,,A,Normal value,0,Units,0,Zero
DATAFLOW,OECD.ELS.SAE:DSD_POPULATION@DF_POP_HIST(1.0),Historical population data,I,POL,Poland,POP,Population,PS,Persons,M,Male,Y_GE85,85 years or over,H,Historical,1991,,72894,,A,Normal value,0,Units,0,Zero
DATAFLOW,OECD.ELS.SAE:DSD_POPULATION@DF_POP_HIST(1.0),Historical population data,I,POL,Poland,POP,Population,PS,Persons,M,Male,Y_GE85,85 years or over,H,Historical,1992,,75559,,A,Normal value,0,Units,0,Zero
DATAFLOW,OECD.ELS.SAE:DSD_POPULATION@DF_POP_HIST(1.0),Historical population data,I,POL,Poland,POP,Population,PS,Persons,M,Male,Y_GE85,85 years or over,H,Historical,1993,,78526,,A,Normal value,0,Units,0,Zero
DATAFLOW,OECD.ELS.SAE:DSD_POPULATION@DF_POP_HIST(1.0),Historical population data,I,POL,Poland,POP,Population,PS,Persons,M,Male,Y_GE85,85 years or over,H,Historical,1994,,81351,,A,Normal value,0,Units,0,Zero
DATAFLOW,OECD.ELS.SAE:DSD_POPULATION@DF_POP_HIST(1.0),Historical population data,I,POL,Poland,POP,Population,PS,Persons,M,Male,Y_GE85,85 years or over,H,Historical,1995,,84273,,A,Normal value,0,Units,0,Zero
DATAFLOW,OECD.ELS.SAE:DSD_POPULATION@DF_POP_HIST(1.0),Historical population data,I,POL,Poland,POP,Population,PS,Persons,M,Male,Y_GE85,85 years or over,H,Historical,1996,,87245,,A,Normal value,0,Units,0,Zero
DATAFLOW,OECD.ELS.SAE:DSD_POPULATION@DF_POP_HIST(1.0),Historical population data,I,POL,Poland,POP,Population,PS,Persons,M,Male,Y_GE85,85 years or over,H,Historical,1997,,90034,,A,Normal value,0,Units,0,Zero
DATAFLOW,OECD.ELS.SAE:DSD_POPULATION@DF_POP_HIST(1.0),Historical population data,I,POL,Poland,POP,Population,PS,Persons,M,Male,Y_GE85,85 years or over,H,Historical,1998,,92608,,A,Normal value,0,Units,0,Zero
DATAFLOW,OECD.ELS.SAE:DSD_POPULATION@DF_POP_HIST(1.0),Historical population data,I,POL,Poland,POP,Population,PS,Persons,M,Male,Y_GE85,85 years or over,H,Historical,1999,,97191,,A,Normal value,0,Units,0,Zero
DATAFLOW,OECD.ELS.SAE:DSD_POPULATION@DF_POP_HIST(1.0),Historical population data,I,POL,Poland,POP,Population,PS,Persons,M,Male,Y_GE85,85 years or over,H,Historical,2000,,96512,,A,Normal value,0,Units,0,Zero
DATAFLOW,OECD.ELS.SAE:DSD_POPULATION@DF_POP_HIST(1.0),Historical population data,I,POL,Poland,POP,Population,PS,Persons,M,Male,Y_GE85,85 years or over,H,Historical,2001,,90867,,A,Normal value,0,Units,0,Zero
DATAFLOW,OECD.ELS.SAE:DSD_POPULATION@DF_POP_HIST(1.0),Historical population data,I,POL,Poland,POP,Population,PS,Persons,M,Male,Y_GE85,85 years or over,H,Historical,2002,,88313,,A,Normal value,0,Units,0,Zero
DATAFLOW,OECD.ELS.SAE:DSD_POPULATION@DF_POP_HIST(1.0),Historical population data,I,POL,Poland,POP,Population,PS,Persons,M,Male,Y_GE85,85 years or over,H,Historical,2003,,83236,,A,Normal value,0,Units,0,Zero
DATAFLOW,OECD.ELS.SAE:DSD_POPULATION@DF_POP_HIST(1.0),Historical population data,I,POL,Poland,POP,Population,PS,Persons,M,Male,Y_GE85,85 years or over,H,Historical,2004,,84038,,A,Normal value,0,Units,0,Zero
DATAFLOW,OECD.ELS.SAE:DSD_POPULATION@DF_POP_HIST(1.0),Historical population data,I,POL,Poland,POP,Population,PS,Persons,M,Male,Y_GE85,85 years or over,H,Historical,2005,,89503,,A,Normal value,0,Units,0,Zero
DATAFLOW,OECD.ELS.SAE:DSD_POPULATION@DF_POP_HIST(1.0),Historical population data,I,POL,Poland,POP,Population,PS,Persons,M,Male,Y_GE85,85 years or over,H,Historical,2006,,96585,,A,Normal value,0,Units,0,Zero
DATAFLOW,OECD.ELS.SAE:DSD_POPULATION@DF_POP_HIST(1.0),Historical population data,I,POL,Poland,POP,Population,PS,Persons,M,Male,Y_GE85,85 years or over,H,Historical,2007,,104976,,A,Normal value,0,Units,0,Zero
DATAFLOW,OECD.ELS.SAE:DSD_POPULATION@DF_POP_HIST(1.0),Historical population data,I,POL,Poland,POP,Population,PS,Persons,M,Male,Y_GE85,85 years or over,H,Historical,2008,,114272,,A,Normal value,0,Units,0,Zero
DATAFLOW,OECD.ELS.SAE:DSD_POPULATION@DF_POP_HIST(1.0),Historical population data,I,POL,Poland,POP,Population,PS,Persons,M,Male,Y_GE85,85 years or over,H,Historical,2009,,122518,,A,Normal value,0,Units,0,Zero
DATAFLOW,OECD.ELS.SAE:DSD_POPULATION@DF_POP_HIST(1.0),Historical population data,I,POL,Poland,POP,Population,PS,Persons,M,Male,Y_GE85,85 years or over,H,Historical,2010,,130047,,A,Normal value,0,Units,0,Zero
DATAFLOW,OECD.ELS.SAE:DSD_POPULATION@DF_POP_HIST(1.0),Historical population data,I,POL,Poland,POP,Population,PS,Persons,M,Male,Y_GE85,85 years or over,H,Historical,2011,,139368,,A,Normal value,0,Units,0,Zero
DATAFLOW,OECD.ELS.SAE:DSD_POPULATION@DF_POP_HIST(1.0),Historical population data,I,POL,Poland,POP,Population,PS,Persons,M,Male,Y_GE85,85 years or over,H,Historical,2012,,148616,,A,Normal value,0,Units,0,Zero
DATAFLOW,OECD.ELS.SAE:DSD_POPULATION@DF_POP_HIST(1.0),Historical population data,I,POL,Poland,POP,Population,PS,Persons,M,Male,Y_GE85,85 years or over,H,Historical,2013,,158762,,A,Normal value,0,Units,0,Zero
DATAFLOW,OECD.ELS.SAE:DSD_POPULATION@DF_POP_HIST(1.0),Historical population data,I,POL,Poland,POP,Population,PS,Persons,M,Male,Y_GE85,85 years or over,H,Historical,2014,,172018,,A,Normal value,0,Units,0,Zero
DATAFLOW,OECD.ELS.SAE:DSD_POPULATION@DF_POP_HIST(1.0),Historical population data,I,POL,Poland,POP,Population,PS,Persons,M,Male,Y_GE85,85 years or over,H,Historical,2015,,184649,,A,Normal value,0,Units,0,Zero
DATAFLOW,OECD.ELS.SAE:DSD_POPULATION@DF_POP_HIST(1.0),Historical population data,I,POL,Poland,POP,Population,PS,Persons,M,Male,Y_GE85,85 years or over,H,Historical,2016,,198000,,A,Normal value,0,Units,0,Zero
DATAFLOW,OECD.ELS.SAE:DSD_POPULATION@DF_POP_HIST(1.0),Historical population data,I,POL,Poland,POP,Population,PS,Persons,M,Male,Y_GE85,85 years or over,H,Historical,2017,,207859,,A,Normal value,0,Units,0,Zero
DATAFLOW,OECD.ELS.SAE:DSD_POPULATION@DF_POP_HIST(1.0),Historical population data,I,POL,Poland,POP,Population,PS,Persons,M,Male,Y_GE85,85 years or over,H,Historical,2018,,215937,,A,Normal value,0,Units,0,Zero
DATAFLOW,OECD.ELS.SAE:DSD_POPULATION@DF_POP_HIST(1.0),Historical population data,I,POL,Poland,POP,Population,PS,Persons,M,Male,Y_GE85,85 years or over,H,Historical,2019,,224036,,A,Normal value,0,Units,0,Zero
DATAFLOW,OECD.ELS.SAE:DSD_POPULATION@DF_POP_HIST(1.0),Historical population data,I,POL,Poland,POP,Population,PS,Persons,M,Male,Y_GE85,85 years or over,H,Historical,2022,,219067,,A,Normal value,0,Units,0,Zero
DATAFLOW,OECD.ELS.SAE:DSD_POPULATION@DF_POP_HIST(1.0),Historical population data,I,POL,Poland,POP,Population,PS,Persons,M,Male,_T,Total,H,Historical,1960,,14058565,,A,Normal value,0,Units,0,Zero
DATAFLOW,OECD.ELS.SAE:DSD_POPULATION@DF_POP_HIST(1.0),Historical population data,I,POL,Poland,POP,Population,PS,Persons,M,Male,_T,Total,H,Historical,1961,,14498000,,A,Normal value,0,Units,0,Zero
DATAFLOW,OECD.ELS.SAE:DSD_POPULATION@DF_POP_HIST(1.0),Historical population data,I,POL,Poland,POP,Population,PS,Persons,M,Male,_T,Total,H,Historical,1962,,14685900,,A,Normal value,0,Units,0,Zero
DATAFLOW,OECD.ELS.SAE:DSD_POPULATION@DF_POP_HIST(1.0),Historical population data,I,POL,Poland,POP,Population,PS,Persons,M,Male,_T,Total,H,Historical,1963,,14877000,,A,Normal value,0,Units,0,Zero
DATAFLOW,OECD.ELS.SAE:DSD_POPULATION@DF_POP_HIST(1.0),Historical population data,I,POL,Poland,POP,Population,PS,Persons,M,Male,_T,Total,H,Historical,1964,,15115400,,A,Normal value,0,Units,0,Zero
DATAFLOW,OECD.ELS.SAE:DSD_POPULATION@DF_POP_HIST(1.0),Historical population data,I,POL,Poland,POP,Population,PS,Persons,M,Male,_T,Total,H,Historical,1965,,15287200,,A,Normal value,0,Units,0,Zero
DATAFLOW,OECD.ELS.SAE:DSD_POPULATION@DF_POP_HIST(1.0),Historical population data,I,POL,Poland,POP,Population,PS,Persons,M,Male,_T,Total,H,Historical,1966,,15394700,,A,Normal value,0,Units,0,Zero
DATAFLOW,OECD.ELS.SAE:DSD_POPULATION@DF_POP_HIST(1.0),Historical population data,I,POL,Poland,POP,Population,PS,Persons,M,Male,_T,Total,H,Historical,1967,,15521500,,A,Normal value,0,Units,0,Zero
DATAFLOW,OECD.ELS.SAE:DSD_POPULATION@DF_POP_HIST(1.0),Historical population data,I,POL,Poland,POP,Population,PS,Persons,M,Male,_T,Total,H,Historical,1968,,15693400,,A,Normal value,0,Units,0,Zero
DATAFLOW,OECD.ELS.SAE:DSD_POPULATION@DF_POP_HIST(1.0),Historical population data,I,POL,Poland,POP,Population,PS,Persons,M,Male,_T,Total,H,Historical,1969,,15819700,,A,Normal value,0,Units,0,Zero
DATAFLOW,OECD.ELS.SAE:DSD_POPULATION@DF_POP_HIST(1.0),Historical population data,I,POL,Poland,POP,Population,PS,Persons,M,Male,_T,Total,H,Historical,1970,,15853618,,A,Normal value,0,Units,0,Zero
DATAFLOW,OECD.ELS.SAE:DSD_POPULATION@DF_POP_HIST(1.0),Historical population data,I,POL,Poland,POP,Population,PS,Persons,M,Male,_T,Total,H,Historical,1971,,15915400,,A,Normal value,0,Units,0,Zero
DATAFLOW,OECD.ELS.SAE:DSD_POPULATION@DF_POP_HIST(1.0),Historical population data,I,POL,Poland,POP,Population,PS,Persons,M,Male,_T,Total,H,Historical,1972,,16068200,,A,Normal value,0,Units,0,Zero
DATAFLOW,OECD.ELS.SAE:DSD_POPULATION@DF_POP_HIST(1.0),Historical population data,I,POL,Poland,POP,Population,PS,Persons,M,Male,_T,Total,H,Historical,1973,,16216100,,A,Normal value,0,Units,0,Zero
DATAFLOW,OECD.ELS.SAE:DSD_POPULATION@DF_POP_HIST(1.0),Historical population data,I,POL,Poland,POP,Population,PS,Persons,M,Male,_T,Total,H,Historical,1974,,16383452,,A,Normal value,0,Units,0,Zero
DATAFLOW,OECD.ELS.SAE:DSD_POPULATION@DF_POP_HIST(1.0),Historical population data,I,POL,Poland,POP,Population,PS,Persons,M,Male,_T,Total,H,Historical,1975,,16552043,,A,Normal value,0,Units,0,Zero
DATAFLOW,OECD.ELS.SAE:DSD_POPULATION@DF_POP_HIST(1.0),Historical population data,I,POL,Poland,POP,Population,PS,Persons,M,Male,_T,Total,H,Historical,1976,,16723571,,A,Normal value,0,Units,0,Zero
DATAFLOW,OECD.ELS.SAE:DSD_POPULATION@DF_POP_HIST(1.0),Historical population data,I,POL,Poland,POP,Population,PS,Persons,M,Male,_T,Total,H,Historical,1977,,16890158,,A,Normal value,0,Units,0,Zero
DATAFLOW,OECD.ELS.SAE:DSD_POPULATION@DF_POP_HIST(1.0),Historical population data,I,POL,Poland,POP,Population,PS,Persons,M,Male,_T,Total,H,Historical,1978,,17043629,,A,Normal value,0,Units,0,Zero
DATAFLOW,OECD.ELS.SAE:DSD_POPULATION@DF_POP_HIST(1.0),Historical population data,I,POL,Poland,POP,Population,PS,Persons,M,Male,_T,Total,H,Historical,1979,,17177373,,A,Normal value,0,Units,0,Zero
DATAFLOW,OECD.ELS.SAE:DSD_POPULATION@DF_POP_HIST(1.0),Historical population data,I,POL,Poland,POP,Population,PS,Persons,M,Male,_T,Total,H,Historical,1980,,17335313,,A,Normal value,0,Units,0,Zero
DATAFLOW,OECD.ELS.SAE:DSD_POPULATION@DF_POP_HIST(1.0),Historical population data,I,POL,Poland,POP,Population,PS,Persons,M,Male,_T,Total,H,Historical,1981,,17493234,,A,Normal value,0,Units,0,Zero
DATAFLOW,OECD.ELS.SAE:DSD_POPULATION@DF_POP_HIST(1.0),Historical population data,I,POL,Poland,POP,Population,PS,Persons,M,Male,_T,Total,H,Historical,1982,,17656002,,A,Normal value,0,Units,0,Zero
DATAFLOW,OECD.ELS.SAE:DSD_POPULATION@DF_POP_HIST(1.0),Historical population data,I,POL,Poland,POP,Population,PS,Persons,M,Male,_T,Total,H,Historical,1983,,17827065,,A,Normal value,0,Units,0,Zero
DATAFLOW,OECD.ELS.SAE:DSD_POPULATION@DF_POP_HIST(1.0),Historical population data,I,POL,Poland,POP,Population,PS,Persons,M,Male,_T,Total,H,Historical,1984,,17999505,,A,Normal value,0,Units,0,Zero
DATAFLOW,OECD.ELS.SAE:DSD_POPULATION@DF_POP_HIST(1.0),Historical population data,I,POL,Poland,POP,Population,PS,Persons,M,Male,_T,Total,H,Historical,1985,,18143812,,A,Normal value,0,Units,0,Zero
DATAFLOW,OECD.ELS.SAE:DSD_POPULATION@DF_POP_HIST(1.0),Historical population data,I,POL,Poland,POP,Population,PS,Persons,M,Male,_T,Total,H,Historical,1986,,18268160,,A,Normal value,0,Units,0,Zero
DATAFLOW,OECD.ELS.SAE:DSD_POPULATION@DF_POP_HIST(1.0),Historical population data,I,POL,Poland,POP,Population,PS,Persons,M,Male,_T,Total,H,Historical,1987,,18369716,,A,Normal value,0,Units,0,Zero
DATAFLOW,OECD.ELS.SAE:DSD_POPULATION@DF_POP_HIST(1.0),Historical population data,I,POL,Poland,POP,Population,PS,Persons,M,Male,_T,Total,H,Historical,1988,,18466797,,A,Normal value,0,Units,0,Zero
DATAFLOW,OECD.ELS.SAE:DSD_POPULATION@DF_POP_HIST(1.0),Historical population data,I,POL,Poland,POP,Population,PS,Persons,M,Male,_T,Total,H,Historical,1989,,18504503,,A,Normal value,0,Units,0,Zero
DATAFLOW,OECD.ELS.SAE:DSD_POPULATION@DF_POP_HIST(1.0),Historical population data,I,POL,Poland,POP,Population,PS,Persons,M,Male,_T,Total,H,Historical,1990,,18534000,,A,Normal value,0,Units,0,Zero
DATAFLOW,OECD.ELS.SAE:DSD_POPULATION@DF_POP_HIST(1.0),Historical population data,I,POL,Poland,POP,Population,PS,Persons,M,Male,_T,Total,H,Historical,1991,,18566500,,A,Normal value,0,Units,0,Zero
DATAFLOW,OECD.ELS.SAE:DSD_POPULATION@DF_POP_HIST(1.0),Historical population data,I,POL,Poland,POP,Population,PS,Persons,M,Male,_T,Total,H,Historical,1992,,18592000,,A,Normal value,0,Units,0,Zero
DATAFLOW,OECD.ELS.SAE:DSD_POPULATION@DF_POP_HIST(1.0),Historical population data,I,POL,Poland,POP,Population,PS,Persons,M,Male,_T,Total,H,Historical,1993,,18610000,,A,Normal value,0,Units,0,Zero
DATAFLOW,OECD.ELS.SAE:DSD_POPULATION@DF_POP_HIST(1.0),Historical population data,I,POL,Poland,POP,Population,PS,Persons,M,Male,_T,Total,H,Historical,1994,,18620500,,A,Normal value,0,Units,0,Zero
DATAFLOW,OECD.ELS.SAE:DSD_POPULATION@DF_POP_HIST(1.0),Historical population data,I,POL,Poland,POP,Population,PS,Persons,M,Male,_T,Total,H,Historical,1995,,18626000,,A,Normal value,0,Units,0,Zero
DATAFLOW,OECD.ELS.SAE:DSD_POPULATION@DF_POP_HIST(1.0),Historical population data,I,POL,Poland,POP,Population,PS,Persons,M,Male,_T,Total,H,Historical,1996,,18623500,,A,Normal value,0,Units,0,Zero
DATAFLOW,OECD.ELS.SAE:DSD_POPULATION@DF_POP_HIST(1.0),Historical population data,I,POL,Poland,POP,Population,PS,Persons,M,Male,_T,Total,H,Historical,1997,,18610000,,A,Normal value,0,Units,0,Zero
DATAFLOW,OECD.ELS.SAE:DSD_POPULATION@DF_POP_HIST(1.0),Historical population data,I,POL,Poland,POP,Population,PS,Persons,M,Male,_T,Total,H,Historical,1998,,18590000,,A,Normal value,0,Units,0,Zero
DATAFLOW,OECD.ELS.SAE:DSD_POPULATION@DF_POP_HIST(1.0),Historical population data,I,POL,Poland,POP,Population,PS,Persons,M,Male,_T,Total,H,Historical,1999,,18563500,,A,Normal value,0,Units,0,Zero
DATAFLOW,OECD.ELS.SAE:DSD_POPULATION@DF_POP_HIST(1.0),Historical population data,I,POL,Poland,POP,Population,PS,Persons,M,Male,_T,Total,H,Historical,2001,,18531251,,A,Normal value,0,Units,0,Zero
DATAFLOW,OECD.ELS.SAE:DSD_POPULATION@DF_POP_HIST(1.0),Historical population data,I,POL,Poland,POP,Population,PS,Persons,M,Male,_T,Total,H,Historical,2002,,18517179,,A,Normal value,0,Units,0,Zero
DATAFLOW,OECD.ELS.SAE:DSD_POPULATION@DF_POP_HIST(1.0),Historical population data,I,POL,Poland,POP,Population,PS,Persons,M,Male,_T,Total,H,Historical,2003,,18492950,,A,Normal value,0,Units,0,Zero
DATAFLOW,OECD.ELS.SAE:DSD_POPULATION@DF_POP_HIST(1.0),Historical population data,I,POL,Poland,POP,Population,PS,Persons,M,Male,_T,Total,H,Historical,2004,,18478368,,A,Normal value,0,Units,0,Zero
DATAFLOW,OECD.ELS.SAE:DSD_POPULATION@DF_POP_HIST(1.0),Historical population data,I,POL,Poland,POP,Population,PS,Persons,M,Male,_T,Total,H,Historical,2005,,18460730,,A,Normal value,0,Units,0,Zero
DATAFLOW,OECD.ELS.SAE:DSD_POPULATION@DF_POP_HIST(1.0),Historical population data,I,POL,Poland,POP,Population,PS,Persons,M,Male,_T,Total,H,Historical,2006,,18436101,,A,Normal value,0,Units,0,Zero
DATAFLOW,OECD.ELS.SAE:DSD_POPULATION@DF_POP_HIST(1.0),Historical population data,I,POL,Poland,POP,Population,PS,Persons,M,Male,_T,Total,H,Historical,2007,,18417074,,A,Normal value,0,Units,0,Zero
DATAFLOW,OECD.ELS.SAE:DSD_POPULATION@DF_POP_HIST(1.0),Historical population data,I,POL,Poland,POP,Population,PS,Persons,M,Male,_T,Total,H,Historical,2008,,18408405,,A,Normal value,0,Units,0,Zero
DATAFLOW,OECD.ELS.SAE:DSD_POPULATION@DF_POP_HIST(1.0),Historical population data,I,POL,Poland,POP,Population,PS,Persons,M,Male,_T,Total,H,Historical,2009,,18423343,,A,Normal value,0,Units,0,Zero
DATAFLOW,OECD.ELS.SAE:DSD_POPULATION@DF_POP_HIST(1.0),Historical population data,I,POL,Poland,POP,Population,PS,Persons,M,Male,_T,Total,H,Historical,2010,,18647604,,A,Normal value,0,Units,0,Zero
DATAFLOW,OECD.ELS.SAE:DSD_POPULATION@DF_POP_HIST(1.0),Historical population data,I,POL,Poland,POP,Population,PS,Persons,M,Male,_T,Total,H,Historical,2011,,18650105,,A,Normal value,0,Units,0,Zero
DATAFLOW,OECD.ELS.SAE:DSD_POPULATION@DF_POP_HIST(1.0),Historical population data,I,POL,Poland,POP,Population,PS,Persons,M,Male,_T,Total,H,Historical,2012,,18651441,,A,Normal value,0,Units,0,Zero
DATAFLOW,OECD.ELS.SAE:DSD_POPULATION@DF_POP_HIST(1.0),Historical population data,I,POL,Poland,POP,Population,PS,Persons,M,Male,_T,Total,H,Historical,2013,,18634367,,A,Normal value,0,Units,0,Zero
DATAFLOW,OECD.ELS.SAE:DSD_POPULATION@DF_POP_HIST(1.0),Historical population data,I,POL,Poland,POP,Population,PS,Persons,M,Male,_T,Total,H,Historical,2014,,18623041,,A,Normal value,0,Units,0,Zero
DATAFLOW,OECD.ELS.SAE:DSD_POPULATION@DF_POP_HIST(1.0),Historical population data,I,POL,Poland,POP,Population,PS,Persons,M,Male,_T,Total,H,Historical,2015,,18607417,,A,Normal value,0,Units,0,Zero
DATAFLOW,OECD.ELS.SAE:DSD_POPULATION@DF_POP_HIST(1.0),Historical population data,I,POL,Poland,POP,Population,PS,Persons,M,Male,_T,Total,H,Historical,2016,,18591628,,A,Normal value,0,Units,0,Zero
DATAFLOW,OECD.ELS.SAE:DSD_POPULATION@DF_POP_HIST(1.0),Historical population data,I,POL,Poland,POP,Population,PS,Persons,M,Male,_T,Total,H,Historical,2017,,18588740,,A,Normal value,0,Units,0,Zero
DATAFLOW,OECD.ELS.SAE:DSD_POPULATION@DF_POP_HIST(1.0),Historical population data,I,POL,Poland,POP,Population,PS,Persons,M,Male,_T,Total,H,Historical,2018,,18583636,,A,Normal value,0,Units,0,Zero
DATAFLOW,OECD.ELS.SAE:DSD_POPULATION@DF_POP_HIST(1.0),Historical population data,I,POL,Poland,POP,Population,PS,Persons,M,Male,_T,Total,H,Historical,2019,,18569550,,A,Normal value,0,Units,0,Zero
DATAFLOW,OECD.ELS.SAE:DSD_POPULATION@DF_POP_HIST(1.0),Historical population data,I,POL,Poland,POP,Population,PS,Persons,M,Male,_T,Total,H,Historical,2022,,18281121,,A,Normal value,0,Units,0,Zero
DATAFLOW,OECD.ELS.SAE:DSD_POPULATION@DF_POP_HIST(1.0),Historical population data,I,POL,Poland,POP,Population,PS,Persons,M,Male,Y10T14,From 10 to 14 years,H,Historical,1960,,1547047,,A,Normal value,0,Units,0,Zero
DATAFLOW,OECD.ELS.SAE:DSD_POPULATION@DF_POP_HIST(1.0),Historical population data,I,POL,Poland,POP,Population,PS,Persons,M,Male,Y10T14,From 10 to 14 years,H,Historical,1961,,1595600,,A,Normal value,0,Units,0,Zero
DATAFLOW,OECD.ELS.SAE:DSD_POPULATION@DF_POP_HIST(1.0),Historical population data,I,POL,Poland,POP,Population,PS,Persons,M,Male,Y10T14,From 10 to 14 years,H,Historical,1962,,1664100,,A,Normal value,0,Units,0,Zero
DATAFLOW,OECD.ELS.SAE:DSD_POPULATION@DF_POP_HIST(1.0),Historical population data,I,POL,Poland,POP,Population,PS,Persons,M,Male,Y10T14,From 10 to 14 years,H,Historical,1963,,1702400,,A,Normal value,0,Units,0,Zero
DATAFLOW,OECD.ELS.SAE:DSD_POPULATION@DF_POP_HIST(1.0),Historical population data,I,POL,Poland,POP,Population,PS,Persons,M,Male,Y10T14,From 10 to 14 years,H,Historical,1964,,1747500,,A,Normal value,0,Units,0,Zero
DATAFLOW,OECD.ELS.SAE:DSD_POPULATION@DF_POP_HIST(1.0),Historical population data,I,POL,Poland,POP,Population,PS,Persons,M,Male,Y10T14,From 10 to 14 years,H,Historical,1965,,1777800,,A,Normal value,0,Units,0,Zero
DATAFLOW,OECD.ELS.SAE:DSD_POPULATION@DF_POP_HIST(1.0),Historical population data,I,POL,Poland,POP,Population,PS,Persons,M,Male,Y10T14,From 10 to 14 years,H,Historical,1966,,1793200,,A,Normal value,0,Units,0,Zero
DATAFLOW,OECD.ELS.SAE:DSD_POPULATION@DF_POP_HIST(1.0),Historical population data,I,POL,Poland,POP,Population,PS,Persons,M,Male,Y10T14,From 10 to 14 years,H,Historical,1967,,1804200,,A,Normal value,0,Units,0,Zero
DATAFLOW,OECD.ELS.SAE:DSD_POPULATION@DF_POP_HIST(1.0),Historical population data,I,POL,Poland,POP,Population,PS,Persons,M,Male,Y10T14,From 10 to 14 years,H,Historical,1968,,1805800,,A,Normal value,0,Units,0,Zero
DATAFLOW,OECD.ELS.SAE:DSD_POPULATION@DF_POP_HIST(1.0),Historical population data,I,POL,Poland,POP,Population,PS,Persons,M,Male,Y10T14,From 10 to 14 years,H,Historical,1969,,1796000,,A,Normal value,0,Units,0,Zero
DATAFLOW,OECD.ELS.SAE:DSD_POPULATION@DF_POP_HIST(1.0),Historical population data,I,POL,Poland,POP,Population,PS,Persons,M,Male,Y10T14,From 10 to 14 years,H,Historical,1970,,1730132,,A,Normal value,0,Units,0,Zero
DATAFLOW,OECD.ELS.SAE:DSD_POPULATION@DF_POP_HIST(1.0),Historical population data,I,POL,Poland,POP,Population,PS,Persons,M,Male,Y10T14,From 10 to 14 years,H,Historical,1971,,1689100,,A,Normal value,0,Units,0,Zero
DATAFLOW,OECD.ELS.SAE:DSD_POPULATION@DF_POP_HIST(1.0),Historical population data,I,POL,Poland,POP,Population,PS,Persons,M,Male,Y10T14,From 10 to 14 years,H,Historical,1972,,1625300,,A,Normal value,0,Units,0,Zero
DATAFLOW,OECD.ELS.SAE:DSD_POPULATION@DF_POP_HIST(1.0),Historical population data,I,POL,Poland,POP,Population,PS,Persons,M,Male,Y10T14,From 10 to 14 years,H,Historical,1973,,1548500,,A,Normal value,0,Units,0,Zero
DATAFLOW,OECD.ELS.SAE:DSD_POPULATION@DF_POP_HIST(1.0),Historical population data,I,POL,Poland,POP,Population,PS,Persons,M,Male,Y10T14,From 10 to 14 years,H,Historical,1974,,1478261,,A,Normal value,0,Units,0,Zero
DATAFLOW,OECD.ELS.SAE:DSD_POPULATION@DF_POP_HIST(1.0),Historical population data,I,POL,Poland,POP,Population,PS,Persons,M,Male,Y10T14,From 10 to 14 years,H,Historical,1975,,1419073,,A,Normal value,0,Units,0,Zero
DATAFLOW,OECD.ELS.SAE:DSD_POPULATION@DF_POP_HIST(1.0),Historical population data,I,POL,Poland,POP,Population,PS,Persons,M,Male,Y10T14,From 10 to 14 years,H,Historical,1976,,1373379,,A,Normal value,0,Units,0,Zero
DATAFLOW,OECD.ELS.SAE:DSD_POPULATION@DF_POP_HIST(1.0),Historical population data,I,POL,Poland,POP,Population,PS,Persons,M,Male,Y10T14,From 10 to 14 years,H,Historical,1977,,1338412,,A,Normal value,0,Units,0,Zero
DATAFLOW,OECD.ELS.SAE:DSD_POPULATION@DF_POP_HIST(1.0),Historical population data,I,POL,Poland,POP,Population,PS,Persons,M,Male,Y10T14,From 10 to 14 years,H,Historical,1978,,1312121,,A,Normal value,0,Units,0,Zero
DATAFLOW,OECD.ELS.SAE:DSD_POPULATION@DF_POP_HIST(1.0),Historical population data,I,POL,Poland,POP,Population,PS,Persons,M,Male,Y10T14,From 10 to 14 years,H,Historical,1979,,1294664,,A,Normal value,0,Units,0,Zero
DATAFLOW,OECD.ELS.SAE:DSD_POPULATION@DF_POP_HIST(1.0),Historical population data,I,POL,Poland,POP,Population,PS,Persons,M,Male,Y10T14,From 10 to 14 years,H,Historical,1980,,1289659,,A,Normal value,0,Units,0,Zero
DATAFLOW,OECD.ELS.SAE:DSD_POPULATION@DF_POP_HIST(1.0),Historical population data,I,POL,Poland,POP,Population,PS,Persons,M,Male,Y10T14,From 10 to 14 years,H,Historical,1981,,1299954,,A,Normal value,0,Units,0,Zero
DATAFLOW,OECD.ELS.SAE:DSD_POPULATION@DF_POP_HIST(1.0),Historical population data,I,POL,Poland,POP,Population,PS,Persons,M,Male,Y10T14,From 10 to 14 years,H,Historical,1982,,1325766,,A,Normal value,0,Units,0,Zero
DATAFLOW,OECD.ELS.SAE:DSD_POPULATION@DF_POP_HIST(1.0),Historical population data,I,POL,Poland,POP,Population,PS,Persons,M,Male,Y10T14,From 10 to 14 years,H,Historical,1983,,1362579,,A,Normal value,0,Units,0,Zero
DATAFLOW,OECD.ELS.SAE:DSD_POPULATION@DF_POP_HIST(1.0),Historical population data,I,POL,Poland,POP,Population,PS,Persons,M,Male,Y10T14,From 10 to 14 years,H,Historical,1984,,1406544,,A,Normal value,0,Units,0,Zero
DATAFLOW,OECD.ELS.SAE:DSD_POPULATION@DF_POP_HIST(1.0),Historical population data,I,POL,Poland,POP,Population,PS,Persons,M,Male,Y10T14,From 10 to 14 years,H,Historical,1985,,1458221,,A,Normal value,0,Units,0,Zero
DATAFLOW,OECD.ELS.SAE:DSD_POPULATION@DF_POP_HIST(1.0),Historical population data,I,POL,Poland,POP,Population,PS,Persons,M,Male,Y10T14,From 10 to 14 years,H,Historical,1986,,1511171,,A,Normal value,0,Units,0,Zero
DATAFLOW,OECD.ELS.SAE:DSD_POPULATION@DF_POP_HIST(1.0),Historical population data,I,POL,Poland,POP,Population,PS,Persons,M,Male,Y10T14,From 10 to 14 years,H,Historical,1987,,1551664,,A,Normal value,0,Units,0,Zero
DATAFLOW,OECD.ELS.SAE:DSD_POPULATION@DF_POP_HIST(1.0),Historical population data,I,POL,Poland,POP,Population,PS,Persons,M,Male,Y10T14,From 10 to 14 years,H,Historical,1988,,1579514,,A,Normal value,0,Units,0,Zero
DATAFLOW,OECD.ELS.SAE:DSD_POPULATION@DF_POP_HIST(1.0),Historical population data,I,POL,Poland,POP,Population,PS,Persons,M,Male,Y10T14,From 10 to 14 years,H,Historical,1989,,1627264,,A,Normal value,0,Units,0,Zero
DATAFLOW,OECD.ELS.SAE:DSD_POPULATION@DF_POP_HIST(1.0),Historical population data,I,POL,Poland,POP,Population,PS,Persons,M,Male,Y10T14,From 10 to 14 years,H,Historical,1990,,1601159,,A,Normal value,0,Units,0,Zero
DATAFLOW,OECD.ELS.SAE:DSD_POPULATION@DF_POP_HIST(1.0),Historical population data,I,POL,Poland,POP,Population,PS,Persons,M,Male,Y10T14,From 10 to 14 years,H,Historical,1991,,1592153,,A,Normal value,0,Units,0,Zero
DATAFLOW,OECD.ELS.SAE:DSD_POPULATION@DF_POP_HIST(1.0),Historical population data,I,POL,Poland,POP,Population,PS,Persons,M,Male,Y10T14,From 10 to 14 years,H,Historical,1992,,1582555,,A,Normal value,0,Units,0,Zero
DATAFLOW,OECD.ELS.SAE:DSD_POPULATION@DF_POP_HIST(1.0),Historical population data,I,POL,Poland,POP,Population,PS,Persons,M,Male,Y10T14,From 10 to 14 years,H,Historical,1993,,1571927,,A,Normal value,0,Units,0,Zero
DATAFLOW,OECD.ELS.SAE:DSD_POPULATION@DF_POP_HIST(1.0),Historical population data,I,POL,Poland,POP,Population,PS,Persons,M,Male,Y10T14,From 10 to 14 years,H,Historical,1994,,1559594,,A,Normal value,0,Units,0,Zero
DATAFLOW,OECD.ELS.SAE:DSD_POPULATION@DF_POP_HIST(1.0),Historical population data,I,POL,Poland,POP,Population,PS,Persons,M,Male,Y10T14,From 10 to 14 years,H,Historical,1995,,1547596,,A,Normal value,0,Units,0,Zero
DATAFLOW,OECD.ELS.SAE:DSD_POPULATION@DF_POP_HIST(1.0),Historical population data,I,POL,Poland,POP,Population,PS,Persons,M,Male,Y10T14,From 10 to 14 years,H,Historical,1996,,1534768,,A,Normal value,0,Units,0,Zero
DATAFLOW,OECD.ELS.SAE:DSD_POPULATION@DF_POP_HIST(1.0),Historical population data,I,POL,Poland,POP,Population,PS,Persons,M,Male,Y10T14,From 10 to 14 years,H,Historical,1997,,1520762,,A,Normal value,0,Units,0,Zero
DATAFLOW,OECD.ELS.SAE:DSD_POPULATION@DF_POP_HIST(1.0),Historical population data,I,POL,Poland,POP,Population,PS,Persons,M,Male,Y10T14,From 10 to 14 years,H,Historical,1998,,1509490,,A,Normal value,0,Units,0,Zero
DATAFLOW,OECD.ELS.SAE:DSD_POPULATION@DF_POP_HIST(1.0),Historical population data,I,POL,Poland,POP,Population,PS,Persons,M,Male,Y10T14,From 10 to 14 years,H,Historical,1999,,1516904,,A,Normal value,0,Units,0,Zero
DATAFLOW,OECD.ELS.SAE:DSD_POPULATION@DF_POP_HIST(1.0),Historical population data,I,POL,Poland,POP,Population,PS,Persons,M,Male,Y10T14,From 10 to 14 years,H,Historical,2000,,1502066,,A,Normal value,0,Units,0,Zero
DATAFLOW,OECD.ELS.SAE:DSD_POPULATION@DF_POP_HIST(1.0),Historical population data,I,POL,Poland,POP,Population,PS,Persons,M,Male,Y10T14,From 10 to 14 years,H,Historical,2001,,1454558,,A,Normal value,0,Units,0,Zero
DATAFLOW,OECD.ELS.SAE:DSD_POPULATION@DF_POP_HIST(1.0),Historical population data,I,POL,Poland,POP,Population,PS,Persons,M,Male,Y10T14,From 10 to 14 years,H,Historical,2002,,1412788,,A,Normal value,0,Units,0,Zero
DATAFLOW,OECD.ELS.SAE:DSD_POPULATION@DF_POP_HIST(1.0),Historical population data,I,POL,Poland,POP,Population,PS,Persons,M,Male,Y10T14,From 10 to 14 years,H,Historical,2003,,1368698,,A,Normal value,0,Units,0,Zero
DATAFLOW,OECD.ELS.SAE:DSD_POPULATION@DF_POP_HIST(1.0),Historical population data,I,POL,Poland,POP,Population,PS,Persons,M,Male,Y10T14,From 10 to 14 years,H,Historical,2004,,1321706,,A,Normal value,0,Units,0,Zero
DATAFLOW,OECD.ELS.SAE:DSD_POPULATION@DF_POP_HIST(1.0),Historical population data,I,POL,Poland,POP,Population,PS,Persons,M,Male,Y10T14,From 10 to 14 years,H,Historical,2005,,1268695,,A,Normal value,0,Units,0,Zero
DATAFLOW,OECD.ELS.SAE:DSD_POPULATION@DF_POP_HIST(1.0),Historical population data,I,POL,Poland,POP,Population,PS,Persons,M,Male,Y10T14,From 10 to 14 years,H,Historical,2006,,1211853,,A,Normal value,0,Units,0,Zero
DATAFLOW,OECD.ELS.SAE:DSD_POPULATION@DF_POP_HIST(1.0),Historical population data,I,POL,Poland,POP,Population,PS,Persons,M,Male,Y10T14,From 10 to 14 years,H,Historical,2007,,1158694,,A,Normal value,0,Units,0,Zero
DATAFLOW,OECD.ELS.SAE:DSD_POPULATION@DF_POP_HIST(1.0),Historical population data,I,POL,Poland,POP,Population,PS,Persons,M,Male,Y10T14,From 10 to 14 years,H,Historical,2008,,1110450,,A,Normal value,0,Units,0,Zero
DATAFLOW,OECD.ELS.SAE:DSD_POPULATION@DF_POP_HIST(1.0),Historical population data,I,POL,Poland,POP,Population,PS,Persons,M,Male,Y10T14,From 10 to 14 years,H,Historical,2009,,1066162,,A,Normal value,0,Units,0,Zero
DATAFLOW,OECD.ELS.SAE:DSD_POPULATION@DF_POP_HIST(1.0),Historical population data,I,POL,Poland,POP,Population,PS,Persons,M,Male,Y10T14,From 10 to 14 years,H,Historical,2010,,1033365,,A,Normal value,0,Units,0,Zero
DATAFLOW,OECD.ELS.SAE:DSD_POPULATION@DF_POP_HIST(1.0),Historical population data,I,POL,Poland,POP,Population,PS,Persons,M,Male,Y10T14,From 10 to 14 years,H,Historical,2011,,1003274,,A,Normal value,0,Units,0,Zero
DATAFLOW,OECD.ELS.SAE:DSD_POPULATION@DF_POP_HIST(1.0),Historical population data,I,POL,Poland,POP,Population,PS,Persons,M,Male,Y10T14,From 10 to 14 years,H,Historical,2012,,974509,,A,Normal value,0,Units,0,Zero
DATAFLOW,OECD.ELS.SAE:DSD_POPULATION@DF_POP_HIST(1.0),Historical population data,I,POL,Poland,POP,Population,PS,Persons,M,Male,Y10T14,From 10 to 14 years,H,Historical,2013,,949832,,A,Normal value,0,Units,0,Zero
DATAFLOW,OECD.ELS.SAE:DSD_POPULATION@DF_POP_HIST(1.0),Historical population data,I,POL,Poland,POP,Population,PS,Persons,M,Male,Y10T14,From 10 to 14 years,H,Historical,2014,,932897,,A,Normal value,0,Units,0,Zero
DATAFLOW,OECD.ELS.SAE:DSD_POPULATION@DF_POP_HIST(1.0),Historical population data,I,POL,Poland,POP,Population,PS,Persons,M,Male,Y10T14,From 10 to 14 years,H,Historical,2015,,924671,,A,Normal value,0,Units,0,Zero
DATAFLOW,OECD.ELS.SAE:DSD_POPULATION@DF_POP_HIST(1.0),Historical population data,I,POL,Poland,POP,Population,PS,Persons,M,Male,Y10T14,From 10 to 14 years,H,Historical,2016,,926110,,A,Normal value,0,Units,0,Zero
DATAFLOW,OECD.ELS.SAE:DSD_POPULATION@DF_POP_HIST(1.0),Historical population data,I,POL,Poland,POP,Population,PS,Persons,M,Male,Y10T14,From 10 to 14 years,H,Historical,2017,,942712,,A,Normal value,0,Units,0,Zero
DATAFLOW,OECD.ELS.SAE:DSD_POPULATION@DF_POP_HIST(1.0),Historical population data,I,POL,Poland,POP,Population,PS,Persons,M,Male,Y10T14,From 10 to 14 years,H,Historical,2018,,975663,,A,Normal value,0,Units,0,Zero
DATAFLOW,OECD.ELS.SAE:DSD_POPULATION@DF_POP_HIST(1.0),Historical population data,I,POL,Poland,POP,Population,PS,Persons,M,Male,Y10T14,From 10 to 14 years,H,Historical,2019,,1015380,,A,Normal value,0,Units,0,Zero
DATAFLOW,OECD.ELS.SAE:DSD_POPULATION@DF_POP_HIST(1.0),Historical population data,I,POL,Poland,POP,Population,PS,Persons,M,Male,Y10T14,From 10 to 14 years,H,Historical,2022,,1071442,,A,Normal value,0,Units,0,Zero
DATAFLOW,OECD.ELS.SAE:DSD_POPULATION@DF_POP_HIST(1.0),Historical population data,I,POL,Poland,POP,Population,PS,Persons,M,Male,Y15T19,From 15 to 19 years,H,Historical,1960,,968202,,A,Normal value,0,Units,0,Zero
DATAFLOW,OECD.ELS.SAE:DSD_POPULATION@DF_POP_HIST(1.0),Historical population data,I,POL,Poland,POP,Population,PS,Persons,M,Male,Y15T19,From 15 to 19 years,H,Historical,1961,,1007800,,A,Normal value,0,Units,0,Zero
DATAFLOW,OECD.ELS.SAE:DSD_POPULATION@DF_POP_HIST(1.0),Historical population data,I,POL,Poland,POP,Population,PS,Persons,M,Male,Y15T19,From 15 to 19 years,H,Historical,1962,,1093900,,A,Normal value,0,Units,0,Zero
DATAFLOW,OECD.ELS.SAE:DSD_POPULATION@DF_POP_HIST(1.0),Historical population data,I,POL,Poland,POP,Population,PS,Persons,M,Male,Y15T19,From 15 to 19 years,H,Historical,1963,,1210400,,A,Normal value,0,Units,0,Zero
DATAFLOW,OECD.ELS.SAE:DSD_POPULATION@DF_POP_HIST(1.0),Historical population data,I,POL,Poland,POP,Population,PS,Persons,M,Male,Y15T19,From 15 to 19 years,H,Historical,1964,,1341700,,A,Normal value,0,Units,0,Zero
DATAFLOW,OECD.ELS.SAE:DSD_POPULATION@DF_POP_HIST(1.0),Historical population data,I,POL,Poland,POP,Population,PS,Persons,M,Male,Y15T19,From 15 to 19 years,H,Historical,1965,,1470800,,A,Normal value,0,Units,0,Zero
DATAFLOW,OECD.ELS.SAE:DSD_POPULATION@DF_POP_HIST(1.0),Historical population data,I,POL,Poland,POP,Population,PS,Persons,M,Male,Y15T19,From 15 to 19 years,H,Historical,1966,,1576000,,A,Normal value,0,Units,0,Zero
DATAFLOW,OECD.ELS.SAE:DSD_POPULATION@DF_POP_HIST(1.0),Historical population data,I,POL,Poland,POP,Population,PS,Persons,M,Male,Y15T19,From 15 to 19 years,H,Historical,1967,,1642100,,A,Normal value,0,Units,0,Zero
DATAFLOW,OECD.ELS.SAE:DSD_POPULATION@DF_POP_HIST(1.0),Historical population data,I,POL,Poland,POP,Population,PS,Persons,M,Male,Y15T19,From 15 to 19 years,H,Historical,1968,,1683600,,A,Normal value,0,Units,0,Zero
DATAFLOW,OECD.ELS.SAE:DSD_POPULATION@DF_POP_HIST(1.0),Historical population data,I,POL,Poland,POP,Population,PS,Persons,M,Male,Y15T19,From 15 to 19 years,H,Historical,1969,,1721700,,A,Normal value,0,Units,0,Zero
DATAFLOW,OECD.ELS.SAE:DSD_POPULATION@DF_POP_HIST(1.0),Historical population data,I,POL,Poland,POP,Population,PS,Persons,M,Male,Y15T19,From 15 to 19 years,H,Historical,1970,,1771632,,A,Normal value,0,Units,0,Zero
DATAFLOW,OECD.ELS.SAE:DSD_POPULATION@DF_POP_HIST(1.0),Historical population data,I,POL,Poland,POP,Population,PS,Persons,M,Male,Y15T19,From 15 to 19 years,H,Historical,1971,,1769000,,A,Normal value,0,Units,0,Zero
DATAFLOW,OECD.ELS.SAE:DSD_POPULATION@DF_POP_HIST(1.0),Historical population data,I,POL,Poland,POP,Population,PS,Persons,M,Male,Y15T19,From 15 to 19 years,H,Historical,1972,,1789400,,A,Normal value,0,Units,0,Zero
DATAFLOW,OECD.ELS.SAE:DSD_POPULATION@DF_POP_HIST(1.0),Historical population data,I,POL,Poland,POP,Population,PS,Persons,M,Male,Y15T19,From 15 to 19 years,H,Historical,1973,,1792400,,A,Normal value,0,Units,0,Zero
DATAFLOW,OECD.ELS.SAE:DSD_POPULATION@DF_POP_HIST(1.0),Historical population data,I,POL,Poland,POP,Population,PS,Persons,M,Male,Y15T19,From 15 to 19 years,H,Historical,1974,,1782509,,A,Normal value,0,Units,0,Zero
DATAFLOW,OECD.ELS.SAE:DSD_POPULATION@DF_POP_HIST(1.0),Historical population data,I,POL,Poland,POP,Population,PS,Persons,M,Male,Y15T19,From 15 to 19 years,H,Historical,1975,,1746509,,A,Normal value,0,Units,0,Zero
DATAFLOW,OECD.ELS.SAE:DSD_POPULATION@DF_POP_HIST(1.0),Historical population data,I,POL,Poland,POP,Population,PS,Persons,M,Male,Y15T19,From 15 to 19 years,H,Historical,1976,,1688014,,A,Normal value,0,Units,0,Zero
DATAFLOW,OECD.ELS.SAE:DSD_POPULATION@DF_POP_HIST(1.0),Historical population data,I,POL,Poland,POP,Population,PS,Persons,M,Male,Y15T19,From 15 to 19 years,H,Historical,1977,,1615434,,A,Normal value,0,Units,0,Zero
DATAFLOW,OECD.ELS.SAE:DSD_POPULATION@DF_POP_HIST(1.0),Historical population data,I,POL,Poland,POP,Population,PS,Persons,M,Male,Y15T19,From 15 to 19 years,H,Historical,1978,,1537884,,A,Normal value,0,Units,0,Zero
DATAFLOW,OECD.ELS.SAE:DSD_POPULATION@DF_POP_HIST(1.0),Historical population data,I,POL,Poland,POP,Population,PS,Persons,M,Male,Y15T19,From 15 to 19 years,H,Historical,1979,,1484457,,A,Normal value,0,Units,0,Zero
DATAFLOW,OECD.ELS.SAE:DSD_POPULATION@DF_POP_HIST(1.0),Historical population data,I,POL,Poland,POP,Population,PS,Persons,M,Male,Y15T19,From 15 to 19 years,H,Historical,1980,,1424615,,A,Normal value,0,Units,0,Zero
DATAFLOW,OECD.ELS.SAE:DSD_POPULATION@DF_POP_HIST(1.0),Historical population data,I,POL,Poland,POP,Population,PS,Persons,M,Male,Y15T19,From 15 to 19 years,H,Historical,1981,,1376666,,A,Normal value,0,Units,0,Zero
DATAFLOW,OECD.ELS.SAE:DSD_POPULATION@DF_POP_HIST(1.0),Historical population data,I,POL,Poland,POP,Population,PS,Persons,M,Male,Y15T19,From 15 to 19 years,H,Historical,1982,,1337832,,A,Normal value,0,Units,0,Zero
DATAFLOW,OECD.ELS.SAE:DSD_POPULATION@DF_POP_HIST(1.0),Historical population data,I,POL,Poland,POP,Population,PS,Persons,M,Male,Y15T19,From 15 to 19 years,H,Historical,1983,,1306298,,A,Normal value,0,Units,0,Zero
DATAFLOW,OECD.ELS.SAE:DSD_POPULATION@DF_POP_HIST(1.0),Historical population data,I,POL,Poland,POP,Population,PS,Persons,M,Male,Y15T19,From 15 to 19 years,H,Historical,1984,,1286093,,A,Normal value,0,Units,0,Zero
DATAFLOW,OECD.ELS.SAE:DSD_POPULATION@DF_POP_HIST(1.0),Historical population data,I,POL,Poland,POP,Population,PS,Persons,M,Male,Y15T19,From 15 to 19 years,H,Historical,1985,,1282065,,A,Normal value,0,Units,0,Zero
DATAFLOW,OECD.ELS.SAE:DSD_POPULATION@DF_POP_HIST(1.0),Historical population data,I,POL,Poland,POP,Population,PS,Persons,M,Male,Y15T19,From 15 to 19 years,H,Historical,1986,,1292516,,A,Normal value,0,Units,0,Zero
DATAFLOW,OECD.ELS.SAE:DSD_POPULATION@DF_POP_HIST(1.0),Historical population data,I,POL,Poland,POP,Population,PS,Persons,M,Male,Y15T19,From 15 to 19 years,H,Historical,1987,,1318598,,A,Normal value,0,Units,0,Zero
DATAFLOW,OECD.ELS.SAE:DSD_POPULATION@DF_POP_HIST(1.0),Historical population data,I,POL,Poland,POP,Population,PS,Persons,M,Male,Y15T19,From 15 to 19 years,H,Historical,1988,,1355205,,A,Normal value,0,Units,0,Zero
DATAFLOW,OECD.ELS.SAE:DSD_POPULATION@DF_POP_HIST(1.0),Historical population data,I,POL,Poland,POP,Population,PS,Persons,M,Male,Y15T19,From 15 to 19 years,H,Historical,1989,,1406876,,A,Normal value,0,Units,0,Zero
DATAFLOW,OECD.ELS.SAE:DSD_POPULATION@DF_POP_HIST(1.0),Historical population data,I,POL,Poland,POP,Population,PS,Persons,M,Male,Y15T19,From 15 to 19 years,H,Historical,1990,,1425528,,A,Normal value,0,Units,0,Zero
DATAFLOW,OECD.ELS.SAE:DSD_POPULATION@DF_POP_HIST(1.0),Historical population data,I,POL,Poland,POP,Population,PS,Persons,M,Male,Y15T19,From 15 to 19 years,H,Historical,1991,,1454778,,A,Normal value,0,Units,0,Zero
DATAFLOW,OECD.ELS.SAE:DSD_POPULATION@DF_POP_HIST(1.0),Historical population data,I,POL,Poland,POP,Population,PS,Persons,M,Male,Y15T19,From 15 to 19 years,H,Historical,1992,,1484161,,A,Normal value,0,Units,0,Zero
DATAFLOW,OECD.ELS.SAE:DSD_POPULATION@DF_POP_HIST(1.0),Historical population data,I,POL,Poland,POP,Population,PS,Persons,M,Male,Y15T19,From 15 to 19 years,H,Historical,1993,,1513264,,A,Normal value,0,Units,0,Zero
DATAFLOW,OECD.ELS.SAE:DSD_POPULATION@DF_POP_HIST(1.0),Historical population data,I,POL,Poland,POP,Population,PS,Persons,M,Male,Y15T19,From 15 to 19 years,H,Historical,1994,,1541107,,A,Normal value,0,Units,0,Zero
DATAFLOW,OECD.ELS.SAE:DSD_POPULATION@DF_POP_HIST(1.0),Historical population data,I,POL,Poland,POP,Population,PS,Persons,M,Male,Y15T19,From 15 to 19 years,H,Historical,1995,,1567219,,A,Normal value,0,Units,0,Zero
DATAFLOW,OECD.ELS.SAE:DSD_POPULATION@DF_POP_HIST(1.0),Historical population data,I,POL,Poland,POP,Population,PS,Persons,M,Male,Y15T19,From 15 to 19 years,H,Historical,1996,,1592942,,A,Normal value,0,Units,0,Zero
DATAFLOW,OECD.ELS.SAE:DSD_POPULATION@DF_POP_HIST(1.0),Historical population data,I,POL,Poland,POP,Population,PS,Persons,M,Male,Y15T19,From 15 to 19 years,H,Historical,1997,,1618114,,A,Normal value,0,Units,0,Zero
DATAFLOW,OECD.ELS.SAE:DSD_POPULATION@DF_POP_HIST(1.0),Historical population data,I,POL,Poland,POP,Population,PS,Persons,M,Male,Y15T19,From 15 to 19 years,H,Historical,1998,,1641659,,A,Normal value,0,Units,0,Zero
DATAFLOW,OECD.ELS.SAE:DSD_POPULATION@DF_POP_HIST(1.0),Historical population data,I,POL,Poland,POP,Population,PS,Persons,M,Male,Y15T19,From 15 to 19 years,H,Historical,1999,,1674556,,A,Normal value,0,Units,0,Zero
DATAFLOW,OECD.ELS.SAE:DSD_POPULATION@DF_POP_HIST(1.0),Historical population data,I,POL,Poland,POP,Population,PS,Persons,M,Male,Y15T19,From 15 to 19 years,H,Historical,2000,,1701293,,A,Normal value,0,Units,0,Zero
DATAFLOW,OECD.ELS.SAE:DSD_POPULATION@DF_POP_HIST(1.0),Historical population data,I,POL,Poland,POP,Population,PS,Persons,M,Male,Y15T19,From 15 to 19 years,H,Historical,2001,,1700592,,A,Normal value,0,Units,0,Zero
DATAFLOW,OECD.ELS.SAE:DSD_POPULATION@DF_POP_HIST(1.0),Historical population data,I,POL,Poland,POP,Population,PS,Persons,M,Male,Y15T19,From 15 to 19 years,H,Historical,2002,,1672879,,A,Normal value,0,Units,0,Zero
DATAFLOW,OECD.ELS.SAE:DSD_POPULATION@DF_POP_HIST(1.0),Historical population data,I,POL,Poland,POP,Population,PS,Persons,M,Male,Y15T19,From 15 to 19 years,H,Historical,2003,,1619144,,A,Normal value,0,Units,0,Zero
DATAFLOW,OECD.ELS.SAE:DSD_POPULATION@DF_POP_HIST(1.0),Historical population data,I,POL,Poland,POP,Population,PS,Persons,M,Male,Y15T19,From 15 to 19 years,H,Historical,2004,,1555810,,A,Normal value,0,Units,0,Zero
DATAFLOW,OECD.ELS.SAE:DSD_POPULATION@DF_POP_HIST(1.0),Historical population data,I,POL,Poland,POP,Population,PS,Persons,M,Male,Y15T19,From 15 to 19 years,H,Historical,2005,,1495673,,A,Normal value,0,Units,0,Zero
DATAFLOW,OECD.ELS.SAE:DSD_POPULATION@DF_POP_HIST(1.0),Historical population data,I,POL,Poland,POP,Population,PS,Persons,M,Male,Y15T19,From 15 to 19 years,H,Historical,2006,,1446766,,A,Normal value,0,Units,0,Zero
DATAFLOW,OECD.ELS.SAE:DSD_POPULATION@DF_POP_HIST(1.0),Historical population data,I,POL,Poland,POP,Population,PS,Persons,M,Male,Y15T19,From 15 to 19 years,H,Historical,2007,,1405049,,A,Normal value,0,Units,0,Zero
DATAFLOW,OECD.ELS.SAE:DSD_POPULATION@DF_POP_HIST(1.0),Historical population data,I,POL,Poland,POP,Population,PS,Persons,M,Male,Y15T19,From 15 to 19 years,H,Historical,2008,,1361667,,A,Normal value,0,Units,0,Zero
DATAFLOW,OECD.ELS.SAE:DSD_POPULATION@DF_POP_HIST(1.0),Historical population data,I,POL,Poland,POP,Population,PS,Persons,M,Male,Y15T19,From 15 to 19 years,H,Historical,2009,,1315787,,A,Normal value,0,Units,0,Zero
DATAFLOW,OECD.ELS.SAE:DSD_POPULATION@DF_POP_HIST(1.0),Historical population data,I,POL,Poland,POP,Population,PS,Persons,M,Male,Y15T19,From 15 to 19 years,H,Historical,2010,,1266739,,A,Normal value,0,Units,0,Zero
DATAFLOW,OECD.ELS.SAE:DSD_POPULATION@DF_POP_HIST(1.0),Historical population data,I,POL,Poland,POP,Population,PS,Persons,M,Male,Y15T19,From 15 to 19 years,H,Historical,2011,,1210568,,A,Normal value,0,Units,0,Zero
DATAFLOW,OECD.ELS.SAE:DSD_POPULATION@DF_POP_HIST(1.0),Historical population data,I,POL,Poland,POP,Population,PS,Persons,M,Male,Y15T19,From 15 to 19 years,H,Historical,2012,,1158367,,A,Normal value,0,Units,0,Zero
DATAFLOW,OECD.ELS.SAE:DSD_POPULATION@DF_POP_HIST(1.0),Historical population data,I,POL,Poland,POP,Population,PS,Persons,M,Male,Y15T19,From 15 to 19 years,H,Historical,2013,,1110293,,A,Normal value,0,Units,0,Zero
DATAFLOW,OECD.ELS.SAE:DSD_POPULATION@DF_POP_HIST(1.0),Historical population data,I,POL,Poland,POP,Population,PS,Persons,M,Male,Y15T19,From 15 to 19 years,H,Historical,2014,,1065249,,A,Normal value,0,Units,0,Zero
DATAFLOW,OECD.ELS.SAE:DSD_POPULATION@DF_POP_HIST(1.0),Historical population data,I,POL,Poland,POP,Population,PS,Persons,M,Male,Y15T19,From 15 to 19 years,H,Historical,2015,,1028884,,A,Normal value,0,Units,0,Zero
DATAFLOW,OECD.ELS.SAE:DSD_POPULATION@DF_POP_HIST(1.0),Historical population data,I,POL,Poland,POP,Population,PS,Persons,M,Male,Y15T19,From 15 to 19 years,H,Historical,2016,,998650,,A,Normal value,0,Units,0,Zero
DATAFLOW,OECD.ELS.SAE:DSD_POPULATION@DF_POP_HIST(1.0),Historical population data,I,POL,Poland,POP,Population,PS,Persons,M,Male,Y15T19,From 15 to 19 years,H,Historical,2017,,970043,,A,Normal value,0,Units,0,Zero
DATAFLOW,OECD.ELS.SAE:DSD_POPULATION@DF_POP_HIST(1.0),Historical population data,I,POL,Poland,POP,Population,PS,Persons,M,Male,Y15T19,From 15 to 19 years,H,Historical,2018,,945697,,A,Normal value,0,Units,0,Zero
DATAFLOW,OECD.ELS.SAE:DSD_POPULATION@DF_POP_HIST(1.0),Historical population data,I,POL,Poland,POP,Population,PS,Persons,M,Male,Y15T19,From 15 to 19 years,H,Historical,2019,,929445,,A,Normal value,0,Units,0,Zero
DATAFLOW,OECD.ELS.SAE:DSD_POPULATION@DF_POP_HIST(1.0),Historical population data,I,POL,Poland,POP,Population,PS,Persons,M,Male,Y15T19,From 15 to 19 years,H,Historical,2022,,923951,,A,Normal value,0,Units,0,Zero
DATAFLOW,OECD.ELS.SAE:DSD_POPULATION@DF_POP_HIST(1.0),Historical population data,I,POL,Poland,POP,Population,PS,Persons,M,Male,Y_GE50,50 years or over,H,Historical,1960,,2574448,,A,Normal value,0,Units,0,Zero
DATAFLOW,OECD.ELS.SAE:DSD_POPULATION@DF_POP_HIST(1.0),Historical population data,I,POL,Poland,POP,Population,PS,Persons,M,Male,Y_GE50,50 years or over,H,Historical,1961,,2603099,,A,Normal value,0,Units,0,Zero
DATAFLOW,OECD.ELS.SAE:DSD_POPULATION@DF_POP_HIST(1.0),Historical population data,I,POL,Poland,POP,Population,PS,Persons,M,Male,Y_GE50,50 years or over,H,Historical,1962,,2678700,,A,Normal value,0,Units,0,Zero
DATAFLOW,OECD.ELS.SAE:DSD_POPULATION@DF_POP_HIST(1.0),Historical population data,I,POL,Poland,POP,Population,PS,Persons,M,Male,Y_GE50,50 years or over,H,Historical,1963,,2773301,,A,Normal value,0,Units,0,Zero
DATAFLOW,OECD.ELS.SAE:DSD_POPULATION@DF_POP_HIST(1.0),Historical population data,I,POL,Poland,POP,Population,PS,Persons,M,Male,Y_GE50,50 years or over,H,Historical,1964,,2847301,,A,Normal value,0,Units,0,Zero
DATAFLOW,OECD.ELS.SAE:DSD_POPULATION@DF_POP_HIST(1.0),Historical population data,I,POL,Poland,POP,Population,PS,Persons,M,Male,Y_GE50,50 years or over,H,Historical,1965,,2925700,,A,Normal value,0,Units,0,Zero
DATAFLOW,OECD.ELS.SAE:DSD_POPULATION@DF_POP_HIST(1.0),Historical population data,I,POL,Poland,POP,Population,PS,Persons,M,Male,Y_GE50,50 years or over,H,Historical,1966,,2942200,,A,Normal value,0,Units,0,Zero
DATAFLOW,OECD.ELS.SAE:DSD_POPULATION@DF_POP_HIST(1.0),Historical population data,I,POL,Poland,POP,Population,PS,Persons,M,Male,Y_GE50,50 years or over,H,Historical,1967,,2948400,,A,Normal value,0,Units,0,Zero
DATAFLOW,OECD.ELS.SAE:DSD_POPULATION@DF_POP_HIST(1.0),Historical population data,I,POL,Poland,POP,Population,PS,Persons,M,Male,Y_GE50,50 years or over,H,Historical,1968,,2929600,,A,Normal value,0,Units,0,Zero
DATAFLOW,OECD.ELS.SAE:DSD_POPULATION@DF_POP_HIST(1.0),Historical population data,I,POL,Poland,POP,Population,PS,Persons,M,Male,Y_GE50,50 years or over,H,Historical,1969,,2958600,,A,Normal value,0,Units,0,Zero
DATAFLOW,OECD.ELS.SAE:DSD_POPULATION@DF_POP_HIST(1.0),Historical population data,I,POL,Poland,POP,Population,PS,Persons,M,Male,Y_GE50,50 years or over,H,Historical,1970,,2999859,,A,Normal value,0,Units,0,Zero
DATAFLOW,OECD.ELS.SAE:DSD_POPULATION@DF_POP_HIST(1.0),Historical population data,I,POL,Poland,POP,Population,PS,Persons,M,Male,Y_GE50,50 years or over,H,Historical,1971,,3042700,,A,Normal value,0,Units,0,Zero
DATAFLOW,OECD.ELS.SAE:DSD_POPULATION@DF_POP_HIST(1.0),Historical population data,I,POL,Poland,POP,Population,PS,Persons,M,Male,Y_GE50,50 years or over,H,Historical,1972,,3073300,,A,Normal value,0,Units,0,Zero
DATAFLOW,OECD.ELS.SAE:DSD_POPULATION@DF_POP_HIST(1.0),Historical population data,I,POL,Poland,POP,Population,PS,Persons,M,Male,Y_GE50,50 years or over,H,Historical,1973,,3143700,,A,Normal value,0,Units,0,Zero
DATAFLOW,OECD.ELS.SAE:DSD_POPULATION@DF_POP_HIST(1.0),Historical population data,I,POL,Poland,POP,Population,PS,Persons,M,Male,Y_GE50,50 years or over,H,Historical,1974,,3218159,,A,Normal value,0,Units,0,Zero
DATAFLOW,OECD.ELS.SAE:DSD_POPULATION@DF_POP_HIST(1.0),Historical population data,I,POL,Poland,POP,Population,PS,Persons,M,Male,Y_GE50,50 years or over,H,Historical,1975,,3290750,,A,Normal value,0,Units,0,Zero
DATAFLOW,OECD.ELS.SAE:DSD_POPULATION@DF_POP_HIST(1.0),Historical population data,I,POL,Poland,POP,Population,PS,Persons,M,Male,Y_GE50,50 years or over,H,Historical,1976,,3362832,,A,Normal value,0,Units,0,Zero
DATAFLOW,OECD.ELS.SAE:DSD_POPULATION@DF_POP_HIST(1.0),Historical population data,I,POL,Poland,POP,Population,PS,Persons,M,Male,Y_GE50,50 years or over,H,Historical,1977,,3428462,,A,Normal value,0,Units,0,Zero
DATAFLOW,OECD.ELS.SAE:DSD_POPULATION@DF_POP_HIST(1.0),Historical population data,I,POL,Poland,POP,Population,PS,Persons,M,Male,Y_GE50,50 years or over,H,Historical,1978,,3497047,,A,Normal value,0,Units,0,Zero
DATAFLOW,OECD.ELS.SAE:DSD_POPULATION@DF_POP_HIST(1.0),Historical population data,I,POL,Poland,POP,Population,PS,Persons,M,Male,Y_GE50,50 years or over,H,Historical,1979,,3581734,,A,Normal value,0,Units,0,Zero
DATAFLOW,OECD.ELS.SAE:DSD_POPULATION@DF_POP_HIST(1.0),Historical population data,I,POL,Poland,POP,Population,PS,Persons,M,Male,Y_GE50,50 years or over,H,Historical,1980,,3657466,,A,Normal value,0,Units,0,Zero
DATAFLOW,OECD.ELS.SAE:DSD_POPULATION@DF_POP_HIST(1.0),Historical population data,I,POL,Poland,POP,Population,PS,Persons,M,Male,Y_GE50,50 years or over,H,Historical,1981,,3734959,,A,Normal value,0,Units,0,Zero
DATAFLOW,OECD.ELS.SAE:DSD_POPULATION@DF_POP_HIST(1.0),Historical population data,I,POL,Poland,POP,Population,PS,Persons,M,Male,Y_GE50,50 years or over,H,Historical,1982,,3805300,,A,Normal value,0,Units,0,Zero
DATAFLOW,OECD.ELS.SAE:DSD_POPULATION@DF_POP_HIST(1.0),Historical population data,I,POL,Poland,POP,Population,PS,Persons,M,Male,Y_GE50,50 years or over,H,Historical,1983,,3866632,,A,Normal value,0,Units,0,Zero
DATAFLOW,OECD.ELS.SAE:DSD_POPULATION@DF_POP_HIST(1.0),Historical population data,I,POL,Poland,POP,Population,PS,Persons,M,Male,Y_GE50,50 years or over,H,Historical,1984,,3917876,,A,Normal value,0,Units,0,Zero
DATAFLOW,OECD.ELS.SAE:DSD_POPULATION@DF_POP_HIST(1.0),Historical population data,I,POL,Poland,POP,Population,PS,Persons,M,Male,Y_GE50,50 years or over,H,Historical,1985,,3956294,,A,Normal value,0,Units,0,Zero
DATAFLOW,OECD.ELS.SAE:DSD_POPULATION@DF_POP_HIST(1.0),Historical population data,I,POL,Poland,POP,Population,PS,Persons,M,Male,Y_GE50,50 years or over,H,Historical,1986,,3994452,,A,Normal value,0,Units,0,Zero
DATAFLOW,OECD.ELS.SAE:DSD_POPULATION@DF_POP_HIST(1.0),Historical population data,I,POL,Poland,POP,Population,PS,Persons,M,Male,Y_GE50,50 years or over,H,Historical,1987,,4029580,,A,Normal value,0,Units,0,Zero
DATAFLOW,OECD.ELS.SAE:DSD_POPULATION@DF_POP_HIST(1.0),Historical population data,I,POL,Poland,POP,Population,PS,Persons,M,Male,Y_GE50,50 years or over,H,Historical,1988,,4061323,,A,Normal value,0,Units,0,Zero
DATAFLOW,OECD.ELS.SAE:DSD_POPULATION@DF_POP_HIST(1.0),Historical population data,I,POL,Poland,POP,Population,PS,Persons,M,Male,Y_GE50,50 years or over,H,Historical,1989,,4103371,,A,Normal value,0,Units,0,Zero
DATAFLOW,OECD.ELS.SAE:DSD_POPULATION@DF_POP_HIST(1.0),Historical population data,I,POL,Poland,POP,Population,PS,Persons,M,Male,Y_GE50,50 years or over,H,Historical,1990,,4162220,,A,Normal value,0,Units,0,Zero
DATAFLOW,OECD.ELS.SAE:DSD_POPULATION@DF_POP_HIST(1.0),Historical population data,I,POL,Poland,POP,Population,PS,Persons,M,Male,Y_GE50,50 years or over,H,Historical,1991,,4204024,,A,Normal value,0,Units,0,Zero
DATAFLOW,OECD.ELS.SAE:DSD_POPULATION@DF_POP_HIST(1.0),Historical population data,I,POL,Poland,POP,Population,PS,Persons,M,Male,Y_GE50,50 years or over,H,Historical,1992,,4247468,,A,Normal value,0,Units,0,Zero
DATAFLOW,OECD.ELS.SAE:DSD_POPULATION@DF_POP_HIST(1.0),Historical population data,I,POL,Poland,POP,Population,PS,Persons,M,Male,Y_GE50,50 years or over,H,Historical,1993,,4293882,,A,Normal value,0,Units,0,Zero
DATAFLOW,OECD.ELS.SAE:DSD_POPULATION@DF_POP_HIST(1.0),Historical population data,I,POL,Poland,POP,Population,PS,Persons,M,Male,Y_GE50,50 years or over,H,Historical,1994,,4333747,,A,Normal value,0,Units,0,Zero
DATAFLOW,OECD.ELS.SAE:DSD_POPULATION@DF_POP_HIST(1.0),Historical population data,I,POL,Poland,POP,Population,PS,Persons,M,Male,Y_GE50,50 years or over,H,Historical,1995,,4369920,,A,Normal value,0,Units,0,Zero
DATAFLOW,OECD.ELS.SAE:DSD_POPULATION@DF_POP_HIST(1.0),Historical population data,I,POL,Poland,POP,Population,PS,Persons,M,Male,Y_GE50,50 years or over,H,Historical,1996,,4403361,,A,Normal value,0,Units,0,Zero
DATAFLOW,OECD.ELS.SAE:DSD_POPULATION@DF_POP_HIST(1.0),Historical population data,I,POL,Poland,POP,Population,PS,Persons,M,Male,Y_GE50,50 years or over,H,Historical,1997,,4434997,,A,Normal value,0,Units,0,Zero
DATAFLOW,OECD.ELS.SAE:DSD_POPULATION@DF_POP_HIST(1.0),Historical population data,I,POL,Poland,POP,Population,PS,Persons,M,Male,Y_GE50,50 years or over,H,Historical,1998,,4468777,,A,Normal value,0,Units,0,Zero
DATAFLOW,OECD.ELS.SAE:DSD_POPULATION@DF_POP_HIST(1.0),Historical population data,I,POL,Poland,POP,Population,PS,Persons,M,Male,Y_GE50,50 years or over,H,Historical,1999,,4462336,,A,Normal value,0,Units,0,Zero
DATAFLOW,OECD.ELS.SAE:DSD_POPULATION@DF_POP_HIST(1.0),Historical population data,I,POL,Poland,POP,Population,PS,Persons,M,Male,Y_GE50,50 years or over,H,Historical,2000,,4494287,,A,Normal value,0,Units,0,Zero
DATAFLOW,OECD.ELS.SAE:DSD_POPULATION@DF_POP_HIST(1.0),Historical population data,I,POL,Poland,POP,Population,PS,Persons,M,Male,Y_GE50,50 years or over,H,Historical,2001,,4614194,,A,Normal value,0,Units,0,Zero
DATAFLOW,OECD.ELS.SAE:DSD_POPULATION@DF_POP_HIST(1.0),Historical population data,I,POL,Poland,POP,Population,PS,Persons,M,Male,Y_GE50,50 years or over,H,Historical,2002,,4759529,,A,Normal value,0,Units,0,Zero
DATAFLOW,OECD.ELS.SAE:DSD_POPULATION@DF_POP_HIST(1.0),Historical population data,I,POL,Poland,POP,Population,PS,Persons,M,Male,Y_GE50,50 years or over,H,Historical,2003,,4873318,,A,Normal value,0,Units,0,Zero
DATAFLOW,OECD.ELS.SAE:DSD_POPULATION@DF_POP_HIST(1.0),Historical population data,I,POL,Poland,POP,Population,PS,Persons,M,Male,Y_GE50,50 years or over,H,Historical,2004,,5006541,,A,Normal value,0,Units,0,Zero
DATAFLOW,OECD.ELS.SAE:DSD_POPULATION@DF_POP_HIST(1.0),Historical population data,I,POL,Poland,POP,Population,PS,Persons,M,Male,Y_GE50,50 years or over,H,Historical,2005,,5140744,,A,Normal value,0,Units,0,Zero
DATAFLOW,OECD.ELS.SAE:DSD_POPULATION@DF_POP_HIST(1.0),Historical population data,I,POL,Poland,POP,Population,PS,Persons,M,Male,Y_GE50,50 years or over,H,Historical,2006,,5277309,,A,Normal value,0,Units,0,Zero
DATAFLOW,OECD.ELS.SAE:DSD_POPULATION@DF_POP_HIST(1.0),Historical population data,I,POL,Poland,POP,Population,PS,Persons,M,Male,Y_GE50,50 years or over,H,Historical,2007,,5409056,,A,Normal value,0,Units,0,Zero
DATAFLOW,OECD.ELS.SAE:DSD_POPULATION@DF_POP_HIST(1.0),Historical population data,I,POL,Poland,POP,Population,PS,Persons,M,Male,Y_GE50,50 years or over,H,Historical,2008,,5532628,,A,Normal value,0,Units,0,Zero
DATAFLOW,OECD.ELS.SAE:DSD_POPULATION@DF_POP_HIST(1.0),Historical population data,I,POL,Poland,POP,Population,PS,Persons,M,Male,Y_GE50,50 years or over,H,Historical,2009,,5644782,,A,Normal value,0,Units,0,Zero
DATAFLOW,OECD.ELS.SAE:DSD_POPULATION@DF_POP_HIST(1.0),Historical population data,I,POL,Poland,POP,Population,PS,Persons,M,Male,Y_GE50,50 years or over,H,Historical,2010,,5833053,,A,Normal value,0,Units,0,Zero
DATAFLOW,OECD.ELS.SAE:DSD_POPULATION@DF_POP_HIST(1.0),Historical population data,I,POL,Poland,POP,Population,PS,Persons,M,Male,Y_GE50,50 years or over,H,Historical,2011,,5918622,,A,Normal value,0,Units,0,Zero
DATAFLOW,OECD.ELS.SAE:DSD_POPULATION@DF_POP_HIST(1.0),Historical population data,I,POL,Poland,POP,Population,PS,Persons,M,Male,Y_GE50,50 years or over,H,Historical,2012,,5994097,,A,Normal value,0,Units,0,Zero
DATAFLOW,OECD.ELS.SAE:DSD_POPULATION@DF_POP_HIST(1.0),Historical population data,I,POL,Poland,POP,Population,PS,Persons,M,Male,Y_GE50,50 years or over,H,Historical,2013,,6055359,,A,Normal value,0,Units,0,Zero
DATAFLOW,OECD.ELS.SAE:DSD_POPULATION@DF_POP_HIST(1.0),Historical population data,I,POL,Poland,POP,Population,PS,Persons,M,Male,Y_GE50,50 years or over,H,Historical,2014,,6119703,,A,Normal value,0,Units,0,Zero
DATAFLOW,OECD.ELS.SAE:DSD_POPULATION@DF_POP_HIST(1.0),Historical population data,I,POL,Poland,POP,Population,PS,Persons,M,Male,Y_GE50,50 years or over,H,Historical,2015,,6171452,,A,Normal value,0,Units,0,Zero
DATAFLOW,OECD.ELS.SAE:DSD_POPULATION@DF_POP_HIST(1.0),Historical population data,I,POL,Poland,POP,Population,PS,Persons,M,Male,Y_GE50,50 years or over,H,Historical,2016,,6218433,,A,Normal value,0,Units,0,Zero
DATAFLOW,OECD.ELS.SAE:DSD_POPULATION@DF_POP_HIST(1.0),Historical population data,I,POL,Poland,POP,Population,PS,Persons,M,Male,Y_GE50,50 years or over,H,Historical,2017,,6258518,,A,Normal value,0,Units,0,Zero
DATAFLOW,OECD.ELS.SAE:DSD_POPULATION@DF_POP_HIST(1.0),Historical population data,I,POL,Poland,POP,Population,PS,Persons,M,Male,Y_GE50,50 years or over,H,Historical,2018,,6295550,,A,Normal value,0,Units,0,Zero
DATAFLOW,OECD.ELS.SAE:DSD_POPULATION@DF_POP_HIST(1.0),Historical population data,I,POL,Poland,POP,Population,PS,Persons,M,Male,Y_GE50,50 years or over,H,Historical,2019,,6334939,,A,Normal value,0,Units,0,Zero
DATAFLOW,OECD.ELS.SAE:DSD_POPULATION@DF_POP_HIST(1.0),Historical population data,I,POL,Poland,POP,Population,PS,Persons,M,Male,Y_GE50,50 years or over,H,Historical,2022,,6325159,,A,Normal value,0,Units,0,Zero
DATAFLOW,OECD.ELS.SAE:DSD_POPULATION@DF_POP_HIST(1.0),Historical population data,I,POL,Poland,POP,Population,PS,Persons,M,Male,Y_GE65,65 years or over,H,Historical,1960,,663281,,A,Normal value,0,Units,0,Zero
DATAFLOW,OECD.ELS.SAE:DSD_POPULATION@DF_POP_HIST(1.0),Historical population data,I,POL,Poland,POP,Population,PS,Persons,M,Male,Y_GE65,65 years or over,H,Historical,1961,,675999,,A,Normal value,0,Units,0,Zero
DATAFLOW,OECD.ELS.SAE:DSD_POPULATION@DF_POP_HIST(1.0),Historical population data,I,POL,Poland,POP,Population,PS,Persons,M,Male,Y_GE65,65 years or over,H,Historical,1962,,707700,,A,Normal value,0,Units,0,Zero
DATAFLOW,OECD.ELS.SAE:DSD_POPULATION@DF_POP_HIST(1.0),Historical population data,I,POL,Poland,POP,Population,PS,Persons,M,Male,Y_GE65,65 years or over,H,Historical,1963,,740901,,A,Normal value,0,Units,0,Zero
DATAFLOW,OECD.ELS.SAE:DSD_POPULATION@DF_POP_HIST(1.0),Historical population data,I,POL,Poland,POP,Population,PS,Persons,M,Male,Y_GE65,65 years or over,H,Historical,1964,,775701,,A,Normal value,0,Units,0,Zero
DATAFLOW,OECD.ELS.SAE:DSD_POPULATION@DF_POP_HIST(1.0),Historical population data,I,POL,Poland,POP,Population,PS,Persons,M,Male,Y_GE65,65 years or over,H,Historical,1965,,827200,,A,Normal value,0,Units,0,Zero
DATAFLOW,OECD.ELS.SAE:DSD_POPULATION@DF_POP_HIST(1.0),Historical population data,I,POL,Poland,POP,Population,PS,Persons,M,Male,Y_GE65,65 years or over,H,Historical,1966,,871300,,A,Normal value,0,Units,0,Zero
DATAFLOW,OECD.ELS.SAE:DSD_POPULATION@DF_POP_HIST(1.0),Historical population data,I,POL,Poland,POP,Population,PS,Persons,M,Male,Y_GE65,65 years or over,H,Historical,1967,,915000,,A,Normal value,0,Units,0,Zero
DATAFLOW,OECD.ELS.SAE:DSD_POPULATION@DF_POP_HIST(1.0),Historical population data,I,POL,Poland,POP,Population,PS,Persons,M,Male,Y_GE65,65 years or over,H,Historical,1968,,965100,,A,Normal value,0,Units,0,Zero
DATAFLOW,OECD.ELS.SAE:DSD_POPULATION@DF_POP_HIST(1.0),Historical population data,I,POL,Poland,POP,Population,PS,Persons,M,Male,Y_GE65,65 years or over,H,Historical,1969,,1014600,,A,Normal value,0,Units,0,Zero
DATAFLOW,OECD.ELS.SAE:DSD_POPULATION@DF_POP_HIST(1.0),Historical population data,I,POL,Poland,POP,Population,PS,Persons,M,Male,Y_GE65,65 years or over,H,Historical,1970,,1062117,,A,Normal value,0,Units,0,Zero
DATAFLOW,OECD.ELS.SAE:DSD_POPULATION@DF_POP_HIST(1.0),Historical population data,I,POL,Poland,POP,Population,PS,Persons,M,Male,Y_GE65,65 years or over,H,Historical,1971,,1099900,,A,Normal value,0,Units,0,Zero
DATAFLOW,OECD.ELS.SAE:DSD_POPULATION@DF_POP_HIST(1.0),Historical population data,I,POL,Poland,POP,Population,PS,Persons,M,Male,Y_GE65,65 years or over,H,Historical,1972,,1128900,,A,Normal value,0,Units,0,Zero
DATAFLOW,OECD.ELS.SAE:DSD_POPULATION@DF_POP_HIST(1.0),Historical population data,I,POL,Poland,POP,Population,PS,Persons,M,Male,Y_GE65,65 years or over,H,Historical,1973,,1177100,,A,Normal value,0,Units,0,Zero
DATAFLOW,OECD.ELS.SAE:DSD_POPULATION@DF_POP_HIST(1.0),Historical population data,I,POL,Poland,POP,Population,PS,Persons,M,Male,Y_GE65,65 years or over,H,Historical,1974,,1227423,,A,Normal value,0,Units,0,Zero
DATAFLOW,OECD.ELS.SAE:DSD_POPULATION@DF_POP_HIST(1.0),Historical population data,I,POL,Poland,POP,Population,PS,Persons,M,Male,Y_GE65,65 years or over,H,Historical,1975,,1273643,,A,Normal value,0,Units,0,Zero
DATAFLOW,OECD.ELS.SAE:DSD_POPULATION@DF_POP_HIST(1.0),Historical population data,I,POL,Poland,POP,Population,PS,Persons,M,Male,Y_GE65,65 years or over,H,Historical,1976,,1312905,,A,Normal value,0,Units,0,Zero
DATAFLOW,OECD.ELS.SAE:DSD_POPULATION@DF_POP_HIST(1.0),Historical population data,I,POL,Poland,POP,Population,PS,Persons,M,Male,Y_GE65,65 years or over,H,Historical,1977,,1347646,,A,Normal value,0,Units,0,Zero
DATAFLOW,OECD.ELS.SAE:DSD_POPULATION@DF_POP_HIST(1.0),Historical population data,I,POL,Poland,POP,Population,PS,Persons,M,Male,Y_GE65,65 years or over,H,Historical,1978,,1373359,,A,Normal value,0,Units,0,Zero
DATAFLOW,OECD.ELS.SAE:DSD_POPULATION@DF_POP_HIST(1.0),Historical population data,I,POL,Poland,POP,Population,PS,Persons,M,Male,Y_GE65,65 years or over,H,Historical,1979,,1389771,,A,Normal value,0,Units,0,Zero
DATAFLOW,OECD.ELS.SAE:DSD_POPULATION@DF_POP_HIST(1.0),Historical population data,I,POL,Poland,POP,Population,PS,Persons,M,Male,Y_GE65,65 years or over,H,Historical,1980,,1386210,,A,Normal value,0,Units,0,Zero
DATAFLOW,OECD.ELS.SAE:DSD_POPULATION@DF_POP_HIST(1.0),Historical population data,I,POL,Poland,POP,Population,PS,Persons,M,Male,Y_GE65,65 years or over,H,Historical,1981,,1369192,,A,Normal value,0,Units,0,Zero
DATAFLOW,OECD.ELS.SAE:DSD_POPULATION@DF_POP_HIST(1.0),Historical population data,I,POL,Poland,POP,Population,PS,Persons,M,Male,Y_GE65,65 years or over,H,Historical,1982,,1346596,,A,Normal value,0,Units,0,Zero
DATAFLOW,OECD.ELS.SAE:DSD_POPULATION@DF_POP_HIST(1.0),Historical population data,I,POL,Poland,POP,Population,PS,Persons,M,Male,Y_GE65,65 years or over,H,Historical,1983,,1323581,,A,Normal value,0,Units,0,Zero
DATAFLOW,OECD.ELS.SAE:DSD_POPULATION@DF_POP_HIST(1.0),Historical population data,I,POL,Poland,POP,Population,PS,Persons,M,Male,Y_GE65,65 years or over,H,Historical,1984,,1312830,,A,Normal value,0,Units,0,Zero
DATAFLOW,OECD.ELS.SAE:DSD_POPULATION@DF_POP_HIST(1.0),Historical population data,I,POL,Poland,POP,Population,PS,Persons,M,Male,Y_GE65,65 years or over,H,Historical,1985,,1314490,,A,Normal value,0,Units,0,Zero
DATAFLOW,OECD.ELS.SAE:DSD_POPULATION@DF_POP_HIST(1.0),Historical population data,I,POL,Poland,POP,Population,PS,Persons,M,Male,Y_GE65,65 years or over,H,Historical,1986,,1322465,,A,Normal value,0,Units,0,Zero
DATAFLOW,OECD.ELS.SAE:DSD_POPULATION@DF_POP_HIST(1.0),Historical population data,I,POL,Poland,POP,Population,PS,Persons,M,Male,Y_GE65,65 years or over,H,Historical,1987,,1339057,,A,Normal value,0,Units,0,Zero
DATAFLOW,OECD.ELS.SAE:DSD_POPULATION@DF_POP_HIST(1.0),Historical population data,I,POL,Poland,POP,Population,PS,Persons,M,Male,Y_GE65,65 years or over,H,Historical,1988,,1367515,,A,Normal value,0,Units,0,Zero
DATAFLOW,OECD.ELS.SAE:DSD_POPULATION@DF_POP_HIST(1.0),Historical population data,I,POL,Poland,POP,Population,PS,Persons,M,Male,Y_GE65,65 years or over,H,Historical,1989,,1405891,,A,Normal value,0,Units,0,Zero
DATAFLOW,OECD.ELS.SAE:DSD_POPULATION@DF_POP_HIST(1.0),Historical population data,I,POL,Poland,POP,Population,PS,Persons,M,Male,Y_GE65,65 years or over,H,Historical,1990,,1439267,,A,Normal value,0,Units,0,Zero
DATAFLOW,OECD.ELS.SAE:DSD_POPULATION@DF_POP_HIST(1.0),Historical population data,I,POL,Poland,POP,Population,PS,Persons,M,Male,Y_GE65,65 years or over,H,Historical,1991,,1467890,,A,Normal value,0,Units,0,Zero
DATAFLOW,OECD.ELS.SAE:DSD_POPULATION@DF_POP_HIST(1.0),Historical population data,I,POL,Poland,POP,Population,PS,Persons,M,Male,Y_GE65,65 years or over,H,Historical,1992,,1499925,,A,Normal value,0,Units,0,Zero
DATAFLOW,OECD.ELS.SAE:DSD_POPULATION@DF_POP_HIST(1.0),Historical population data,I,POL,Poland,POP,Population,PS,Persons,M,Male,Y_GE65,65 years or over,H,Historical,1993,,1537464,,A,Normal value,0,Units,0,Zero
DATAFLOW,OECD.ELS.SAE:DSD_POPULATION@DF_POP_HIST(1.0),Historical population data,I,POL,Poland,POP,Population,PS,Persons,M,Male,Y_GE65,65 years or over,H,Historical,1994,,1573838,,A,Normal value,0,Units,0,Zero
DATAFLOW,OECD.ELS.SAE:DSD_POPULATION@DF_POP_HIST(1.0),Historical population data,I,POL,Poland,POP,Population,PS,Persons,M,Male,Y_GE65,65 years or over,H,Historical,1995,,1609068,,A,Normal value,0,Units,0,Zero
DATAFLOW,OECD.ELS.SAE:DSD_POPULATION@DF_POP_HIST(1.0),Historical population data,I,POL,Poland,POP,Population,PS,Persons,M,Male,Y_GE65,65 years or over,H,Historical,1996,,1644471,,A,Normal value,0,Units,0,Zero
DATAFLOW,OECD.ELS.SAE:DSD_POPULATION@DF_POP_HIST(1.0),Historical population data,I,POL,Poland,POP,Population,PS,Persons,M,Male,Y_GE65,65 years or over,H,Historical,1997,,1677410,,A,Normal value,0,Units,0,Zero
DATAFLOW,OECD.ELS.SAE:DSD_POPULATION@DF_POP_HIST(1.0),Historical population data,I,POL,Poland,POP,Population,PS,Persons,M,Male,Y_GE65,65 years or over,H,Historical,1998,,1711075,,A,Normal value,0,Units,0,Zero
DATAFLOW,OECD.ELS.SAE:DSD_POPULATION@DF_POP_HIST(1.0),Historical population data,I,POL,Poland,POP,Population,PS,Persons,M,Male,Y_GE65,65 years or over,H,Historical,1999,,1746652,,A,Normal value,0,Units,0,Zero
DATAFLOW,OECD.ELS.SAE:DSD_POPULATION@DF_POP_HIST(1.0),Historical population data,I,POL,Poland,POP,Population,PS,Persons,M,Male,Y_GE65,65 years or over,H,Historical,2000,,1775866,,A,Normal value,0,Units,0,Zero
DATAFLOW,OECD.ELS.SAE:DSD_POPULATION@DF_POP_HIST(1.0),Historical population data,I,POL,Poland,POP,Population,PS,Persons,M,Male,Y_GE65,65 years or over,H,Historical,2001,,1803888,,A,Normal value,0,Units,0,Zero
DATAFLOW,OECD.ELS.SAE:DSD_POPULATION@DF_POP_HIST(1.0),Historical population data,I,POL,Poland,POP,Population,PS,Persons,M,Male,Y_GE65,65 years or over,H,Historical,2002,,1841593,,A,Normal value,0,Units,0,Zero
DATAFLOW,OECD.ELS.SAE:DSD_POPULATION@DF_POP_HIST(1.0),Historical population data,I,POL,Poland,POP,Population,PS,Persons,M,Male,Y_GE65,65 years or over,H,Historical,2003,,1858940,,A,Normal value,0,Units,0,Zero
DATAFLOW,OECD.ELS.SAE:DSD_POPULATION@DF_POP_HIST(1.0),Historical population data,I,POL,Poland,POP,Population,PS,Persons,M,Male,Y_GE65,65 years or over,H,Historical,2004,,1884037,,A,Normal value,0,Units,0,Zero
DATAFLOW,OECD.ELS.SAE:DSD_POPULATION@DF_POP_HIST(1.0),Historical population data,I,POL,Poland,POP,Population,PS,Persons,M,Male,Y_GE65,65 years or over,H,Historical,2005,,1905839,,A,Normal value,0,Units,0,Zero
DATAFLOW,OECD.ELS.SAE:DSD_POPULATION@DF_POP_HIST(1.0),Historical population data,I,POL,Poland,POP,Population,PS,Persons,M,Male,Y_GE65,65 years or over,H,Historical,2006,,1924040,,A,Normal value,0,Units,0,Zero
DATAFLOW,OECD.ELS.SAE:DSD_POPULATION@DF_POP_HIST(1.0),Historical population data,I,POL,Poland,POP,Population,PS,Persons,M,Male,Y_GE65,65 years or over,H,Historical,2007,,1933777,,A,Normal value,0,Units,0,Zero
DATAFLOW,OECD.ELS.SAE:DSD_POPULATION@DF_POP_HIST(1.0),Historical population data,I,POL,Poland,POP,Population,PS,Persons,M,Male,Y_GE65,65 years or over,H,Historical,2008,,1936156,,A,Normal value,0,Units,0,Zero
DATAFLOW,OECD.ELS.SAE:DSD_POPULATION@DF_POP_HIST(1.0),Historical population data,I,POL,Poland,POP,Population,PS,Persons,M,Male,Y_GE65,65 years or over,H,Historical,2009,,1939102,,A,Normal value,0,Units,0,Zero
DATAFLOW,OECD.ELS.SAE:DSD_POPULATION@DF_POP_HIST(1.0),Historical population data,I,POL,Poland,POP,Population,PS,Persons,M,Male,Y_GE65,65 years or over,H,Historical,2010,,1954275,,A,Normal value,0,Units,0,Zero
DATAFLOW,OECD.ELS.SAE:DSD_POPULATION@DF_POP_HIST(1.0),Historical population data,I,POL,Poland,POP,Population,PS,Persons,M,Male,Y_GE65,65 years or over,H,Historical,2011,,1987868,,A,Normal value,0,Units,0,Zero
DATAFLOW,OECD.ELS.SAE:DSD_POPULATION@DF_POP_HIST(1.0),Historical population data,I,POL,Poland,POP,Population,PS,Persons,M,Male,Y_GE65,65 years or over,H,Historical,2012,,2056763,,A,Normal value,0,Units,0,Zero
DATAFLOW,OECD.ELS.SAE:DSD_POPULATION@DF_POP_HIST(1.0),Historical population data,I,POL,Poland,POP,Population,PS,Persons,M,Male,Y_GE65,65 years or over,H,Historical,2013,,2135350,,A,Normal value,0,Units,0,Zero
DATAFLOW,OECD.ELS.SAE:DSD_POPULATION@DF_POP_HIST(1.0),Historical population data,I,POL,Poland,POP,Population,PS,Persons,M,Male,Y_GE65,65 years or over,H,Historical,2014,,2226848,,A,Normal value,0,Units,0,Zero
DATAFLOW,OECD.ELS.SAE:DSD_POPULATION@DF_POP_HIST(1.0),Historical population data,I,POL,Poland,POP,Population,PS,Persons,M,Male,Y_GE65,65 years or over,H,Historical,2015,,2317820,,A,Normal value,0,Units,0,Zero
DATAFLOW,OECD.ELS.SAE:DSD_POPULATION@DF_POP_HIST(1.0),Historical population data,I,POL,Poland,POP,Population,PS,Persons,M,Male,Y_GE65,65 years or over,H,Historical,2016,,2417800,,A,Normal value,0,Units,0,Zero
DATAFLOW,OECD.ELS.SAE:DSD_POPULATION@DF_POP_HIST(1.0),Historical population data,I,POL,Poland,POP,Population,PS,Persons,M,Male,Y_GE65,65 years or over,H,Historical,2017,,2517159,,A,Normal value,0,Units,0,Zero
DATAFLOW,OECD.ELS.SAE:DSD_POPULATION@DF_POP_HIST(1.0),Historical population data,I,POL,Poland,POP,Population,PS,Persons,M,Male,Y_GE65,65 years or over,H,Historical,2018,,2617092,,A,Normal value,0,Units,0,Zero
DATAFLOW,OECD.ELS.SAE:DSD_POPULATION@DF_POP_HIST(1.0),Historical population data,I,POL,Poland,POP,Population,PS,Persons,M,Male,Y_GE65,65 years or over,H,Historical,2019,,2717484,,A,Normal value,0,Units,0,Zero
DATAFLOW,OECD.ELS.SAE:DSD_POPULATION@DF_POP_HIST(1.0),Historical population data,I,POL,Poland,POP,Population,PS,Persons,M,Male,Y_GE65,65 years or over,H,Historical,2022,,2906432,,A,Normal value,0,Units,0,Zero
DATAFLOW,OECD.ELS.SAE:DSD_POPULATION@DF_POP_HIST(1.0),Historical population data,I,POL,Poland,POP,Population,PS,Persons,M,Male,Y30T34,From 30 to 34 years,H,Historical,1960,,1122786,,A,Normal value,0,Units,0,Zero
DATAFLOW,OECD.ELS.SAE:DSD_POPULATION@DF_POP_HIST(1.0),Historical population data,I,POL,Poland,POP,Population,PS,Persons,M,Male,Y30T34,From 30 to 34 years,H,Historical,1961,,1154500,,A,Normal value,0,Units,0,Zero
DATAFLOW,OECD.ELS.SAE:DSD_POPULATION@DF_POP_HIST(1.0),Historical population data,I,POL,Poland,POP,Population,PS,Persons,M,Male,Y30T34,From 30 to 34 years,H,Historical,1962,,1181800,,A,Normal value,0,Units,0,Zero
DATAFLOW,OECD.ELS.SAE:DSD_POPULATION@DF_POP_HIST(1.0),Historical population data,I,POL,Poland,POP,Population,PS,Persons,M,Male,Y30T34,From 30 to 34 years,H,Historical,1963,,1187400,,A,Normal value,0,Units,0,Zero
DATAFLOW,OECD.ELS.SAE:DSD_POPULATION@DF_POP_HIST(1.0),Historical population data,I,POL,Poland,POP,Population,PS,Persons,M,Male,Y30T34,From 30 to 34 years,H,Historical,1964,,1181900,,A,Normal value,0,Units,0,Zero
DATAFLOW,OECD.ELS.SAE:DSD_POPULATION@DF_POP_HIST(1.0),Historical population data,I,POL,Poland,POP,Population,PS,Persons,M,Male,Y30T34,From 30 to 34 years,H,Historical,1965,,1157800,,A,Normal value,0,Units,0,Zero
DATAFLOW,OECD.ELS.SAE:DSD_POPULATION@DF_POP_HIST(1.0),Historical population data,I,POL,Poland,POP,Population,PS,Persons,M,Male,Y30T34,From 30 to 34 years,H,Historical,1966,,1132000,,A,Normal value,0,Units,0,Zero
DATAFLOW,OECD.ELS.SAE:DSD_POPULATION@DF_POP_HIST(1.0),Historical population data,I,POL,Poland,POP,Population,PS,Persons,M,Male,Y30T34,From 30 to 34 years,H,Historical,1967,,1115000,,A,Normal value,0,Units,0,Zero
DATAFLOW,OECD.ELS.SAE:DSD_POPULATION@DF_POP_HIST(1.0),Historical population data,I,POL,Poland,POP,Population,PS,Persons,M,Male,Y30T34,From 30 to 34 years,H,Historical,1968,,1141500,,A,Normal value,0,Units,0,Zero
DATAFLOW,OECD.ELS.SAE:DSD_POPULATION@DF_POP_HIST(1.0),Historical population data,I,POL,Poland,POP,Population,PS,Persons,M,Male,Y30T34,From 30 to 34 years,H,Historical,1969,,1131800,,A,Normal value,0,Units,0,Zero
DATAFLOW,OECD.ELS.SAE:DSD_POPULATION@DF_POP_HIST(1.0),Historical population data,I,POL,Poland,POP,Population,PS,Persons,M,Male,Y30T34,From 30 to 34 years,H,Historical,1970,,1075969,,A,Normal value,0,Units,0,Zero
DATAFLOW,OECD.ELS.SAE:DSD_POPULATION@DF_POP_HIST(1.0),Historical population data,I,POL,Poland,POP,Population,PS,Persons,M,Male,Y30T34,From 30 to 34 years,H,Historical,1971,,1062100,,A,Normal value,0,Units,0,Zero
DATAFLOW,OECD.ELS.SAE:DSD_POPULATION@DF_POP_HIST(1.0),Historical population data,I,POL,Poland,POP,Population,PS,Persons,M,Male,Y30T34,From 30 to 34 years,H,Historical,1972,,1027600,,A,Normal value,0,Units,0,Zero
DATAFLOW,OECD.ELS.SAE:DSD_POPULATION@DF_POP_HIST(1.0),Historical population data,I,POL,Poland,POP,Population,PS,Persons,M,Male,Y30T34,From 30 to 34 years,H,Historical,1973,,993900,,A,Normal value,0,Units,0,Zero
DATAFLOW,OECD.ELS.SAE:DSD_POPULATION@DF_POP_HIST(1.0),Historical population data,I,POL,Poland,POP,Population,PS,Persons,M,Male,Y30T34,From 30 to 34 years,H,Historical,1974,,967465,,A,Normal value,0,Units,0,Zero
DATAFLOW,OECD.ELS.SAE:DSD_POPULATION@DF_POP_HIST(1.0),Historical population data,I,POL,Poland,POP,Population,PS,Persons,M,Male,Y30T34,From 30 to 34 years,H,Historical,1975,,946155,,A,Normal value,0,Units,0,Zero
DATAFLOW,OECD.ELS.SAE:DSD_POPULATION@DF_POP_HIST(1.0),Historical population data,I,POL,Poland,POP,Population,PS,Persons,M,Male,Y30T34,From 30 to 34 years,H,Historical,1976,,966880,,A,Normal value,0,Units,0,Zero
DATAFLOW,OECD.ELS.SAE:DSD_POPULATION@DF_POP_HIST(1.0),Historical population data,I,POL,Poland,POP,Population,PS,Persons,M,Male,Y30T34,From 30 to 34 years,H,Historical,1977,,1047230,,A,Normal value,0,Units,0,Zero
DATAFLOW,OECD.ELS.SAE:DSD_POPULATION@DF_POP_HIST(1.0),Historical population data,I,POL,Poland,POP,Population,PS,Persons,M,Male,Y30T34,From 30 to 34 years,H,Historical,1978,,1155857,,A,Normal value,0,Units,0,Zero
DATAFLOW,OECD.ELS.SAE:DSD_POPULATION@DF_POP_HIST(1.0),Historical population data,I,POL,Poland,POP,Population,PS,Persons,M,Male,Y30T34,From 30 to 34 years,H,Historical,1979,,1270041,,A,Normal value,0,Units,0,Zero
DATAFLOW,OECD.ELS.SAE:DSD_POPULATION@DF_POP_HIST(1.0),Historical population data,I,POL,Poland,POP,Population,PS,Persons,M,Male,Y30T34,From 30 to 34 years,H,Historical,1980,,1395701,,A,Normal value,0,Units,0,Zero
DATAFLOW,OECD.ELS.SAE:DSD_POPULATION@DF_POP_HIST(1.0),Historical population data,I,POL,Poland,POP,Population,PS,Persons,M,Male,Y30T34,From 30 to 34 years,H,Historical,1981,,1499335,,A,Normal value,0,Units,0,Zero
DATAFLOW,OECD.ELS.SAE:DSD_POPULATION@DF_POP_HIST(1.0),Historical population data,I,POL,Poland,POP,Population,PS,Persons,M,Male,Y30T34,From 30 to 34 years,H,Historical,1982,,1565168,,A,Normal value,0,Units,0,Zero
DATAFLOW,OECD.ELS.SAE:DSD_POPULATION@DF_POP_HIST(1.0),Historical population data,I,POL,Poland,POP,Population,PS,Persons,M,Male,Y30T34,From 30 to 34 years,H,Historical,1983,,1610513,,A,Normal value,0,Units,0,Zero
DATAFLOW,OECD.ELS.SAE:DSD_POPULATION@DF_POP_HIST(1.0),Historical population data,I,POL,Poland,POP,Population,PS,Persons,M,Male,Y30T34,From 30 to 34 years,H,Historical,1984,,1644834,,A,Normal value,0,Units,0,Zero
DATAFLOW,OECD.ELS.SAE:DSD_POPULATION@DF_POP_HIST(1.0),Historical population data,I,POL,Poland,POP,Population,PS,Persons,M,Male,Y30T34,From 30 to 34 years,H,Historical,1985,,1673845,,A,Normal value,0,Units,0,Zero
DATAFLOW,OECD.ELS.SAE:DSD_POPULATION@DF_POP_HIST(1.0),Historical population data,I,POL,Poland,POP,Population,PS,Persons,M,Male,Y30T34,From 30 to 34 years,H,Historical,1986,,1690556,,A,Normal value,0,Units,0,Zero
DATAFLOW,OECD.ELS.SAE:DSD_POPULATION@DF_POP_HIST(1.0),Historical population data,I,POL,Poland,POP,Population,PS,Persons,M,Male,Y30T34,From 30 to 34 years,H,Historical,1987,,1697024,,A,Normal value,0,Units,0,Zero
DATAFLOW,OECD.ELS.SAE:DSD_POPULATION@DF_POP_HIST(1.0),Historical population data,I,POL,Poland,POP,Population,PS,Persons,M,Male,Y30T34,From 30 to 34 years,H,Historical,1988,,1698270,,A,Normal value,0,Units,0,Zero
DATAFLOW,OECD.ELS.SAE:DSD_POPULATION@DF_POP_HIST(1.0),Historical population data,I,POL,Poland,POP,Population,PS,Persons,M,Male,Y30T34,From 30 to 34 years,H,Historical,1989,,1684432,,A,Normal value,0,Units,0,Zero
DATAFLOW,OECD.ELS.SAE:DSD_POPULATION@DF_POP_HIST(1.0),Historical population data,I,POL,Poland,POP,Population,PS,Persons,M,Male,Y30T34,From 30 to 34 years,H,Historical,1990,,1640281,,A,Normal value,0,Units,0,Zero
DATAFLOW,OECD.ELS.SAE:DSD_POPULATION@DF_POP_HIST(1.0),Historical population data,I,POL,Poland,POP,Population,PS,Persons,M,Male,Y30T34,From 30 to 34 years,H,Historical,1991,,1604808,,A,Normal value,0,Units,0,Zero
DATAFLOW,OECD.ELS.SAE:DSD_POPULATION@DF_POP_HIST(1.0),Historical population data,I,POL,Poland,POP,Population,PS,Persons,M,Male,Y30T34,From 30 to 34 years,H,Historical,1992,,1568563,,A,Normal value,0,Units,0,Zero
DATAFLOW,OECD.ELS.SAE:DSD_POPULATION@DF_POP_HIST(1.0),Historical population data,I,POL,Poland,POP,Population,PS,Persons,M,Male,Y30T34,From 30 to 34 years,H,Historical,1993,,1528743,,A,Normal value,0,Units,0,Zero
DATAFLOW,OECD.ELS.SAE:DSD_POPULATION@DF_POP_HIST(1.0),Historical population data,I,POL,Poland,POP,Population,PS,Persons,M,Male,Y30T34,From 30 to 34 years,H,Historical,1994,,1488438,,A,Normal value,0,Units,0,Zero
DATAFLOW,OECD.ELS.SAE:DSD_POPULATION@DF_POP_HIST(1.0),Historical population data,I,POL,Poland,POP,Population,PS,Persons,M,Male,Y30T34,From 30 to 34 years,H,Historical,1995,,1450049,,A,Normal value,0,Units,0,Zero
DATAFLOW,OECD.ELS.SAE:DSD_POPULATION@DF_POP_HIST(1.0),Historical population data,I,POL,Poland,POP,Population,PS,Persons,M,Male,Y30T34,From 30 to 34 years,H,Historical,1996,,1409709,,A,Normal value,0,Units,0,Zero
DATAFLOW,OECD.ELS.SAE:DSD_POPULATION@DF_POP_HIST(1.0),Historical population data,I,POL,Poland,POP,Population,PS,Persons,M,Male,Y30T34,From 30 to 34 years,H,Historical,1997,,1367581,,A,Normal value,0,Units,0,Zero
DATAFLOW,OECD.ELS.SAE:DSD_POPULATION@DF_POP_HIST(1.0),Historical population data,I,POL,Poland,POP,Population,PS,Persons,M,Male,Y30T34,From 30 to 34 years,H,Historical,1998,,1327496,,A,Normal value,0,Units,0,Zero
DATAFLOW,OECD.ELS.SAE:DSD_POPULATION@DF_POP_HIST(1.0),Historical population data,I,POL,Poland,POP,Population,PS,Persons,M,Male,Y30T34,From 30 to 34 years,H,Historical,1999,,1260796,,A,Normal value,0,Units,0,Zero
DATAFLOW,OECD.ELS.SAE:DSD_POPULATION@DF_POP_HIST(1.0),Historical population data,I,POL,Poland,POP,Population,PS,Persons,M,Male,Y30T34,From 30 to 34 years,H,Historical,2000,,1216270,,A,Normal value,0,Units,0,Zero
DATAFLOW,OECD.ELS.SAE:DSD_POPULATION@DF_POP_HIST(1.0),Historical population data,I,POL,Poland,POP,Population,PS,Persons,M,Male,Y30T34,From 30 to 34 years,H,Historical,2001,,1227713,,A,Normal value,0,Units,0,Zero
DATAFLOW,OECD.ELS.SAE:DSD_POPULATION@DF_POP_HIST(1.0),Historical population data,I,POL,Poland,POP,Population,PS,Persons,M,Male,Y30T34,From 30 to 34 years,H,Historical,2002,,1252025,,A,Normal value,0,Units,0,Zero
DATAFLOW,OECD.ELS.SAE:DSD_POPULATION@DF_POP_HIST(1.0),Historical population data,I,POL,Poland,POP,Population,PS,Persons,M,Male,Y30T34,From 30 to 34 years,H,Historical,2003,,1286653,,A,Normal value,0,Units,0,Zero
DATAFLOW,OECD.ELS.SAE:DSD_POPULATION@DF_POP_HIST(1.0),Historical population data,I,POL,Poland,POP,Population,PS,Persons,M,Male,Y30T34,From 30 to 34 years,H,Historical,2004,,1327885,,A,Normal value,0,Units,0,Zero
DATAFLOW,OECD.ELS.SAE:DSD_POPULATION@DF_POP_HIST(1.0),Historical population data,I,POL,Poland,POP,Population,PS,Persons,M,Male,Y30T34,From 30 to 34 years,H,Historical,2005,,1372887,,A,Normal value,0,Units,0,Zero
DATAFLOW,OECD.ELS.SAE:DSD_POPULATION@DF_POP_HIST(1.0),Historical population data,I,POL,Poland,POP,Population,PS,Persons,M,Male,Y30T34,From 30 to 34 years,H,Historical,2006,,1418504,,A,Normal value,0,Units,0,Zero
DATAFLOW,OECD.ELS.SAE:DSD_POPULATION@DF_POP_HIST(1.0),Historical population data,I,POL,Poland,POP,Population,PS,Persons,M,Male,Y30T34,From 30 to 34 years,H,Historical,2007,,1459707,,A,Normal value,0,Units,0,Zero
DATAFLOW,OECD.ELS.SAE:DSD_POPULATION@DF_POP_HIST(1.0),Historical population data,I,POL,Poland,POP,Population,PS,Persons,M,Male,Y30T34,From 30 to 34 years,H,Historical,2008,,1492592,,A,Normal value,0,Units,0,Zero
DATAFLOW,OECD.ELS.SAE:DSD_POPULATION@DF_POP_HIST(1.0),Historical population data,I,POL,Poland,POP,Population,PS,Persons,M,Male,Y30T34,From 30 to 34 years,H,Historical,2009,,1522478,,A,Normal value,0,Units,0,Zero
DATAFLOW,OECD.ELS.SAE:DSD_POPULATION@DF_POP_HIST(1.0),Historical population data,I,POL,Poland,POP,Population,PS,Persons,M,Male,Y30T34,From 30 to 34 years,H,Historical,2010,,1577889,,A,Normal value,0,Units,0,Zero
DATAFLOW,OECD.ELS.SAE:DSD_POPULATION@DF_POP_HIST(1.0),Historical population data,I,POL,Poland,POP,Population,PS,Persons,M,Male,Y30T34,From 30 to 34 years,H,Historical,2011,,1590376,,A,Normal value,0,Units,0,Zero
DATAFLOW,OECD.ELS.SAE:DSD_POPULATION@DF_POP_HIST(1.0),Historical population data,I,POL,Poland,POP,Population,PS,Persons,M,Male,Y30T34,From 30 to 34 years,H,Historical,2012,,1602736,,A,Normal value,0,Units,0,Zero
DATAFLOW,OECD.ELS.SAE:DSD_POPULATION@DF_POP_HIST(1.0),Historical population data,I,POL,Poland,POP,Population,PS,Persons,M,Male,Y30T34,From 30 to 34 years,H,Historical,2013,,1626221,,A,Normal value,0,Units,0,Zero
DATAFLOW,OECD.ELS.SAE:DSD_POPULATION@DF_POP_HIST(1.0),Historical population data,I,POL,Poland,POP,Population,PS,Persons,M,Male,Y30T34,From 30 to 34 years,H,Historical,2014,,1644103,,A,Normal value,0,Units,0,Zero
DATAFLOW,OECD.ELS.SAE:DSD_POPULATION@DF_POP_HIST(1.0),Historical population data,I,POL,Poland,POP,Population,PS,Persons,M,Male,Y30T34,From 30 to 34 years,H,Historical,2015,,1647147,,A,Normal value,0,Units,0,Zero
DATAFLOW,OECD.ELS.SAE:DSD_POPULATION@DF_POP_HIST(1.0),Historical population data,I,POL,Poland,POP,Population,PS,Persons,M,Male,Y30T34,From 30 to 34 years,H,Historical,2016,,1638197,,A,Normal value,0,Units,0,Zero
DATAFLOW,OECD.ELS.SAE:DSD_POPULATION@DF_POP_HIST(1.0),Historical population data,I,POL,Poland,POP,Population,PS,Persons,M,Male,Y30T34,From 30 to 34 years,H,Historical,2017,,1610491,,A,Normal value,0,Units,0,Zero
DATAFLOW,OECD.ELS.SAE:DSD_POPULATION@DF_POP_HIST(1.0),Historical population data,I,POL,Poland,POP,Population,PS,Persons,M,Male,Y30T34,From 30 to 34 years,H,Historical,2018,,1561848,,A,Normal value,0,Units,0,Zero
DATAFLOW,OECD.ELS.SAE:DSD_POPULATION@DF_POP_HIST(1.0),Historical population data,I,POL,Poland,POP,Population,PS,Persons,M,Male,Y30T34,From 30 to 34 years,H,Historical,2019,,1506054,,A,Normal value,0,Units,0,Zero
DATAFLOW,OECD.ELS.SAE:DSD_POPULATION@DF_POP_HIST(1.0),Historical population data,I,POL,Poland,POP,Population,PS,Persons,M,Male,Y30T34,From 30 to 34 years,H,Historical,2022,,1369072,,A,Normal value,0,Units,0,Zero
DATAFLOW,OECD.ELS.SAE:DSD_POPULATION@DF_POP_HIST(1.0),Historical population data,I,POL,Poland,POP,Population,PS,Persons,M,Male,_T,Total,H,Historical,1950,,11813636,,A,Normal value,0,Units,0,Zero
DATAFLOW,OECD.ELS.SAE:DSD_POPULATION@DF_POP_HIST(1.0),Historical population data,I,POL,Poland,POP,Population,PS,Persons,M,Male,_T,Total,H,Historical,1951,,12040913,,A,Normal value,0,Units,0,Zero
DATAFLOW,OECD.ELS.SAE:DSD_POPULATION@DF_POP_HIST(1.0),Historical population data,I,POL,Poland,POP,Population,PS,Persons,M,Male,_T,Total,H,Historical,1952,,12273443,,A,Normal value,0,Units,0,Zero
DATAFLOW,OECD.ELS.SAE:DSD_POPULATION@DF_POP_HIST(1.0),Historical population data,I,POL,Poland,POP,Population,PS,Persons,M,Male,_T,Total,H,Historical,1953,,12508736,,A,Normal value,0,Units,0,Zero
DATAFLOW,OECD.ELS.SAE:DSD_POPULATION@DF_POP_HIST(1.0),Historical population data,I,POL,Poland,POP,Population,PS,Persons,M,Male,_T,Total,H,Historical,1954,,12748287,,A,Normal value,0,Units,0,Zero
DATAFLOW,OECD.ELS.SAE:DSD_POPULATION@DF_POP_HIST(1.0),Historical population data,I,POL,Poland,POP,Population,PS,Persons,M,Male,_T,Total,H,Historical,1955,,12993073,,A,Normal value,0,Units,0,Zero
DATAFLOW,OECD.ELS.SAE:DSD_POPULATION@DF_POP_HIST(1.0),Historical population data,I,POL,Poland,POP,Population,PS,Persons,M,Male,_T,Total,H,Historical,1956,,13238138,,A,Normal value,0,Units,0,Zero
DATAFLOW,OECD.ELS.SAE:DSD_POPULATION@DF_POP_HIST(1.0),Historical population data,I,POL,Poland,POP,Population,PS,Persons,M,Male,_T,Total,H,Historical,1957,,13526444,,A,Normal value,0,Units,0,Zero
DATAFLOW,OECD.ELS.SAE:DSD_POPULATION@DF_POP_HIST(1.0),Historical population data,I,POL,Poland,POP,Population,PS,Persons,M,Male,_T,Total,H,Historical,1958,,13826579,,A,Normal value,0,Units,0,Zero
DATAFLOW,OECD.ELS.SAE:DSD_POPULATION@DF_POP_HIST(1.0),Historical population data,I,POL,Poland,POP,Population,PS,Persons,M,Male,_T,Total,H,Historical,1959,,14077048,,A,Normal value,0,Units,0,Zero
DATAFLOW,OECD.ELS.SAE:DSD_POPULATION@DF_POP_HIST(1.0),Historical population data,I,POL,Poland,POP,Population,PS,Persons,M,Male,Y55T59,From 55 to 59 years,H,Historical,1950,,393776.5,,A,Normal value,0,Units,0,Zero
DATAFLOW,OECD.ELS.SAE:DSD_POPULATION@DF_POP_HIST(1.0),Historical population data,I,POL,Poland,POP,Population,PS,Persons,M,Male,Y45T49,From 45 to 49 years,H,Historical,1950,,726578.5,,A,Normal value,0,Units,0,Zero
DATAFLOW,OECD.ELS.SAE:DSD_POPULATION@DF_POP_HIST(1.0),Historical population data,I,POL,Poland,POP,Population,PS,Persons,M,Male,Y5T9,From 5 to 9 years,H,Historical,1950,,1026084,,A,Normal value,0,Units,0,Zero
DATAFLOW,OECD.ELS.SAE:DSD_POPULATION@DF_POP_HIST(1.0),Historical population data,I,POL,Poland,POP,Population,PS,Persons,M,Male,Y50T54,From 50 to 54 years,H,Historical,1950,,550717.5,,A,Normal value,0,Units,0,Zero
DATAFLOW,OECD.ELS.SAE:DSD_POPULATION@DF_POP_HIST(1.0),Historical population data,I,POL,Poland,POP,Population,PS,Persons,M,Male,Y80T84,From 80 to 84 years,H,Historical,1950,,43829,,A,Normal value,0,Units,0,Zero
DATAFLOW,OECD.ELS.SAE:DSD_POPULATION@DF_POP_HIST(1.0),Historical population data,I,POL,Poland,POP,Population,PS,Persons,M,Male,Y15T19,From 15 to 19 years,H,Historical,1950,,1205434,,A,Normal value,0,Units,0,Zero
DATAFLOW,OECD.ELS.SAE:DSD_POPULATION@DF_POP_HIST(1.0),Historical population data,I,POL,Poland,POP,Population,PS,Persons,M,Male,Y20T64,From 20 to 64 years,H,Historical,1950,,6435299.5,,A,Normal value,0,Units,0,Zero
DATAFLOW,OECD.ELS.SAE:DSD_POPULATION@DF_POP_HIST(1.0),Historical population data,I,POL,Poland,POP,Population,PS,Persons,M,Male,Y70T74,From 70 to 74 years,H,Historical,1950,,140257,,A,Normal value,0,Units,0,Zero
DATAFLOW,OECD.ELS.SAE:DSD_POPULATION@DF_POP_HIST(1.0),Historical population data,I,POL,Poland,POP,Population,PS,Persons,M,Male,Y_GE50,50 years or over,H,Historical,1950,,1770238,,A,Normal value,0,Units,0,Zero
DATAFLOW,OECD.ELS.SAE:DSD_POPULATION@DF_POP_HIST(1.0),Historical population data,I,POL,Poland,POP,Population,PS,Persons,M,Male,Y_LE4,4 years or less,H,Historical,1950,,1461961.5,,A,Normal value,0,Units,0,Zero
DATAFLOW,OECD.ELS.SAE:DSD_POPULATION@DF_POP_HIST(1.0),Historical population data,I,POL,Poland,POP,Population,PS,Persons,M,Male,Y75T79,From 75 to 79 years,H,Historical,1950,,89744,,A,Normal value,0,Units,0,Zero
DATAFLOW,OECD.ELS.SAE:DSD_POPULATION@DF_POP_HIST(1.0),Historical population data,I,POL,Poland,POP,Population,PS,Persons,M,Male,Y15T64,From 15 to 64 years,H,Historical,1950,,7640733.5,,A,Normal value,0,Units,0,Zero
DATAFLOW,OECD.ELS.SAE:DSD_POPULATION@DF_POP_HIST(1.0),Historical population data,I,POL,Poland,POP,Population,PS,Persons,M,Male,Y30T34,From 30 to 34 years,H,Historical,1950,,627013,,A,Normal value,0,Units,0,Zero
DATAFLOW,OECD.ELS.SAE:DSD_POPULATION@DF_POP_HIST(1.0),Historical population data,I,POL,Poland,POP,Population,PS,Persons,M,Male,Y65T69,From 65 to 69 years,H,Historical,1950,,218955,,A,Normal value,0,Units,0,Zero
DATAFLOW,OECD.ELS.SAE:DSD_POPULATION@DF_POP_HIST(1.0),Historical population data,I,POL,Poland,POP,Population,PS,Persons,M,Male,Y_GE65,65 years or over,H,Historical,1950,,512362,,A,Normal value,0,Units,0,Zero
DATAFLOW,OECD.ELS.SAE:DSD_POPULATION@DF_POP_HIST(1.0),Historical population data,I,POL,Poland,POP,Population,PS,Persons,M,Male,Y_GE85,85 years or over,H,Historical,1950,,19577,,A,Normal value,0,Units,0,Zero
DATAFLOW,OECD.ELS.SAE:DSD_POPULATION@DF_POP_HIST(1.0),Historical population data,I,POL,Poland,POP,Population,PS,Persons,M,Male,Y_LT20,Less than 20 years,H,Historical,1950,,4865974,,A,Normal value,0,Units,0,Zero
DATAFLOW,OECD.ELS.SAE:DSD_POPULATION@DF_POP_HIST(1.0),Historical population data,I,POL,Poland,POP,Population,PS,Persons,M,Male,Y10T14,From 10 to 14 years,H,Historical,1950,,1172494.5,,A,Normal value,0,Units,0,Zero
DATAFLOW,OECD.ELS.SAE:DSD_POPULATION@DF_POP_HIST(1.0),Historical population data,I,POL,Poland,POP,Population,PS,Persons,M,Male,Y25T29,From 25 to 29 years,H,Historical,1950,,1001221,,A,Normal value,0,Units,0,Zero
DATAFLOW,OECD.ELS.SAE:DSD_POPULATION@DF_POP_HIST(1.0),Historical population data,I,POL,Poland,POP,Population,PS,Persons,M,Male,Y60T64,From 60 to 64 years,H,Historical,1950,,313382,,A,Normal value,0,Units,0,Zero
DATAFLOW,OECD.ELS.SAE:DSD_POPULATION@DF_POP_HIST(1.0),Historical population data,I,POL,Poland,POP,Population,PS,Persons,M,Male,Y35T39,From 35 to 39 years,H,Historical,1950,,811422,,A,Normal value,0,Units,0,Zero
DATAFLOW,OECD.ELS.SAE:DSD_POPULATION@DF_POP_HIST(1.0),Historical population data,I,POL,Poland,POP,Population,PS,Persons,M,Male,Y20T24,From 20 to 24 years,H,Historical,1950,,1160389.5,,A,Normal value,0,Units,0,Zero
DATAFLOW,OECD.ELS.SAE:DSD_POPULATION@DF_POP_HIST(1.0),Historical population data,I,POL,Poland,POP,Population,PS,Persons,M,Male,Y40T44,From 40 to 44 years,H,Historical,1950,,850799.5,,A,Normal value,0,Units,0,Zero
DATAFLOW,OECD.ELS.SAE:DSD_POPULATION@DF_POP_HIST(1.0),Historical population data,I,POL,Poland,POP,Population,PS,Persons,M,Male,Y70T74,From 70 to 74 years,H,Historical,1951,,143003.5,,A,Normal value,0,Units,0,Zero
DATAFLOW,OECD.ELS.SAE:DSD_POPULATION@DF_POP_HIST(1.0),Historical population data,I,POL,Poland,POP,Population,PS,Persons,M,Male,Y20T64,From 20 to 64 years,H,Historical,1951,,6560248,,A,Normal value,0,Units,0,Zero
DATAFLOW,OECD.ELS.SAE:DSD_POPULATION@DF_POP_HIST(1.0),Historical population data,I,POL,Poland,POP,Population,PS,Persons,M,Male,Y15T19,From 15 to 19 years,H,Historical,1951,,1202208.5,,A,Normal value,0,Units,0,Zero
DATAFLOW,OECD.ELS.SAE:DSD_POPULATION@DF_POP_HIST(1.0),Historical population data,I,POL,Poland,POP,Population,PS,Persons,M,Male,Y80T84,From 80 to 84 years,H,Historical,1951,,44403,,A,Normal value,0,Units,0,Zero
DATAFLOW,OECD.ELS.SAE:DSD_POPULATION@DF_POP_HIST(1.0),Historical population data,I,POL,Poland,POP,Population,PS,Persons,M,Male,Y50T54,From 50 to 54 years,H,Historical,1951,,578289.5,,A,Normal value,0,Units,0,Zero
DATAFLOW,OECD.ELS.SAE:DSD_POPULATION@DF_POP_HIST(1.0),Historical population data,I,POL,Poland,POP,Population,PS,Persons,M,Male,Y15T64,From 15 to 64 years,H,Historical,1951,,7762456.5,,A,Normal value,0,Units,0,Zero
DATAFLOW,OECD.ELS.SAE:DSD_POPULATION@DF_POP_HIST(1.0),Historical population data,I,POL,Poland,POP,Population,PS,Persons,M,Male,Y75T79,From 75 to 79 years,H,Historical,1951,,89110.5,,A,Normal value,0,Units,0,Zero
DATAFLOW,OECD.ELS.SAE:DSD_POPULATION@DF_POP_HIST(1.0),Historical population data,I,POL,Poland,POP,Population,PS,Persons,M,Male,Y_LE4,4 years or less,H,Historical,1951,,1575951.5,,A,Normal value,0,Units,0,Zero
DATAFLOW,OECD.ELS.SAE:DSD_POPULATION@DF_POP_HIST(1.0),Historical population data,I,POL,Poland,POP,Population,PS,Persons,M,Male,Y_GE50,50 years or over,H,Historical,1951,,1830337.5,,A,Normal value,0,Units,0,Zero
DATAFLOW,OECD.ELS.SAE:DSD_POPULATION@DF_POP_HIST(1.0),Historical population data,I,POL,Poland,POP,Population,PS,Persons,M,Male,Y_GE85,85 years or over,H,Historical,1951,,20096.5,,A,Normal value,0,Units,0,Zero
DATAFLOW,OECD.ELS.SAE:DSD_POPULATION@DF_POP_HIST(1.0),Historical population data,I,POL,Poland,POP,Population,PS,Persons,M,Male,Y_GE65,65 years or over,H,Historical,1951,,522898.5,,A,Normal value,0,Units,0,Zero
DATAFLOW,OECD.ELS.SAE:DSD_POPULATION@DF_POP_HIST(1.0),Historical population data,I,POL,Poland,POP,Population,PS,Persons,M,Male,Y65T69,From 65 to 69 years,H,Historical,1951,,226285,,A,Normal value,0,Units,0,Zero
DATAFLOW,OECD.ELS.SAE:DSD_POPULATION@DF_POP_HIST(1.0),Historical population data,I,POL,Poland,POP,Population,PS,Persons,M,Male,Y30T34,From 30 to 34 years,H,Historical,1951,,657295.5,,A,Normal value,0,Units,0,Zero
DATAFLOW,OECD.ELS.SAE:DSD_POPULATION@DF_POP_HIST(1.0),Historical population data,I,POL,Poland,POP,Population,PS,Persons,M,Male,Y10T14,From 10 to 14 years,H,Historical,1951,,1139689,,A,Normal value,0,Units,0,Zero
DATAFLOW,OECD.ELS.SAE:DSD_POPULATION@DF_POP_HIST(1.0),Historical population data,I,POL,Poland,POP,Population,PS,Persons,M,Male,Y_LT20,Less than 20 years,H,Historical,1951,,4957766,,A,Normal value,0,Units,0,Zero
DATAFLOW,OECD.ELS.SAE:DSD_POPULATION@DF_POP_HIST(1.0),Historical population data,I,POL,Poland,POP,Population,PS,Persons,M,Male,Y35T39,From 35 to 39 years,H,Historical,1951,,768195.5,,A,Normal value,0,Units,0,Zero
DATAFLOW,OECD.ELS.SAE:DSD_POPULATION@DF_POP_HIST(1.0),Historical population data,I,POL,Poland,POP,Population,PS,Persons,M,Male,Y60T64,From 60 to 64 years,H,Historical,1951,,319037,,A,Normal value,0,Units,0,Zero
DATAFLOW,OECD.ELS.SAE:DSD_POPULATION@DF_POP_HIST(1.0),Historical population data,I,POL,Poland,POP,Population,PS,Persons,M,Male,Y25T29,From 25 to 29 years,H,Historical,1951,,1053729,,A,Normal value,0,Units,0,Zero
DATAFLOW,OECD.ELS.SAE:DSD_POPULATION@DF_POP_HIST(1.0),Historical population data,I,POL,Poland,POP,Population,PS,Persons,M,Male,Y40T44,From 40 to 44 years,H,Historical,1951,,851418.5,,A,Normal value,0,Units,0,Zero
DATAFLOW,OECD.ELS.SAE:DSD_POPULATION@DF_POP_HIST(1.0),Historical population data,I,POL,Poland,POP,Population,PS,Persons,M,Male,Y20T24,From 20 to 24 years,H,Historical,1951,,1170420.5,,A,Normal value,0,Units,0,Zero
DATAFLOW,OECD.ELS.SAE:DSD_POPULATION@DF_POP_HIST(1.0),Historical population data,I,POL,Poland,POP,Population,PS,Persons,M,Male,Y45T49,From 45 to 49 years,H,Historical,1951,,751750,,A,Normal value,0,Units,0,Zero
DATAFLOW,OECD.ELS.SAE:DSD_POPULATION@DF_POP_HIST(1.0),Historical population data,I,POL,Poland,POP,Population,PS,Persons,M,Male,Y5T9,From 5 to 9 years,H,Historical,1951,,1039917,,A,Normal value,0,Units,0,Zero
DATAFLOW,OECD.ELS.SAE:DSD_POPULATION@DF_POP_HIST(1.0),Historical population data,I,POL,Poland,POP,Population,PS,Persons,M,Male,Y55T59,From 55 to 59 years,H,Historical,1951,,410112.5,,A,Normal value,0,Units,0,Zero
DATAFLOW,OECD.ELS.SAE:DSD_POPULATION@DF_POP_HIST(1.0),Historical population data,I,POL,Poland,POP,Population,PS,Persons,M,Male,Y70T74,From 70 to 74 years,H,Historical,1952,,146618.5,,A,Normal value,0,Units,0,Zero
DATAFLOW,OECD.ELS.SAE:DSD_POPULATION@DF_POP_HIST(1.0),Historical population data,I,POL,Poland,POP,Population,PS,Persons,M,Male,Y20T64,From 20 to 64 years,H,Historical,1952,,6681894.5,,A,Normal value,0,Units,0,Zero
DATAFLOW,OECD.ELS.SAE:DSD_POPULATION@DF_POP_HIST(1.0),Historical population data,I,POL,Poland,POP,Population,PS,Persons,M,Male,Y50T54,From 50 to 54 years,H,Historical,1952,,605963,,A,Normal value,0,Units,0,Zero
DATAFLOW,OECD.ELS.SAE:DSD_POPULATION@DF_POP_HIST(1.0),Historical population data,I,POL,Poland,POP,Population,PS,Persons,M,Male,Y80T84,From 80 to 84 years,H,Historical,1952,,44991,,A,Normal value,0,Units,0,Zero
DATAFLOW,OECD.ELS.SAE:DSD_POPULATION@DF_POP_HIST(1.0),Historical population data,I,POL,Poland,POP,Population,PS,Persons,M,Male,Y15T19,From 15 to 19 years,H,Historical,1952,,1201208.5,,A,Normal value,0,Units,0,Zero
DATAFLOW,OECD.ELS.SAE:DSD_POPULATION@DF_POP_HIST(1.0),Historical population data,I,POL,Poland,POP,Population,PS,Persons,M,Male,Y_GE50,50 years or over,H,Historical,1952,,1893919.5,,A,Normal value,0,Units,0,Zero
DATAFLOW,OECD.ELS.SAE:DSD_POPULATION@DF_POP_HIST(1.0),Historical population data,I,POL,Poland,POP,Population,PS,Persons,M,Male,Y_LE4,4 years or less,H,Historical,1952,,1673347,,A,Normal value,0,Units,0,Zero
DATAFLOW,OECD.ELS.SAE:DSD_POPULATION@DF_POP_HIST(1.0),Historical population data,I,POL,Poland,POP,Population,PS,Persons,M,Male,Y75T79,From 75 to 79 years,H,Historical,1952,,88052.5,,A,Normal value,0,Units,0,Zero
DATAFLOW,OECD.ELS.SAE:DSD_POPULATION@DF_POP_HIST(1.0),Historical population data,I,POL,Poland,POP,Population,PS,Persons,M,Male,Y15T64,From 15 to 64 years,H,Historical,1952,,7883103,,A,Normal value,0,Units,0,Zero
DATAFLOW,OECD.ELS.SAE:DSD_POPULATION@DF_POP_HIST(1.0),Historical population data,I,POL,Poland,POP,Population,PS,Persons,M,Male,Y_GE85,85 years or over,H,Historical,1952,,20358.5,,A,Normal value,0,Units,0,Zero
DATAFLOW,OECD.ELS.SAE:DSD_POPULATION@DF_POP_HIST(1.0),Historical population data,I,POL,Poland,POP,Population,PS,Persons,M,Male,Y_GE65,65 years or over,H,Historical,1952,,534606,,A,Normal value,0,Units,0,Zero
DATAFLOW,OECD.ELS.SAE:DSD_POPULATION@DF_POP_HIST(1.0),Historical population data,I,POL,Poland,POP,Population,PS,Persons,M,Male,Y30T34,From 30 to 34 years,H,Historical,1952,,725923,,A,Normal value,0,Units,0,Zero
DATAFLOW,OECD.ELS.SAE:DSD_POPULATION@DF_POP_HIST(1.0),Historical population data,I,POL,Poland,POP,Population,PS,Persons,M,Male,Y65T69,From 65 to 69 years,H,Historical,1952,,234585.5,,A,Normal value,0,Units,0,Zero
DATAFLOW,OECD.ELS.SAE:DSD_POPULATION@DF_POP_HIST(1.0),Historical population data,I,POL,Poland,POP,Population,PS,Persons,M,Male,Y_LT20,Less than 20 years,H,Historical,1952,,5056942.5,,A,Normal value,0,Units,0,Zero
DATAFLOW,OECD.ELS.SAE:DSD_POPULATION@DF_POP_HIST(1.0),Historical population data,I,POL,Poland,POP,Population,PS,Persons,M,Male,Y10T14,From 10 to 14 years,H,Historical,1952,,1098636.5,,A,Normal value,0,Units,0,Zero
DATAFLOW,OECD.ELS.SAE:DSD_POPULATION@DF_POP_HIST(1.0),Historical population data,I,POL,Poland,POP,Population,PS,Persons,M,Male,Y25T29,From 25 to 29 years,H,Historical,1952,,1086812.5,,A,Normal value,0,Units,0,Zero
DATAFLOW,OECD.ELS.SAE:DSD_POPULATION@DF_POP_HIST(1.0),Historical population data,I,POL,Poland,POP,Population,PS,Persons,M,Male,Y60T64,From 60 to 64 years,H,Historical,1952,,323049,,A,Normal value,0,Units,0,Zero
DATAFLOW,OECD.ELS.SAE:DSD_POPULATION@DF_POP_HIST(1.0),Historical population data,I,POL,Poland,POP,Population,PS,Persons,M,Male,Y35T39,From 35 to 39 years,H,Historical,1952,,709282,,A,Normal value,0,Units,0,Zero
DATAFLOW,OECD.ELS.SAE:DSD_POPULATION@DF_POP_HIST(1.0),Historical population data,I,POL,Poland,POP,Population,PS,Persons,M,Male,Y40T44,From 40 to 44 years,H,Historical,1952,,848357,,A,Normal value,0,Units,0,Zero
DATAFLOW,OECD.ELS.SAE:DSD_POPULATION@DF_POP_HIST(1.0),Historical population data,I,POL,Poland,POP,Population,PS,Persons,M,Male,Y20T24,From 20 to 24 years,H,Historical,1952,,1176827,,A,Normal value,0,Units,0,Zero
DATAFLOW,OECD.ELS.SAE:DSD_POPULATION@DF_POP_HIST(1.0),Historical population data,I,POL,Poland,POP,Population,PS,Persons,M,Male,Y45T49,From 45 to 49 years,H,Historical,1952,,775379.5,,A,Normal value,0,Units,0,Zero
DATAFLOW,OECD.ELS.SAE:DSD_POPULATION@DF_POP_HIST(1.0),Historical population data,I,POL,Poland,POP,Population,PS,Persons,M,Male,Y5T9,From 5 to 9 years,H,Historical,1952,,1083750.5,,A,Normal value,0,Units,0,Zero
DATAFLOW,OECD.ELS.SAE:DSD_POPULATION@DF_POP_HIST(1.0),Historical population data,I,POL,Poland,POP,Population,PS,Persons,M,Male,Y55T59,From 55 to 59 years,H,Historical,1952,,430301.5,,A,Normal value,0,Units,0,Zero
DATAFLOW,OECD.ELS.SAE:DSD_POPULATION@DF_POP_HIST(1.0),Historical population data,I,POL,Poland,POP,Population,PS,Persons,M,Male,Y70T74,From 70 to 74 years,H,Historical,1953,,150701,,A,Normal value,0,Units,0,Zero
DATAFLOW,OECD.ELS.SAE:DSD_POPULATION@DF_POP_HIST(1.0),Historical population data,I,POL,Poland,POP,Population,PS,Persons,M,Male,Y20T64,From 20 to 64 years,H,Historical,1953,,6802046.5,,A,Normal value,0,Units,0,Zero
DATAFLOW,OECD.ELS.SAE:DSD_POPULATION@DF_POP_HIST(1.0),Historical population data,I,POL,Poland,POP,Population,PS,Persons,M,Male,Y15T19,From 15 to 19 years,H,Historical,1953,,1198600.5,,A,Normal value,0,Units,0,Zero
DATAFLOW,OECD.ELS.SAE:DSD_POPULATION@DF_POP_HIST(1.0),Historical population data,I,POL,Poland,POP,Population,PS,Persons,M,Male,Y80T84,From 80 to 84 years,H,Historical,1953,,45130.5,,A,Normal value,0,Units,0,Zero
DATAFLOW,OECD.ELS.SAE:DSD_POPULATION@DF_POP_HIST(1.0),Historical population data,I,POL,Poland,POP,Population,PS,Persons,M,Male,Y50T54,From 50 to 54 years,H,Historical,1953,,633688.5,,A,Normal value,0,Units,0,Zero
DATAFLOW,OECD.ELS.SAE:DSD_POPULATION@DF_POP_HIST(1.0),Historical population data,I,POL,Poland,POP,Population,PS,Persons,M,Male,Y15T64,From 15 to 64 years,H,Historical,1953,,8000647,,A,Normal value,0,Units,0,Zero
DATAFLOW,OECD.ELS.SAE:DSD_POPULATION@DF_POP_HIST(1.0),Historical population data,I,POL,Poland,POP,Population,PS,Persons,M,Male,Y75T79,From 75 to 79 years,H,Historical,1953,,86890,,A,Normal value,0,Units,0,Zero
DATAFLOW,OECD.ELS.SAE:DSD_POPULATION@DF_POP_HIST(1.0),Historical population data,I,POL,Poland,POP,Population,PS,Persons,M,Male,Y_LE4,4 years or less,H,Historical,1953,,1752389.5,,A,Normal value,0,Units,0,Zero
DATAFLOW,OECD.ELS.SAE:DSD_POPULATION@DF_POP_HIST(1.0),Historical population data,I,POL,Poland,POP,Population,PS,Persons,M,Male,Y_GE50,50 years or over,H,Historical,1953,,1960552,,A,Normal value,0,Units,0,Zero
DATAFLOW,OECD.ELS.SAE:DSD_POPULATION@DF_POP_HIST(1.0),Historical population data,I,POL,Poland,POP,Population,PS,Persons,M,Male,Y_GE85,85 years or over,H,Historical,1953,,20252.5,,A,Normal value,0,Units,0,Zero
DATAFLOW,OECD.ELS.SAE:DSD_POPULATION@DF_POP_HIST(1.0),Historical population data,I,POL,Poland,POP,Population,PS,Persons,M,Male,Y_GE65,65 years or over,H,Historical,1953,,545952,,A,Normal value,0,Units,0,Zero
DATAFLOW,OECD.ELS.SAE:DSD_POPULATION@DF_POP_HIST(1.0),Historical population data,I,POL,Poland,POP,Population,PS,Persons,M,Male,Y65T69,From 65 to 69 years,H,Historical,1953,,242978,,A,Normal value,0,Units,0,Zero
DATAFLOW,OECD.ELS.SAE:DSD_POPULATION@DF_POP_HIST(1.0),Historical population data,I,POL,Poland,POP,Population,PS,Persons,M,Male,Y30T34,From 30 to 34 years,H,Historical,1953,,819202.5,,A,Normal value,0,Units,0,Zero
DATAFLOW,OECD.ELS.SAE:DSD_POPULATION@DF_POP_HIST(1.0),Historical population data,I,POL,Poland,POP,Population,PS,Persons,M,Male,Y10T14,From 10 to 14 years,H,Historical,1953,,1056248.5,,A,Normal value,0,Units,0,Zero
DATAFLOW,OECD.ELS.SAE:DSD_POPULATION@DF_POP_HIST(1.0),Historical population data,I,POL,Poland,POP,Population,PS,Persons,M,Male,Y_LT20,Less than 20 years,H,Historical,1953,,5160737,,A,Normal value,0,Units,0,Zero
DATAFLOW,OECD.ELS.SAE:DSD_POPULATION@DF_POP_HIST(1.0),Historical population data,I,POL,Poland,POP,Population,PS,Persons,M,Male,Y35T39,From 35 to 39 years,H,Historical,1953,,647917,,A,Normal value,0,Units,0,Zero
DATAFLOW,OECD.ELS.SAE:DSD_POPULATION@DF_POP_HIST(1.0),Historical population data,I,POL,Poland,POP,Population,PS,Persons,M,Male,Y60T64,From 60 to 64 years,H,Historical,1953,,327133.5,,A,Normal value,0,Units,0,Zero
DATAFLOW,OECD.ELS.SAE:DSD_POPULATION@DF_POP_HIST(1.0),Historical population data,I,POL,Poland,POP,Population,PS,Persons,M,Male,Y25T29,From 25 to 29 years,H,Historical,1953,,1104674,,A,Normal value,0,Units,0,Zero
DATAFLOW,OECD.ELS.SAE:DSD_POPULATION@DF_POP_HIST(1.0),Historical population data,I,POL,Poland,POP,Population,PS,Persons,M,Male,Y40T44,From 40 to 44 years,H,Historical,1953,,839007.5,,A,Normal value,0,Units,0,Zero
DATAFLOW,OECD.ELS.SAE:DSD_POPULATION@DF_POP_HIST(1.0),Historical population data,I,POL,Poland,POP,Population,PS,Persons,M,Male,Y20T24,From 20 to 24 years,H,Historical,1953,,1180501,,A,Normal value,0,Units,0,Zero
DATAFLOW,OECD.ELS.SAE:DSD_POPULATION@DF_POP_HIST(1.0),Historical population data,I,POL,Poland,POP,Population,PS,Persons,M,Male,Y45T49,From 45 to 49 years,H,Historical,1953,,796144.5,,A,Normal value,0,Units,0,Zero
DATAFLOW,OECD.ELS.SAE:DSD_POPULATION@DF_POP_HIST(1.0),Historical population data,I,POL,Poland,POP,Population,PS,Persons,M,Male,Y5T9,From 5 to 9 years,H,Historical,1953,,1153498.5,,A,Normal value,0,Units,0,Zero
DATAFLOW,OECD.ELS.SAE:DSD_POPULATION@DF_POP_HIST(1.0),Historical population data,I,POL,Poland,POP,Population,PS,Persons,M,Male,Y55T59,From 55 to 59 years,H,Historical,1953,,453778,,A,Normal value,0,Units,0,Zero
DATAFLOW,OECD.ELS.SAE:DSD_POPULATION@DF_POP_HIST(1.0),Historical population data,I,POL,Poland,POP,Population,PS,Persons,M,Male,Y70T74,From 70 to 74 years,H,Historical,1954,,155257,,A,Normal value,0,Units,0,Zero
DATAFLOW,OECD.ELS.SAE:DSD_POPULATION@DF_POP_HIST(1.0),Historical population data,I,POL,Poland,POP,Population,PS,Persons,M,Male,Y20T64,From 20 to 64 years,H,Historical,1954,,6922807,,A,Normal value,0,Units,0,Zero
DATAFLOW,OECD.ELS.SAE:DSD_POPULATION@DF_POP_HIST(1.0),Historical population data,I,POL,Poland,POP,Population,PS,Persons,M,Male,Y50T54,From 50 to 54 years,H,Historical,1954,,661324,,A,Normal value,0,Units,0,Zero
DATAFLOW,OECD.ELS.SAE:DSD_POPULATION@DF_POP_HIST(1.0),Historical population data,I,POL,Poland,POP,Population,PS,Persons,M,Male,Y80T84,From 80 to 84 years,H,Historical,1954,,44705.5,,A,Normal value,0,Units,0,Zero
DATAFLOW,OECD.ELS.SAE:DSD_POPULATION@DF_POP_HIST(1.0),Historical population data,I,POL,Poland,POP,Population,PS,Persons,M,Male,Y15T19,From 15 to 19 years,H,Historical,1954,,1185038.5,,A,Normal value,0,Units,0,Zero
DATAFLOW,OECD.ELS.SAE:DSD_POPULATION@DF_POP_HIST(1.0),Historical population data,I,POL,Poland,POP,Population,PS,Persons,M,Male,Y_GE50,50 years or over,H,Historical,1954,,2031478.5,,A,Normal value,0,Units,0,Zero
DATAFLOW,OECD.ELS.SAE:DSD_POPULATION@DF_POP_HIST(1.0),Historical population data,I,POL,Poland,POP,Population,PS,Persons,M,Male,Y_LE4,4 years or less,H,Historical,1954,,1783166,,A,Normal value,0,Units,0,Zero
DATAFLOW,OECD.ELS.SAE:DSD_POPULATION@DF_POP_HIST(1.0),Historical population data,I,POL,Poland,POP,Population,PS,Persons,M,Male,Y75T79,From 75 to 79 years,H,Historical,1954,,86446.5,,A,Normal value,0,Units,0,Zero
DATAFLOW,OECD.ELS.SAE:DSD_POPULATION@DF_POP_HIST(1.0),Historical population data,I,POL,Poland,POP,Population,PS,Persons,M,Male,Y15T64,From 15 to 64 years,H,Historical,1954,,8107845.5,,A,Normal value,0,Units,0,Zero
DATAFLOW,OECD.ELS.SAE:DSD_POPULATION@DF_POP_HIST(1.0),Historical population data,I,POL,Poland,POP,Population,PS,Persons,M,Male,Y_GE85,85 years or over,H,Historical,1954,,19988.5,,A,Normal value,0,Units,0,Zero
DATAFLOW,OECD.ELS.SAE:DSD_POPULATION@DF_POP_HIST(1.0),Historical population data,I,POL,Poland,POP,Population,PS,Persons,M,Male,Y_GE65,65 years or over,H,Historical,1954,,556693.5,,A,Normal value,0,Units,0,Zero
DATAFLOW,OECD.ELS.SAE:DSD_POPULATION@DF_POP_HIST(1.0),Historical population data,I,POL,Poland,POP,Population,PS,Persons,M,Male,Y30T34,From 30 to 34 years,H,Historical,1954,,906903.5,,A,Normal value,0,Units,0,Zero
DATAFLOW,OECD.ELS.SAE:DSD_POPULATION@DF_POP_HIST(1.0),Historical population data,I,POL,Poland,POP,Population,PS,Persons,M,Male,Y65T69,From 65 to 69 years,H,Historical,1954,,250296,,A,Normal value,0,Units,0,Zero
DATAFLOW,OECD.ELS.SAE:DSD_POPULATION@DF_POP_HIST(1.0),Historical population data,I,POL,Poland,POP,Population,PS,Persons,M,Male,Y_LT20,Less than 20 years,H,Historical,1954,,5268786.5,,A,Normal value,0,Units,0,Zero
DATAFLOW,OECD.ELS.SAE:DSD_POPULATION@DF_POP_HIST(1.0),Historical population data,I,POL,Poland,POP,Population,PS,Persons,M,Male,Y10T14,From 10 to 14 years,H,Historical,1954,,1027152.5,,A,Normal value,0,Units,0,Zero
DATAFLOW,OECD.ELS.SAE:DSD_POPULATION@DF_POP_HIST(1.0),Historical population data,I,POL,Poland,POP,Population,PS,Persons,M,Male,Y25T29,From 25 to 29 years,H,Historical,1954,,1117885,,A,Normal value,0,Units,0,Zero
DATAFLOW,OECD.ELS.SAE:DSD_POPULATION@DF_POP_HIST(1.0),Historical population data,I,POL,Poland,POP,Population,PS,Persons,M,Male,Y60T64,From 60 to 64 years,H,Historical,1954,,334611.5,,A,Normal value,0,Units,0,Zero
DATAFLOW,OECD.ELS.SAE:DSD_POPULATION@DF_POP_HIST(1.0),Historical population data,I,POL,Poland,POP,Population,PS,Persons,M,Male,Y35T39,From 35 to 39 years,H,Historical,1954,,611529,,A,Normal value,0,Units,0,Zero
DATAFLOW,OECD.ELS.SAE:DSD_POPULATION@DF_POP_HIST(1.0),Historical population data,I,POL,Poland,POP,Population,PS,Persons,M,Male,Y40T44,From 40 to 44 years,H,Historical,1954,,818125.5,,A,Normal value,0,Units,0,Zero
DATAFLOW,OECD.ELS.SAE:DSD_POPULATION@DF_POP_HIST(1.0),Historical population data,I,POL,Poland,POP,Population,PS,Persons,M,Male,Y20T24,From 20 to 24 years,H,Historical,1954,,1182149,,A,Normal value,0,Units,0,Zero
DATAFLOW,OECD.ELS.SAE:DSD_POPULATION@DF_POP_HIST(1.0),Historical population data,I,POL,Poland,POP,Population,PS,Persons,M,Male,Y45T49,From 45 to 49 years,H,Historical,1954,,811430,,A,Normal value,0,Units,0,Zero
DATAFLOW,OECD.ELS.SAE:DSD_POPULATION@DF_POP_HIST(1.0),Historical population data,I,POL,Poland,POP,Population,PS,Persons,M,Male,Y5T9,From 5 to 9 years,H,Historical,1954,,1273429.5,,A,Normal value,0,Units,0,Zero
DATAFLOW,OECD.ELS.SAE:DSD_POPULATION@DF_POP_HIST(1.0),Historical population data,I,POL,Poland,POP,Population,PS,Persons,M,Male,Y55T59,From 55 to 59 years,H,Historical,1954,,478849.5,,A,Normal value,0,Units,0,Zero
DATAFLOW,OECD.ELS.SAE:DSD_POPULATION@DF_POP_HIST(1.0),Historical population data,I,POL,Poland,POP,Population,PS,Persons,M,Male,Y70T74,From 70 to 74 years,H,Historical,1955,,160137,,A,Normal value,0,Units,0,Zero
DATAFLOW,OECD.ELS.SAE:DSD_POPULATION@DF_POP_HIST(1.0),Historical population data,I,POL,Poland,POP,Population,PS,Persons,M,Male,Y20T64,From 20 to 64 years,H,Historical,1955,,7042340,,A,Normal value,0,Units,0,Zero
DATAFLOW,OECD.ELS.SAE:DSD_POPULATION@DF_POP_HIST(1.0),Historical population data,I,POL,Poland,POP,Population,PS,Persons,M,Male,Y15T19,From 15 to 19 years,H,Historical,1955,,1159816,,A,Normal value,0,Units,0,Zero
DATAFLOW,OECD.ELS.SAE:DSD_POPULATION@DF_POP_HIST(1.0),Historical population data,I,POL,Poland,POP,Population,PS,Persons,M,Male,Y80T84,From 80 to 84 years,H,Historical,1955,,43999,,A,Normal value,0,Units,0,Zero
DATAFLOW,OECD.ELS.SAE:DSD_POPULATION@DF_POP_HIST(1.0),Historical population data,I,POL,Poland,POP,Population,PS,Persons,M,Male,Y50T54,From 50 to 54 years,H,Historical,1955,,687976,,A,Normal value,0,Units,0,Zero
DATAFLOW,OECD.ELS.SAE:DSD_POPULATION@DF_POP_HIST(1.0),Historical population data,I,POL,Poland,POP,Population,PS,Persons,M,Male,Y15T64,From 15 to 64 years,H,Historical,1955,,8202156,,A,Normal value,0,Units,0,Zero
DATAFLOW,OECD.ELS.SAE:DSD_POPULATION@DF_POP_HIST(1.0),Historical population data,I,POL,Poland,POP,Population,PS,Persons,M,Male,Y75T79,From 75 to 79 years,H,Historical,1955,,87068,,A,Normal value,0,Units,0,Zero
DATAFLOW,OECD.ELS.SAE:DSD_POPULATION@DF_POP_HIST(1.0),Historical population data,I,POL,Poland,POP,Population,PS,Persons,M,Male,Y_LE4,4 years or less,H,Historical,1955,,1788974,,A,Normal value,0,Units,0,Zero
DATAFLOW,OECD.ELS.SAE:DSD_POPULATION@DF_POP_HIST(1.0),Historical population data,I,POL,Poland,POP,Population,PS,Persons,M,Male,Y_GE50,50 years or over,H,Historical,1955,,2106595.5,,A,Normal value,0,Units,0,Zero
DATAFLOW,OECD.ELS.SAE:DSD_POPULATION@DF_POP_HIST(1.0),Historical population data,I,POL,Poland,POP,Population,PS,Persons,M,Male,Y_GE85,85 years or over,H,Historical,1955,,19728.5,,A,Normal value,0,Units,0,Zero
DATAFLOW,OECD.ELS.SAE:DSD_POPULATION@DF_POP_HIST(1.0),Historical population data,I,POL,Poland,POP,Population,PS,Persons,M,Male,Y_GE65,65 years or over,H,Historical,1955,,567445.5,,A,Normal value,0,Units,0,Zero
DATAFLOW,OECD.ELS.SAE:DSD_POPULATION@DF_POP_HIST(1.0),Historical population data,I,POL,Poland,POP,Population,PS,Persons,M,Male,Y65T69,From 65 to 69 years,H,Historical,1955,,256513,,A,Normal value,0,Units,0,Zero
DATAFLOW,OECD.ELS.SAE:DSD_POPULATION@DF_POP_HIST(1.0),Historical population data,I,POL,Poland,POP,Population,PS,Persons,M,Male,Y30T34,From 30 to 34 years,H,Historical,1955,,975956,,A,Normal value,0,Units,0,Zero
DATAFLOW,OECD.ELS.SAE:DSD_POPULATION@DF_POP_HIST(1.0),Historical population data,I,POL,Poland,POP,Population,PS,Persons,M,Male,Y10T14,From 10 to 14 years,H,Historical,1955,,1018452.5,,A,Normal value,0,Units,0,Zero
DATAFLOW,OECD.ELS.SAE:DSD_POPULATION@DF_POP_HIST(1.0),Historical population data,I,POL,Poland,POP,Population,PS,Persons,M,Male,Y_LT20,Less than 20 years,H,Historical,1955,,5383287.5,,A,Normal value,0,Units,0,Zero
DATAFLOW,OECD.ELS.SAE:DSD_POPULATION@DF_POP_HIST(1.0),Historical population data,I,POL,Poland,POP,Population,PS,Persons,M,Male,Y35T39,From 35 to 39 years,H,Historical,1955,,608748,,A,Normal value,0,Units,0,Zero
DATAFLOW,OECD.ELS.SAE:DSD_POPULATION@DF_POP_HIST(1.0),Historical population data,I,POL,Poland,POP,Population,PS,Persons,M,Male,Y60T64,From 60 to 64 years,H,Historical,1955,,346440,,A,Normal value,0,Units,0,Zero
DATAFLOW,OECD.ELS.SAE:DSD_POPULATION@DF_POP_HIST(1.0),Historical population data,I,POL,Poland,POP,Population,PS,Persons,M,Male,Y25T29,From 25 to 29 years,H,Historical,1955,,1131036.5,,A,Normal value,0,Units,0,Zero
DATAFLOW,OECD.ELS.SAE:DSD_POPULATION@DF_POP_HIST(1.0),Historical population data,I,POL,Poland,POP,Population,PS,Persons,M,Male,Y40T44,From 40 to 44 years,H,Historical,1955,,787552.5,,A,Normal value,0,Units,0,Zero
DATAFLOW,OECD.ELS.SAE:DSD_POPULATION@DF_POP_HIST(1.0),Historical population data,I,POL,Poland,POP,Population,PS,Persons,M,Male,Y20T24,From 20 to 24 years,H,Historical,1955,,1180822,,A,Normal value,0,Units,0,Zero
DATAFLOW,OECD.ELS.SAE:DSD_POPULATION@DF_POP_HIST(1.0),Historical population data,I,POL,Poland,POP,Population,PS,Persons,M,Male,Y45T49,From 45 to 49 years,H,Historical,1955,,819075,,A,Normal value,0,Units,0,Zero
DATAFLOW,OECD.ELS.SAE:DSD_POPULATION@DF_POP_HIST(1.0),Historical population data,I,POL,Poland,POP,Population,PS,Persons,M,Male,Y5T9,From 5 to 9 years,H,Historical,1955,,1416045,,A,Normal value,0,Units,0,Zero
DATAFLOW,OECD.ELS.SAE:DSD_POPULATION@DF_POP_HIST(1.0),Historical population data,I,POL,Poland,POP,Population,PS,Persons,M,Male,Y55T59,From 55 to 59 years,H,Historical,1955,,504734,,A,Normal value,0,Units,0,Zero
DATAFLOW,OECD.ELS.SAE:DSD_POPULATION@DF_POP_HIST(1.0),Historical population data,I,POL,Poland,POP,Population,PS,Persons,M,Male,Y70T74,From 70 to 74 years,H,Historical,1956,,165723,,A,Normal value,0,Units,0,Zero
DATAFLOW,OECD.ELS.SAE:DSD_POPULATION@DF_POP_HIST(1.0),Historical population data,I,POL,Poland,POP,Population,PS,Persons,M,Male,Y20T64,From 20 to 64 years,H,Historical,1956,,7159443.5,,A,Normal value,0,Units,0,Zero
DATAFLOW,OECD.ELS.SAE:DSD_POPULATION@DF_POP_HIST(1.0),Historical population data,I,POL,Poland,POP,Population,PS,Persons,M,Male,Y50T54,From 50 to 54 years,H,Historical,1956,,713329,,A,Normal value,0,Units,0,Zero
DATAFLOW,OECD.ELS.SAE:DSD_POPULATION@DF_POP_HIST(1.0),Historical population data,I,POL,Poland,POP,Population,PS,Persons,M,Male,Y80T84,From 80 to 84 years,H,Historical,1956,,43265,,A,Normal value,0,Units,0,Zero
DATAFLOW,OECD.ELS.SAE:DSD_POPULATION@DF_POP_HIST(1.0),Historical population data,I,POL,Poland,POP,Population,PS,Persons,M,Male,Y15T19,From 15 to 19 years,H,Historical,1956,,1127547.5,,A,Normal value,0,Units,0,Zero
DATAFLOW,OECD.ELS.SAE:DSD_POPULATION@DF_POP_HIST(1.0),Historical population data,I,POL,Poland,POP,Population,PS,Persons,M,Male,Y_GE50,50 years or over,H,Historical,1956,,2185308,,A,Normal value,0,Units,0,Zero
DATAFLOW,OECD.ELS.SAE:DSD_POPULATION@DF_POP_HIST(1.0),Historical population data,I,POL,Poland,POP,Population,PS,Persons,M,Male,Y_LE4,4 years or less,H,Historical,1956,,1803713.5,,A,Normal value,0,Units,0,Zero
DATAFLOW,OECD.ELS.SAE:DSD_POPULATION@DF_POP_HIST(1.0),Historical population data,I,POL,Poland,POP,Population,PS,Persons,M,Male,Y75T79,From 75 to 79 years,H,Historical,1956,,88652,,A,Normal value,0,Units,0,Zero
DATAFLOW,OECD.ELS.SAE:DSD_POPULATION@DF_POP_HIST(1.0),Historical population data,I,POL,Poland,POP,Population,PS,Persons,M,Male,Y15T64,From 15 to 64 years,H,Historical,1956,,8286991,,A,Normal value,0,Units,0,Zero
DATAFLOW,OECD.ELS.SAE:DSD_POPULATION@DF_POP_HIST(1.0),Historical population data,I,POL,Poland,POP,Population,PS,Persons,M,Male,Y_GE85,85 years or over,H,Historical,1956,,19568,,A,Normal value,0,Units,0,Zero
DATAFLOW,OECD.ELS.SAE:DSD_POPULATION@DF_POP_HIST(1.0),Historical population data,I,POL,Poland,POP,Population,PS,Persons,M,Male,Y_GE65,65 years or over,H,Historical,1956,,579116.5,,A,Normal value,0,Units,0,Zero
DATAFLOW,OECD.ELS.SAE:DSD_POPULATION@DF_POP_HIST(1.0),Historical population data,I,POL,Poland,POP,Population,PS,Persons,M,Male,Y30T34,From 30 to 34 years,H,Historical,1956,,1028170.5,,A,Normal value,0,Units,0,Zero
DATAFLOW,OECD.ELS.SAE:DSD_POPULATION@DF_POP_HIST(1.0),Historical population data,I,POL,Poland,POP,Population,PS,Persons,M,Male,Y65T69,From 65 to 69 years,H,Historical,1956,,261908.5,,A,Normal value,0,Units,0,Zero
DATAFLOW,OECD.ELS.SAE:DSD_POPULATION@DF_POP_HIST(1.0),Historical population data,I,POL,Poland,POP,Population,PS,Persons,M,Male,Y_LT20,Less than 20 years,H,Historical,1956,,5499578.5,,A,Normal value,0,Units,0,Zero
DATAFLOW,OECD.ELS.SAE:DSD_POPULATION@DF_POP_HIST(1.0),Historical population data,I,POL,Poland,POP,Population,PS,Persons,M,Male,Y10T14,From 10 to 14 years,H,Historical,1956,,1032505,,A,Normal value,0,Units,0,Zero
DATAFLOW,OECD.ELS.SAE:DSD_POPULATION@DF_POP_HIST(1.0),Historical population data,I,POL,Poland,POP,Population,PS,Persons,M,Male,Y25T29,From 25 to 29 years,H,Historical,1956,,1141310.5,,A,Normal value,0,Units,0,Zero
DATAFLOW,OECD.ELS.SAE:DSD_POPULATION@DF_POP_HIST(1.0),Historical population data,I,POL,Poland,POP,Population,PS,Persons,M,Male,Y60T64,From 60 to 64 years,H,Historical,1956,,361447,,A,Normal value,0,Units,0,Zero
DATAFLOW,OECD.ELS.SAE:DSD_POPULATION@DF_POP_HIST(1.0),Historical population data,I,POL,Poland,POP,Population,PS,Persons,M,Male,Y35T39,From 35 to 39 years,H,Historical,1956,,638803,,A,Normal value,0,Units,0,Zero
DATAFLOW,OECD.ELS.SAE:DSD_POPULATION@DF_POP_HIST(1.0),Historical population data,I,POL,Poland,POP,Population,PS,Persons,M,Male,Y40T44,From 40 to 44 years,H,Historical,1956,,746035.5,,A,Normal value,0,Units,0,Zero
DATAFLOW,OECD.ELS.SAE:DSD_POPULATION@DF_POP_HIST(1.0),Historical population data,I,POL,Poland,POP,Population,PS,Persons,M,Male,Y20T24,From 20 to 24 years,H,Historical,1956,,1178266.5,,A,Normal value,0,Units,0,Zero
DATAFLOW,OECD.ELS.SAE:DSD_POPULATION@DF_POP_HIST(1.0),Historical population data,I,POL,Poland,POP,Population,PS,Persons,M,Male,Y45T49,From 45 to 49 years,H,Historical,1956,,820666,,A,Normal value,0,Units,0,Zero
DATAFLOW,OECD.ELS.SAE:DSD_POPULATION@DF_POP_HIST(1.0),Historical population data,I,POL,Poland,POP,Population,PS,Persons,M,Male,Y5T9,From 5 to 9 years,H,Historical,1956,,1535812.5,,A,Normal value,0,Units,0,Zero
DATAFLOW,OECD.ELS.SAE:DSD_POPULATION@DF_POP_HIST(1.0),Historical population data,I,POL,Poland,POP,Population,PS,Persons,M,Male,Y55T59,From 55 to 59 years,H,Historical,1956,,531415.5,,A,Normal value,0,Units,0,Zero
DATAFLOW,OECD.ELS.SAE:DSD_POPULATION@DF_POP_HIST(1.0),Historical population data,I,POL,Poland,POP,Population,PS,Persons,M,Male,Y70T74,From 70 to 74 years,H,Historical,1957,,169881.5,,A,Normal value,0,Units,0,Zero
DATAFLOW,OECD.ELS.SAE:DSD_POPULATION@DF_POP_HIST(1.0),Historical population data,I,POL,Poland,POP,Population,PS,Persons,M,Male,Y20T64,From 20 to 64 years,H,Historical,1957,,7289440.5,,A,Normal value,0,Units,0,Zero
DATAFLOW,OECD.ELS.SAE:DSD_POPULATION@DF_POP_HIST(1.0),Historical population data,I,POL,Poland,POP,Population,PS,Persons,M,Male,Y15T19,From 15 to 19 years,H,Historical,1957,,1086606,,A,Normal value,0,Units,0,Zero
DATAFLOW,OECD.ELS.SAE:DSD_POPULATION@DF_POP_HIST(1.0),Historical population data,I,POL,Poland,POP,Population,PS,Persons,M,Male,Y80T84,From 80 to 84 years,H,Historical,1957,,43709.5,,A,Normal value,0,Units,0,Zero
DATAFLOW,OECD.ELS.SAE:DSD_POPULATION@DF_POP_HIST(1.0),Historical population data,I,POL,Poland,POP,Population,PS,Persons,M,Male,Y50T54,From 50 to 54 years,H,Historical,1957,,734149.5,,A,Normal value,0,Units,0,Zero
DATAFLOW,OECD.ELS.SAE:DSD_POPULATION@DF_POP_HIST(1.0),Historical population data,I,POL,Poland,POP,Population,PS,Persons,M,Male,Y15T64,From 15 to 64 years,H,Historical,1957,,8376046.5,,A,Normal value,0,Units,0,Zero
DATAFLOW,OECD.ELS.SAE:DSD_POPULATION@DF_POP_HIST(1.0),Historical population data,I,POL,Poland,POP,Population,PS,Persons,M,Male,Y75T79,From 75 to 79 years,H,Historical,1957,,91672.5,,A,Normal value,0,Units,0,Zero
DATAFLOW,OECD.ELS.SAE:DSD_POPULATION@DF_POP_HIST(1.0),Historical population data,I,POL,Poland,POP,Population,PS,Persons,M,Male,Y_LE4,4 years or less,H,Historical,1957,,1823195,,A,Normal value,0,Units,0,Zero
DATAFLOW,OECD.ELS.SAE:DSD_POPULATION@DF_POP_HIST(1.0),Historical population data,I,POL,Poland,POP,Population,PS,Persons,M,Male,Y_GE50,50 years or over,H,Historical,1957,,2265548.5,,A,Normal value,0,Units,0,Zero
DATAFLOW,OECD.ELS.SAE:DSD_POPULATION@DF_POP_HIST(1.0),Historical population data,I,POL,Poland,POP,Population,PS,Persons,M,Male,Y_GE85,85 years or over,H,Historical,1957,,18063,,A,Normal value,0,Units,0,Zero
DATAFLOW,OECD.ELS.SAE:DSD_POPULATION@DF_POP_HIST(1.0),Historical population data,I,POL,Poland,POP,Population,PS,Persons,M,Male,Y_GE65,65 years or over,H,Historical,1957,,585328.5,,A,Normal value,0,Units,0,Zero
DATAFLOW,OECD.ELS.SAE:DSD_POPULATION@DF_POP_HIST(1.0),Historical population data,I,POL,Poland,POP,Population,PS,Persons,M,Male,Y65T69,From 65 to 69 years,H,Historical,1957,,262002,,A,Normal value,0,Units,0,Zero
DATAFLOW,OECD.ELS.SAE:DSD_POPULATION@DF_POP_HIST(1.0),Historical population data,I,POL,Poland,POP,Population,PS,Persons,M,Male,Y30T34,From 30 to 34 years,H,Historical,1957,,1041825.5,,A,Normal value,0,Units,0,Zero
DATAFLOW,OECD.ELS.SAE:DSD_POPULATION@DF_POP_HIST(1.0),Historical population data,I,POL,Poland,POP,Population,PS,Persons,M,Male,Y10T14,From 10 to 14 years,H,Historical,1957,,1099786,,A,Normal value,0,Units,0,Zero
DATAFLOW,OECD.ELS.SAE:DSD_POPULATION@DF_POP_HIST(1.0),Historical population data,I,POL,Poland,POP,Population,PS,Persons,M,Male,Y_LT20,Less than 20 years,H,Historical,1957,,5651675.5,,A,Normal value,0,Units,0,Zero
DATAFLOW,OECD.ELS.SAE:DSD_POPULATION@DF_POP_HIST(1.0),Historical population data,I,POL,Poland,POP,Population,PS,Persons,M,Male,Y35T39,From 35 to 39 years,H,Historical,1957,,722584.5,,A,Normal value,0,Units,0,Zero
DATAFLOW,OECD.ELS.SAE:DSD_POPULATION@DF_POP_HIST(1.0),Historical population data,I,POL,Poland,POP,Population,PS,Persons,M,Male,Y60T64,From 60 to 64 years,H,Historical,1957,,384552,,A,Normal value,0,Units,0,Zero
DATAFLOW,OECD.ELS.SAE:DSD_POPULATION@DF_POP_HIST(1.0),Historical population data,I,POL,Poland,POP,Population,PS,Persons,M,Male,Y25T29,From 25 to 29 years,H,Historical,1957,,1177193,,A,Normal value,0,Units,0,Zero
DATAFLOW,OECD.ELS.SAE:DSD_POPULATION@DF_POP_HIST(1.0),Historical population data,I,POL,Poland,POP,Population,PS,Persons,M,Male,Y40T44,From 40 to 44 years,H,Historical,1957,,683881.5,,A,Normal value,0,Units,0,Zero
DATAFLOW,OECD.ELS.SAE:DSD_POPULATION@DF_POP_HIST(1.0),Historical population data,I,POL,Poland,POP,Population,PS,Persons,M,Male,Y20T24,From 20 to 24 years,H,Historical,1957,,1157312,,A,Normal value,0,Units,0,Zero
DATAFLOW,OECD.ELS.SAE:DSD_POPULATION@DF_POP_HIST(1.0),Historical population data,I,POL,Poland,POP,Population,PS,Persons,M,Male,Y45T49,From 45 to 49 years,H,Historical,1957,,826424,,A,Normal value,0,Units,0,Zero
DATAFLOW,OECD.ELS.SAE:DSD_POPULATION@DF_POP_HIST(1.0),Historical population data,I,POL,Poland,POP,Population,PS,Persons,M,Male,Y5T9,From 5 to 9 years,H,Historical,1957,,1642088.5,,A,Normal value,0,Units,0,Zero
DATAFLOW,OECD.ELS.SAE:DSD_POPULATION@DF_POP_HIST(1.0),Historical population data,I,POL,Poland,POP,Population,PS,Persons,M,Male,Y55T59,From 55 to 59 years,H,Historical,1957,,561518.5,,A,Normal value,0,Units,0,Zero
DATAFLOW,OECD.ELS.SAE:DSD_POPULATION@DF_POP_HIST(1.0),Historical population data,I,POL,Poland,POP,Population,PS,Persons,M,Male,Y70T74,From 70 to 74 years,H,Historical,1958,,175871.5,,A,Normal value,0,Units,0,Zero
DATAFLOW,OECD.ELS.SAE:DSD_POPULATION@DF_POP_HIST(1.0),Historical population data,I,POL,Poland,POP,Population,PS,Persons,M,Male,Y20T64,From 20 to 64 years,H,Historical,1958,,7417705.5,,A,Normal value,0,Units,0,Zero
DATAFLOW,OECD.ELS.SAE:DSD_POPULATION@DF_POP_HIST(1.0),Historical population data,I,POL,Poland,POP,Population,PS,Persons,M,Male,Y50T54,From 50 to 54 years,H,Historical,1958,,752210.5,,A,Normal value,0,Units,0,Zero
DATAFLOW,OECD.ELS.SAE:DSD_POPULATION@DF_POP_HIST(1.0),Historical population data,I,POL,Poland,POP,Population,PS,Persons,M,Male,Y80T84,From 80 to 84 years,H,Historical,1958,,44934,,A,Normal value,0,Units,0,Zero
DATAFLOW,OECD.ELS.SAE:DSD_POPULATION@DF_POP_HIST(1.0),Historical population data,I,POL,Poland,POP,Population,PS,Persons,M,Male,Y15T19,From 15 to 19 years,H,Historical,1958,,1045246.5,,A,Normal value,0,Units,0,Zero
DATAFLOW,OECD.ELS.SAE:DSD_POPULATION@DF_POP_HIST(1.0),Historical population data,I,POL,Poland,POP,Population,PS,Persons,M,Male,Y_GE50,50 years or over,H,Historical,1958,,2351427,,A,Normal value,0,Units,0,Zero
DATAFLOW,OECD.ELS.SAE:DSD_POPULATION@DF_POP_HIST(1.0),Historical population data,I,POL,Poland,POP,Population,PS,Persons,M,Male,Y_LE4,4 years or less,H,Historical,1958,,1837837,,A,Normal value,0,Units,0,Zero
DATAFLOW,OECD.ELS.SAE:DSD_POPULATION@DF_POP_HIST(1.0),Historical population data,I,POL,Poland,POP,Population,PS,Persons,M,Male,Y75T79,From 75 to 79 years,H,Historical,1958,,95618,,A,Normal value,0,Units,0,Zero
DATAFLOW,OECD.ELS.SAE:DSD_POPULATION@DF_POP_HIST(1.0),Historical population data,I,POL,Poland,POP,Population,PS,Persons,M,Male,Y15T64,From 15 to 64 years,H,Historical,1958,,8462952,,A,Normal value,0,Units,0,Zero
DATAFLOW,OECD.ELS.SAE:DSD_POPULATION@DF_POP_HIST(1.0),Historical population data,I,POL,Poland,POP,Population,PS,Persons,M,Male,Y_GE85,85 years or over,H,Historical,1958,,17172,,A,Normal value,0,Units,0,Zero
DATAFLOW,OECD.ELS.SAE:DSD_POPULATION@DF_POP_HIST(1.0),Historical population data,I,POL,Poland,POP,Population,PS,Persons,M,Male,Y_GE65,65 years or over,H,Historical,1958,,597600,,A,Normal value,0,Units,0,Zero
DATAFLOW,OECD.ELS.SAE:DSD_POPULATION@DF_POP_HIST(1.0),Historical population data,I,POL,Poland,POP,Population,PS,Persons,M,Male,Y30T34,From 30 to 34 years,H,Historical,1958,,1050837,,A,Normal value,0,Units,0,Zero
DATAFLOW,OECD.ELS.SAE:DSD_POPULATION@DF_POP_HIST(1.0),Historical population data,I,POL,Poland,POP,Population,PS,Persons,M,Male,Y65T69,From 65 to 69 years,H,Historical,1958,,264004.5,,A,Normal value,0,Units,0,Zero
DATAFLOW,OECD.ELS.SAE:DSD_POPULATION@DF_POP_HIST(1.0),Historical population data,I,POL,Poland,POP,Population,PS,Persons,M,Male,Y_LT20,Less than 20 years,H,Historical,1958,,5811274,,A,Normal value,0,Units,0,Zero
DATAFLOW,OECD.ELS.SAE:DSD_POPULATION@DF_POP_HIST(1.0),Historical population data,I,POL,Poland,POP,Population,PS,Persons,M,Male,Y10T14,From 10 to 14 years,H,Historical,1958,,1218039.5,,A,Normal value,0,Units,0,Zero
DATAFLOW,OECD.ELS.SAE:DSD_POPULATION@DF_POP_HIST(1.0),Historical population data,I,POL,Poland,POP,Population,PS,Persons,M,Male,Y25T29,From 25 to 29 years,H,Historical,1958,,1203612.5,,A,Normal value,0,Units,0,Zero
DATAFLOW,OECD.ELS.SAE:DSD_POPULATION@DF_POP_HIST(1.0),Historical population data,I,POL,Poland,POP,Population,PS,Persons,M,Male,Y60T64,From 60 to 64 years,H,Historical,1958,,409816.5,,A,Normal value,0,Units,0,Zero
DATAFLOW,OECD.ELS.SAE:DSD_POPULATION@DF_POP_HIST(1.0),Historical population data,I,POL,Poland,POP,Population,PS,Persons,M,Male,Y35T39,From 35 to 39 years,H,Historical,1958,,826634,,A,Normal value,0,Units,0,Zero
DATAFLOW,OECD.ELS.SAE:DSD_POPULATION@DF_POP_HIST(1.0),Historical population data,I,POL,Poland,POP,Population,PS,Persons,M,Male,Y40T44,From 40 to 44 years,H,Historical,1958,,619001.5,,A,Normal value,0,Units,0,Zero
DATAFLOW,OECD.ELS.SAE:DSD_POPULATION@DF_POP_HIST(1.0),Historical population data,I,POL,Poland,POP,Population,PS,Persons,M,Male,Y20T24,From 20 to 24 years,H,Historical,1958,,1135673,,A,Normal value,0,Units,0,Zero
DATAFLOW,OECD.ELS.SAE:DSD_POPULATION@DF_POP_HIST(1.0),Historical population data,I,POL,Poland,POP,Population,PS,Persons,M,Male,Y45T49,From 45 to 49 years,H,Historical,1958,,828120.5,,A,Normal value,0,Units,0,Zero
DATAFLOW,OECD.ELS.SAE:DSD_POPULATION@DF_POP_HIST(1.0),Historical population data,I,POL,Poland,POP,Population,PS,Persons,M,Male,Y5T9,From 5 to 9 years,H,Historical,1958,,1710151,,A,Normal value,0,Units,0,Zero
DATAFLOW,OECD.ELS.SAE:DSD_POPULATION@DF_POP_HIST(1.0),Historical population data,I,POL,Poland,POP,Population,PS,Persons,M,Male,Y55T59,From 55 to 59 years,H,Historical,1958,,591800,,A,Normal value,0,Units,0,Zero
DATAFLOW,OECD.ELS.SAE:DSD_POPULATION@DF_POP_HIST(1.0),Historical population data,I,POL,Poland,POP,Population,PS,Persons,M,Male,Y70T74,From 70 to 74 years,H,Historical,1959,,184135.5,,A,Normal value,0,Units,0,Zero
DATAFLOW,OECD.ELS.SAE:DSD_POPULATION@DF_POP_HIST(1.0),Historical population data,I,POL,Poland,POP,Population,PS,Persons,M,Male,Y20T64,From 20 to 64 years,H,Historical,1959,,7528513,,A,Normal value,0,Units,0,Zero
DATAFLOW,OECD.ELS.SAE:DSD_POPULATION@DF_POP_HIST(1.0),Historical population data,I,POL,Poland,POP,Population,PS,Persons,M,Male,Y15T19,From 15 to 19 years,H,Historical,1959,,1012347.5,,A,Normal value,0,Units,0,Zero
DATAFLOW,OECD.ELS.SAE:DSD_POPULATION@DF_POP_HIST(1.0),Historical population data,I,POL,Poland,POP,Population,PS,Persons,M,Male,Y80T84,From 80 to 84 years,H,Historical,1959,,45809.5,,A,Normal value,0,Units,0,Zero
DATAFLOW,OECD.ELS.SAE:DSD_POPULATION@DF_POP_HIST(1.0),Historical population data,I,POL,Poland,POP,Population,PS,Persons,M,Male,Y50T54,From 50 to 54 years,H,Historical,1959,,770767.5,,A,Normal value,0,Units,0,Zero
DATAFLOW,OECD.ELS.SAE:DSD_POPULATION@DF_POP_HIST(1.0),Historical population data,I,POL,Poland,POP,Population,PS,Persons,M,Male,Y15T64,From 15 to 64 years,H,Historical,1959,,8540860.5,,A,Normal value,0,Units,0,Zero
DATAFLOW,OECD.ELS.SAE:DSD_POPULATION@DF_POP_HIST(1.0),Historical population data,I,POL,Poland,POP,Population,PS,Persons,M,Male,Y75T79,From 75 to 79 years,H,Historical,1959,,99126.5,,A,Normal value,0,Units,0,Zero
DATAFLOW,OECD.ELS.SAE:DSD_POPULATION@DF_POP_HIST(1.0),Historical population data,I,POL,Poland,POP,Population,PS,Persons,M,Male,Y_LE4,4 years or less,H,Historical,1959,,1822363,,A,Normal value,0,Units,0,Zero
DATAFLOW,OECD.ELS.SAE:DSD_POPULATION@DF_POP_HIST(1.0),Historical population data,I,POL,Poland,POP,Population,PS,Persons,M,Male,Y_GE50,50 years or over,H,Historical,1959,,2442522.5,,A,Normal value,0,Units,0,Zero
DATAFLOW,OECD.ELS.SAE:DSD_POPULATION@DF_POP_HIST(1.0),Historical population data,I,POL,Poland,POP,Population,PS,Persons,M,Male,Y_GE85,85 years or over,H,Historical,1959,,18093,,A,Normal value,0,Units,0,Zero
DATAFLOW,OECD.ELS.SAE:DSD_POPULATION@DF_POP_HIST(1.0),Historical population data,I,POL,Poland,POP,Population,PS,Persons,M,Male,Y_GE65,65 years or over,H,Historical,1959,,621318.5,,A,Normal value,0,Units,0,Zero
DATAFLOW,OECD.ELS.SAE:DSD_POPULATION@DF_POP_HIST(1.0),Historical population data,I,POL,Poland,POP,Population,PS,Persons,M,Male,Y65T69,From 65 to 69 years,H,Historical,1959,,274154,,A,Normal value,0,Units,0,Zero
DATAFLOW,OECD.ELS.SAE:DSD_POPULATION@DF_POP_HIST(1.0),Historical population data,I,POL,Poland,POP,Population,PS,Persons,M,Male,Y30T34,From 30 to 34 years,H,Historical,1959,,1086247,,A,Normal value,0,Units,0,Zero
DATAFLOW,OECD.ELS.SAE:DSD_POPULATION@DF_POP_HIST(1.0),Historical population data,I,POL,Poland,POP,Population,PS,Persons,M,Male,Y10T14,From 10 to 14 years,H,Historical,1959,,1343230.5,,A,Normal value,0,Units,0,Zero
DATAFLOW,OECD.ELS.SAE:DSD_POPULATION@DF_POP_HIST(1.0),Historical population data,I,POL,Poland,POP,Population,PS,Persons,M,Male,Y_LT20,Less than 20 years,H,Historical,1959,,5927216,,A,Normal value,0,Units,0,Zero
DATAFLOW,OECD.ELS.SAE:DSD_POPULATION@DF_POP_HIST(1.0),Historical population data,I,POL,Poland,POP,Population,PS,Persons,M,Male,Y35T39,From 35 to 39 years,H,Historical,1959,,896007.5,,A,Normal value,0,Units,0,Zero
DATAFLOW,OECD.ELS.SAE:DSD_POPULATION@DF_POP_HIST(1.0),Historical population data,I,POL,Poland,POP,Population,PS,Persons,M,Male,Y60T64,From 60 to 64 years,H,Historical,1959,,429350,,A,Normal value,0,Units,0,Zero
DATAFLOW,OECD.ELS.SAE:DSD_POPULATION@DF_POP_HIST(1.0),Historical population data,I,POL,Poland,POP,Population,PS,Persons,M,Male,Y25T29,From 25 to 29 years,H,Historical,1959,,1190847.5,,A,Normal value,0,Units,0,Zero
DATAFLOW,OECD.ELS.SAE:DSD_POPULATION@DF_POP_HIST(1.0),Historical population data,I,POL,Poland,POP,Population,PS,Persons,M,Male,Y40T44,From 40 to 44 years,H,Historical,1959,,586842.5,,A,Normal value,0,Units,0,Zero
DATAFLOW,OECD.ELS.SAE:DSD_POPULATION@DF_POP_HIST(1.0),Historical population data,I,POL,Poland,POP,Population,PS,Persons,M,Male,Y20T24,From 20 to 24 years,H,Historical,1959,,1132745,,A,Normal value,0,Units,0,Zero
DATAFLOW,OECD.ELS.SAE:DSD_POPULATION@DF_POP_HIST(1.0),Historical population data,I,POL,Poland,POP,Population,PS,Persons,M,Male,Y45T49,From 45 to 49 years,H,Historical,1959,,814619.5,,A,Normal value,0,Units,0,Zero
DATAFLOW,OECD.ELS.SAE:DSD_POPULATION@DF_POP_HIST(1.0),Historical population data,I,POL,Poland,POP,Population,PS,Persons,M,Male,Y5T9,From 5 to 9 years,H,Historical,1959,,1749275,,A,Normal value,0,Units,0,Zero
DATAFLOW,OECD.ELS.SAE:DSD_POPULATION@DF_POP_HIST(1.0),Historical population data,I,POL,Poland,POP,Population,PS,Persons,M,Male,Y55T59,From 55 to 59 years,H,Historical,1959,,621086.5,,A,Normal value,0,Units,0,Zero
DATAFLOW,OECD.ELS.SAE:DSD_POPULATION@DF_POP_HIST(1.0),Historical population data,I,POL,Poland,POP,Population,PS,Persons,F,Female,Y_GE65,65 years or over,H,Historical,1950,,786117,,A,Normal value,0,Units,0,Zero
DATAFLOW,OECD.ELS.SAE:DSD_POPULATION@DF_POP_HIST(1.0),Historical population data,I,POL,Poland,POP,Population,PS,Persons,F,Female,Y25T29,From 25 to 29 years,H,Historical,1950,,1108212,,A,Normal value,0,Units,0,Zero
DATAFLOW,OECD.ELS.SAE:DSD_POPULATION@DF_POP_HIST(1.0),Historical population data,I,POL,Poland,POP,Population,PS,Persons,F,Female,Y20T64,From 20 to 64 years,H,Historical,1950,,7406189.5,,A,Normal value,0,Units,0,Zero
DATAFLOW,OECD.ELS.SAE:DSD_POPULATION@DF_POP_HIST(1.0),Historical population data,I,POL,Poland,POP,Population,PS,Persons,F,Female,Y40T44,From 40 to 44 years,H,Historical,1950,,943096,,A,Normal value,0,Units,0,Zero
DATAFLOW,OECD.ELS.SAE:DSD_POPULATION@DF_POP_HIST(1.0),Historical population data,I,POL,Poland,POP,Population,PS,Persons,F,Female,Y75T79,From 75 to 79 years,H,Historical,1950,,140482,,A,Normal value,0,Units,0,Zero
DATAFLOW,OECD.ELS.SAE:DSD_POPULATION@DF_POP_HIST(1.0),Historical population data,I,POL,Poland,POP,Population,PS,Persons,F,Female,Y80T84,From 80 to 84 years,H,Historical,1950,,75880.5,,A,Normal value,0,Units,0,Zero
DATAFLOW,OECD.ELS.SAE:DSD_POPULATION@DF_POP_HIST(1.0),Historical population data,I,POL,Poland,POP,Population,PS,Persons,F,Female,Y60T64,From 60 to 64 years,H,Historical,1950,,436295.5,,A,Normal value,0,Units,0,Zero
DATAFLOW,OECD.ELS.SAE:DSD_POPULATION@DF_POP_HIST(1.0),Historical population data,I,POL,Poland,POP,Population,PS,Persons,F,Female,Y65T69,From 65 to 69 years,H,Historical,1950,,314202.5,,A,Normal value,0,Units,0,Zero
DATAFLOW,OECD.ELS.SAE:DSD_POPULATION@DF_POP_HIST(1.0),Historical population data,I,POL,Poland,POP,Population,PS,Persons,F,Female,_T,Total,H,Historical,1950,,12966525,,A,Normal value,0,Units,0,Zero
DATAFLOW,OECD.ELS.SAE:DSD_POPULATION@DF_POP_HIST(1.0),Historical population data,I,POL,Poland,POP,Population,PS,Persons,F,Female,Y15T64,From 15 to 64 years,H,Historical,1950,,8614065,,A,Normal value,0,Units,0,Zero
DATAFLOW,OECD.ELS.SAE:DSD_POPULATION@DF_POP_HIST(1.0),Historical population data,I,POL,Poland,POP,Population,PS,Persons,F,Female,Y45T49,From 45 to 49 years,H,Historical,1950,,829902,,A,Normal value,0,Units,0,Zero
DATAFLOW,OECD.ELS.SAE:DSD_POPULATION@DF_POP_HIST(1.0),Historical population data,I,POL,Poland,POP,Population,PS,Persons,F,Female,Y_LT20,Less than 20 years,H,Historical,1950,,4774219,,A,Normal value,0,Units,0,Zero
DATAFLOW,OECD.ELS.SAE:DSD_POPULATION@DF_POP_HIST(1.0),Historical population data,I,POL,Poland,POP,Population,PS,Persons,F,Female,Y70T74,From 70 to 74 years,H,Historical,1950,,215194,,A,Normal value,0,Units,0,Zero
DATAFLOW,OECD.ELS.SAE:DSD_POPULATION@DF_POP_HIST(1.0),Historical population data,I,POL,Poland,POP,Population,PS,Persons,F,Female,Y35T39,From 35 to 39 years,H,Historical,1950,,956402.5,,A,Normal value,0,Units,0,Zero
DATAFLOW,OECD.ELS.SAE:DSD_POPULATION@DF_POP_HIST(1.0),Historical population data,I,POL,Poland,POP,Population,PS,Persons,F,Female,Y20T24,From 20 to 24 years,H,Historical,1950,,1208848,,A,Normal value,0,Units,0,Zero
DATAFLOW,OECD.ELS.SAE:DSD_POPULATION@DF_POP_HIST(1.0),Historical population data,I,POL,Poland,POP,Population,PS,Persons,F,Female,Y10T14,From 10 to 14 years,H,Historical,1950,,1152346.5,,A,Normal value,0,Units,0,Zero
DATAFLOW,OECD.ELS.SAE:DSD_POPULATION@DF_POP_HIST(1.0),Historical population data,I,POL,Poland,POP,Population,PS,Persons,F,Female,Y_GE85,85 years or over,H,Historical,1950,,40358,,A,Normal value,0,Units,0,Zero
DATAFLOW,OECD.ELS.SAE:DSD_POPULATION@DF_POP_HIST(1.0),Historical population data,I,POL,Poland,POP,Population,PS,Persons,F,Female,Y5T9,From 5 to 9 years,H,Historical,1950,,1002769,,A,Normal value,0,Units,0,Zero
DATAFLOW,OECD.ELS.SAE:DSD_POPULATION@DF_POP_HIST(1.0),Historical population data,I,POL,Poland,POP,Population,PS,Persons,F,Female,Y_GE50,50 years or over,H,Historical,1950,,2410785,,A,Normal value,0,Units,0,Zero
DATAFLOW,OECD.ELS.SAE:DSD_POPULATION@DF_POP_HIST(1.0),Historical population data,I,POL,Poland,POP,Population,PS,Persons,F,Female,Y50T54,From 50 to 54 years,H,Historical,1950,,678899.5,,A,Normal value,0,Units,0,Zero
DATAFLOW,OECD.ELS.SAE:DSD_POPULATION@DF_POP_HIST(1.0),Historical population data,I,POL,Poland,POP,Population,PS,Persons,F,Female,Y55T59,From 55 to 59 years,H,Historical,1950,,509473,,A,Normal value,0,Units,0,Zero
DATAFLOW,OECD.ELS.SAE:DSD_POPULATION@DF_POP_HIST(1.0),Historical population data,I,POL,Poland,POP,Population,PS,Persons,F,Female,Y_LE4,4 years or less,H,Historical,1950,,1411228,,A,Normal value,0,Units,0,Zero
DATAFLOW,OECD.ELS.SAE:DSD_POPULATION@DF_POP_HIST(1.0),Historical population data,I,POL,Poland,POP,Population,PS,Persons,F,Female,Y15T19,From 15 to 19 years,H,Historical,1950,,1207875.5,,A,Normal value,0,Units,0,Zero
DATAFLOW,OECD.ELS.SAE:DSD_POPULATION@DF_POP_HIST(1.0),Historical population data,I,POL,Poland,POP,Population,PS,Persons,F,Female,Y30T34,From 30 to 34 years,H,Historical,1950,,735061,,A,Normal value,0,Units,0,Zero
DATAFLOW,OECD.ELS.SAE:DSD_POPULATION@DF_POP_HIST(1.0),Historical population data,I,POL,Poland,POP,Population,PS,Persons,F,Female,Y25T29,From 25 to 29 years,H,Historical,1951,,1154156,,A,Normal value,0,Units,0,Zero
DATAFLOW,OECD.ELS.SAE:DSD_POPULATION@DF_POP_HIST(1.0),Historical population data,I,POL,Poland,POP,Population,PS,Persons,F,Female,Y_GE65,65 years or over,H,Historical,1951,,809707.5,,A,Normal value,0,Units,0,Zero
DATAFLOW,OECD.ELS.SAE:DSD_POPULATION@DF_POP_HIST(1.0),Historical population data,I,POL,Poland,POP,Population,PS,Persons,F,Female,Y15T64,From 15 to 64 years,H,Historical,1951,,8721747,,A,Normal value,0,Units,0,Zero
DATAFLOW,OECD.ELS.SAE:DSD_POPULATION@DF_POP_HIST(1.0),Historical population data,I,POL,Poland,POP,Population,PS,Persons,F,Female,_T,Total,H,Historical,1951,,13181780,,A,Normal value,0,Units,0,Zero
DATAFLOW,OECD.ELS.SAE:DSD_POPULATION@DF_POP_HIST(1.0),Historical population data,I,POL,Poland,POP,Population,PS,Persons,F,Female,Y65T69,From 65 to 69 years,H,Historical,1951,,327414.5,,A,Normal value,0,Units,0,Zero
DATAFLOW,OECD.ELS.SAE:DSD_POPULATION@DF_POP_HIST(1.0),Historical population data,I,POL,Poland,POP,Population,PS,Persons,F,Female,Y60T64,From 60 to 64 years,H,Historical,1951,,444257.5,,A,Normal value,0,Units,0,Zero
DATAFLOW,OECD.ELS.SAE:DSD_POPULATION@DF_POP_HIST(1.0),Historical population data,I,POL,Poland,POP,Population,PS,Persons,F,Female,Y80T84,From 80 to 84 years,H,Historical,1951,,77207.5,,A,Normal value,0,Units,0,Zero
DATAFLOW,OECD.ELS.SAE:DSD_POPULATION@DF_POP_HIST(1.0),Historical population data,I,POL,Poland,POP,Population,PS,Persons,F,Female,Y75T79,From 75 to 79 years,H,Historical,1951,,142424,,A,Normal value,0,Units,0,Zero
DATAFLOW,OECD.ELS.SAE:DSD_POPULATION@DF_POP_HIST(1.0),Historical population data,I,POL,Poland,POP,Population,PS,Persons,F,Female,Y40T44,From 40 to 44 years,H,Historical,1951,,952805.5,,A,Normal value,0,Units,0,Zero
DATAFLOW,OECD.ELS.SAE:DSD_POPULATION@DF_POP_HIST(1.0),Historical population data,I,POL,Poland,POP,Population,PS,Persons,F,Female,Y20T64,From 20 to 64 years,H,Historical,1951,,7522947.5,,A,Normal value,0,Units,0,Zero
DATAFLOW,OECD.ELS.SAE:DSD_POPULATION@DF_POP_HIST(1.0),Historical population data,I,POL,Poland,POP,Population,PS,Persons,F,Female,Y_GE85,85 years or over,H,Historical,1951,,41564,,A,Normal value,0,Units,0,Zero
DATAFLOW,OECD.ELS.SAE:DSD_POPULATION@DF_POP_HIST(1.0),Historical population data,I,POL,Poland,POP,Population,PS,Persons,F,Female,Y10T14,From 10 to 14 years,H,Historical,1951,,1118217.5,,A,Normal value,0,Units,0,Zero
DATAFLOW,OECD.ELS.SAE:DSD_POPULATION@DF_POP_HIST(1.0),Historical population data,I,POL,Poland,POP,Population,PS,Persons,F,Female,Y5T9,From 5 to 9 years,H,Historical,1951,,1014901,,A,Normal value,0,Units,0,Zero
DATAFLOW,OECD.ELS.SAE:DSD_POPULATION@DF_POP_HIST(1.0),Historical population data,I,POL,Poland,POP,Population,PS,Persons,F,Female,Y20T24,From 20 to 24 years,H,Historical,1951,,1208634,,A,Normal value,0,Units,0,Zero
DATAFLOW,OECD.ELS.SAE:DSD_POPULATION@DF_POP_HIST(1.0),Historical population data,I,POL,Poland,POP,Population,PS,Persons,F,Female,Y35T39,From 35 to 39 years,H,Historical,1951,,913163,,A,Normal value,0,Units,0,Zero
DATAFLOW,OECD.ELS.SAE:DSD_POPULATION@DF_POP_HIST(1.0),Historical population data,I,POL,Poland,POP,Population,PS,Persons,F,Female,Y70T74,From 70 to 74 years,H,Historical,1951,,221097.5,,A,Normal value,0,Units,0,Zero
DATAFLOW,OECD.ELS.SAE:DSD_POPULATION@DF_POP_HIST(1.0),Historical population data,I,POL,Poland,POP,Population,PS,Persons,F,Female,Y_LT20,Less than 20 years,H,Historical,1951,,4849124.5,,A,Normal value,0,Units,0,Zero
DATAFLOW,OECD.ELS.SAE:DSD_POPULATION@DF_POP_HIST(1.0),Historical population data,I,POL,Poland,POP,Population,PS,Persons,F,Female,Y45T49,From 45 to 49 years,H,Historical,1951,,851888,,A,Normal value,0,Units,0,Zero
DATAFLOW,OECD.ELS.SAE:DSD_POPULATION@DF_POP_HIST(1.0),Historical population data,I,POL,Poland,POP,Population,PS,Persons,F,Female,Y50T54,From 50 to 54 years,H,Historical,1951,,706552.5,,A,Normal value,0,Units,0,Zero
DATAFLOW,OECD.ELS.SAE:DSD_POPULATION@DF_POP_HIST(1.0),Historical population data,I,POL,Poland,POP,Population,PS,Persons,F,Female,Y_GE50,50 years or over,H,Historical,1951,,2489402.5,,A,Normal value,0,Units,0,Zero
DATAFLOW,OECD.ELS.SAE:DSD_POPULATION@DF_POP_HIST(1.0),Historical population data,I,POL,Poland,POP,Population,PS,Persons,F,Female,Y_LE4,4 years or less,H,Historical,1951,,1517206.5,,A,Normal value,0,Units,0,Zero
DATAFLOW,OECD.ELS.SAE:DSD_POPULATION@DF_POP_HIST(1.0),Historical population data,I,POL,Poland,POP,Population,PS,Persons,F,Female,Y55T59,From 55 to 59 years,H,Historical,1951,,528885,,A,Normal value,0,Units,0,Zero
DATAFLOW,OECD.ELS.SAE:DSD_POPULATION@DF_POP_HIST(1.0),Historical population data,I,POL,Poland,POP,Population,PS,Persons,F,Female,Y30T34,From 30 to 34 years,H,Historical,1951,,762606,,A,Normal value,0,Units,0,Zero
DATAFLOW,OECD.ELS.SAE:DSD_POPULATION@DF_POP_HIST(1.0),Historical population data,I,POL,Poland,POP,Population,PS,Persons,F,Female,Y15T19,From 15 to 19 years,H,Historical,1951,,1198799.5,,A,Normal value,0,Units,0,Zero
DATAFLOW,OECD.ELS.SAE:DSD_POPULATION@DF_POP_HIST(1.0),Historical population data,I,POL,Poland,POP,Population,PS,Persons,F,Female,Y25T29,From 25 to 29 years,H,Historical,1952,,1176443.5,,A,Normal value,0,Units,0,Zero
DATAFLOW,OECD.ELS.SAE:DSD_POPULATION@DF_POP_HIST(1.0),Historical population data,I,POL,Poland,POP,Population,PS,Persons,F,Female,Y_GE65,65 years or over,H,Historical,1952,,834056,,A,Normal value,0,Units,0,Zero
DATAFLOW,OECD.ELS.SAE:DSD_POPULATION@DF_POP_HIST(1.0),Historical population data,I,POL,Poland,POP,Population,PS,Persons,F,Female,Y20T64,From 20 to 64 years,H,Historical,1952,,7632995,,A,Normal value,0,Units,0,Zero
DATAFLOW,OECD.ELS.SAE:DSD_POPULATION@DF_POP_HIST(1.0),Historical population data,I,POL,Poland,POP,Population,PS,Persons,F,Female,Y40T44,From 40 to 44 years,H,Historical,1952,,963990,,A,Normal value,0,Units,0,Zero
DATAFLOW,OECD.ELS.SAE:DSD_POPULATION@DF_POP_HIST(1.0),Historical population data,I,POL,Poland,POP,Population,PS,Persons,F,Female,Y75T79,From 75 to 79 years,H,Historical,1952,,143831.5,,A,Normal value,0,Units,0,Zero
DATAFLOW,OECD.ELS.SAE:DSD_POPULATION@DF_POP_HIST(1.0),Historical population data,I,POL,Poland,POP,Population,PS,Persons,F,Female,Y80T84,From 80 to 84 years,H,Historical,1952,,78189,,A,Normal value,0,Units,0,Zero
DATAFLOW,OECD.ELS.SAE:DSD_POPULATION@DF_POP_HIST(1.0),Historical population data,I,POL,Poland,POP,Population,PS,Persons,F,Female,Y60T64,From 60 to 64 years,H,Historical,1952,,447859.5,,A,Normal value,0,Units,0,Zero
DATAFLOW,OECD.ELS.SAE:DSD_POPULATION@DF_POP_HIST(1.0),Historical population data,I,POL,Poland,POP,Population,PS,Persons,F,Female,Y65T69,From 65 to 69 years,H,Historical,1952,,342715.5,,A,Normal value,0,Units,0,Zero
DATAFLOW,OECD.ELS.SAE:DSD_POPULATION@DF_POP_HIST(1.0),Historical population data,I,POL,Poland,POP,Population,PS,Persons,F,Female,_T,Total,H,Historical,1952,,13399016,,A,Normal value,0,Units,0,Zero
DATAFLOW,OECD.ELS.SAE:DSD_POPULATION@DF_POP_HIST(1.0),Historical population data,I,POL,Poland,POP,Population,PS,Persons,F,Female,Y15T64,From 15 to 64 years,H,Historical,1952,,8825554.5,,A,Normal value,0,Units,0,Zero
DATAFLOW,OECD.ELS.SAE:DSD_POPULATION@DF_POP_HIST(1.0),Historical population data,I,POL,Poland,POP,Population,PS,Persons,F,Female,Y_GE85,85 years or over,H,Historical,1952,,42067.5,,A,Normal value,0,Units,0,Zero
DATAFLOW,OECD.ELS.SAE:DSD_POPULATION@DF_POP_HIST(1.0),Historical population data,I,POL,Poland,POP,Population,PS,Persons,F,Female,Y10T14,From 10 to 14 years,H,Historical,1952,,1077166.5,,A,Normal value,0,Units,0,Zero
DATAFLOW,OECD.ELS.SAE:DSD_POPULATION@DF_POP_HIST(1.0),Historical population data,I,POL,Poland,POP,Population,PS,Persons,F,Female,Y5T9,From 5 to 9 years,H,Historical,1952,,1055701.5,,A,Normal value,0,Units,0,Zero
DATAFLOW,OECD.ELS.SAE:DSD_POPULATION@DF_POP_HIST(1.0),Historical population data,I,POL,Poland,POP,Population,PS,Persons,F,Female,Y20T24,From 20 to 24 years,H,Historical,1952,,1205962,,A,Normal value,0,Units,0,Zero
DATAFLOW,OECD.ELS.SAE:DSD_POPULATION@DF_POP_HIST(1.0),Historical population data,I,POL,Poland,POP,Population,PS,Persons,F,Female,Y45T49,From 45 to 49 years,H,Historical,1952,,872071.5,,A,Normal value,0,Units,0,Zero
DATAFLOW,OECD.ELS.SAE:DSD_POPULATION@DF_POP_HIST(1.0),Historical population data,I,POL,Poland,POP,Population,PS,Persons,F,Female,Y_LT20,Less than 20 years,H,Historical,1952,,4931965.5,,A,Normal value,0,Units,0,Zero
DATAFLOW,OECD.ELS.SAE:DSD_POPULATION@DF_POP_HIST(1.0),Historical population data,I,POL,Poland,POP,Population,PS,Persons,F,Female,Y70T74,From 70 to 74 years,H,Historical,1952,,227252.5,,A,Normal value,0,Units,0,Zero
DATAFLOW,OECD.ELS.SAE:DSD_POPULATION@DF_POP_HIST(1.0),Historical population data,I,POL,Poland,POP,Population,PS,Persons,F,Female,Y35T39,From 35 to 39 years,H,Historical,1952,,846878.5,,A,Normal value,0,Units,0,Zero
DATAFLOW,OECD.ELS.SAE:DSD_POPULATION@DF_POP_HIST(1.0),Historical population data,I,POL,Poland,POP,Population,PS,Persons,F,Female,Y_GE50,50 years or over,H,Historical,1952,,2568619.5,,A,Normal value,0,Units,0,Zero
DATAFLOW,OECD.ELS.SAE:DSD_POPULATION@DF_POP_HIST(1.0),Historical population data,I,POL,Poland,POP,Population,PS,Persons,F,Female,Y50T54,From 50 to 54 years,H,Historical,1952,,731926.5,,A,Normal value,0,Units,0,Zero
DATAFLOW,OECD.ELS.SAE:DSD_POPULATION@DF_POP_HIST(1.0),Historical population data,I,POL,Poland,POP,Population,PS,Persons,F,Female,Y55T59,From 55 to 59 years,H,Historical,1952,,554777.5,,A,Normal value,0,Units,0,Zero
DATAFLOW,OECD.ELS.SAE:DSD_POPULATION@DF_POP_HIST(1.0),Historical population data,I,POL,Poland,POP,Population,PS,Persons,F,Female,Y_LE4,4 years or less,H,Historical,1952,,1606538,,A,Normal value,0,Units,0,Zero
DATAFLOW,OECD.ELS.SAE:DSD_POPULATION@DF_POP_HIST(1.0),Historical population data,I,POL,Poland,POP,Population,PS,Persons,F,Female,Y15T19,From 15 to 19 years,H,Historical,1952,,1192559.5,,A,Normal value,0,Units,0,Zero
DATAFLOW,OECD.ELS.SAE:DSD_POPULATION@DF_POP_HIST(1.0),Historical population data,I,POL,Poland,POP,Population,PS,Persons,F,Female,Y30T34,From 30 to 34 years,H,Historical,1952,,833086,,A,Normal value,0,Units,0,Zero
DATAFLOW,OECD.ELS.SAE:DSD_POPULATION@DF_POP_HIST(1.0),Historical population data,I,POL,Poland,POP,Population,PS,Persons,F,Female,Y25T29,From 25 to 29 years,H,Historical,1953,,1181323.5,,A,Normal value,0,Units,0,Zero
DATAFLOW,OECD.ELS.SAE:DSD_POPULATION@DF_POP_HIST(1.0),Historical population data,I,POL,Poland,POP,Population,PS,Persons,F,Female,Y_GE65,65 years or over,H,Historical,1953,,857585.5,,A,Normal value,0,Units,0,Zero
DATAFLOW,OECD.ELS.SAE:DSD_POPULATION@DF_POP_HIST(1.0),Historical population data,I,POL,Poland,POP,Population,PS,Persons,F,Female,Y15T64,From 15 to 64 years,H,Historical,1953,,8925009.5,,A,Normal value,0,Units,0,Zero
DATAFLOW,OECD.ELS.SAE:DSD_POPULATION@DF_POP_HIST(1.0),Historical population data,I,POL,Poland,POP,Population,PS,Persons,F,Female,_T,Total,H,Historical,1953,,13617720,,A,Normal value,0,Units,0,Zero
DATAFLOW,OECD.ELS.SAE:DSD_POPULATION@DF_POP_HIST(1.0),Historical population data,I,POL,Poland,POP,Population,PS,Persons,F,Female,Y65T69,From 65 to 69 years,H,Historical,1953,,358314,,A,Normal value,0,Units,0,Zero
DATAFLOW,OECD.ELS.SAE:DSD_POPULATION@DF_POP_HIST(1.0),Historical population data,I,POL,Poland,POP,Population,PS,Persons,F,Female,Y60T64,From 60 to 64 years,H,Historical,1953,,450453,,A,Normal value,0,Units,0,Zero
DATAFLOW,OECD.ELS.SAE:DSD_POPULATION@DF_POP_HIST(1.0),Historical population data,I,POL,Poland,POP,Population,PS,Persons,F,Female,Y80T84,From 80 to 84 years,H,Historical,1953,,78557,,A,Normal value,0,Units,0,Zero
DATAFLOW,OECD.ELS.SAE:DSD_POPULATION@DF_POP_HIST(1.0),Historical population data,I,POL,Poland,POP,Population,PS,Persons,F,Female,Y75T79,From 75 to 79 years,H,Historical,1953,,144986,,A,Normal value,0,Units,0,Zero
DATAFLOW,OECD.ELS.SAE:DSD_POPULATION@DF_POP_HIST(1.0),Historical population data,I,POL,Poland,POP,Population,PS,Persons,F,Female,Y40T44,From 40 to 44 years,H,Historical,1953,,970411.5,,A,Normal value,0,Units,0,Zero
DATAFLOW,OECD.ELS.SAE:DSD_POPULATION@DF_POP_HIST(1.0),Historical population data,I,POL,Poland,POP,Population,PS,Persons,F,Female,Y20T64,From 20 to 64 years,H,Historical,1953,,7739259,,A,Normal value,0,Units,0,Zero
DATAFLOW,OECD.ELS.SAE:DSD_POPULATION@DF_POP_HIST(1.0),Historical population data,I,POL,Poland,POP,Population,PS,Persons,F,Female,Y_GE85,85 years or over,H,Historical,1953,,41756,,A,Normal value,0,Units,0,Zero
DATAFLOW,OECD.ELS.SAE:DSD_POPULATION@DF_POP_HIST(1.0),Historical population data,I,POL,Poland,POP,Population,PS,Persons,F,Female,Y10T14,From 10 to 14 years,H,Historical,1953,,1035258.5,,A,Normal value,0,Units,0,Zero
DATAFLOW,OECD.ELS.SAE:DSD_POPULATION@DF_POP_HIST(1.0),Historical population data,I,POL,Poland,POP,Population,PS,Persons,F,Female,Y5T9,From 5 to 9 years,H,Historical,1953,,1121555.5,,A,Normal value,0,Units,0,Zero
DATAFLOW,OECD.ELS.SAE:DSD_POPULATION@DF_POP_HIST(1.0),Historical population data,I,POL,Poland,POP,Population,PS,Persons,F,Female,Y20T24,From 20 to 24 years,H,Historical,1953,,1201431,,A,Normal value,0,Units,0,Zero
DATAFLOW,OECD.ELS.SAE:DSD_POPULATION@DF_POP_HIST(1.0),Historical population data,I,POL,Poland,POP,Population,PS,Persons,F,Female,Y35T39,From 35 to 39 years,H,Historical,1953,,774009,,A,Normal value,0,Units,0,Zero
DATAFLOW,OECD.ELS.SAE:DSD_POPULATION@DF_POP_HIST(1.0),Historical population data,I,POL,Poland,POP,Population,PS,Persons,F,Female,Y70T74,From 70 to 74 years,H,Historical,1953,,233972.5,,A,Normal value,0,Units,0,Zero
DATAFLOW,OECD.ELS.SAE:DSD_POPULATION@DF_POP_HIST(1.0),Historical population data,I,POL,Poland,POP,Population,PS,Persons,F,Female,Y_LT20,Less than 20 years,H,Historical,1953,,5020875.5,,A,Normal value,0,Units,0,Zero
DATAFLOW,OECD.ELS.SAE:DSD_POPULATION@DF_POP_HIST(1.0),Historical population data,I,POL,Poland,POP,Population,PS,Persons,F,Female,Y45T49,From 45 to 49 years,H,Historical,1953,,890610,,A,Normal value,0,Units,0,Zero
DATAFLOW,OECD.ELS.SAE:DSD_POPULATION@DF_POP_HIST(1.0),Historical population data,I,POL,Poland,POP,Population,PS,Persons,F,Female,Y50T54,From 50 to 54 years,H,Historical,1953,,755588,,A,Normal value,0,Units,0,Zero
DATAFLOW,OECD.ELS.SAE:DSD_POPULATION@DF_POP_HIST(1.0),Historical population data,I,POL,Poland,POP,Population,PS,Persons,F,Female,Y_GE50,50 years or over,H,Historical,1953,,2648864.5,,A,Normal value,0,Units,0,Zero
DATAFLOW,OECD.ELS.SAE:DSD_POPULATION@DF_POP_HIST(1.0),Historical population data,I,POL,Poland,POP,Population,PS,Persons,F,Female,Y_LE4,4 years or less,H,Historical,1953,,1678311,,A,Normal value,0,Units,0,Zero
DATAFLOW,OECD.ELS.SAE:DSD_POPULATION@DF_POP_HIST(1.0),Historical population data,I,POL,Poland,POP,Population,PS,Persons,F,Female,Y55T59,From 55 to 59 years,H,Historical,1953,,585238,,A,Normal value,0,Units,0,Zero
DATAFLOW,OECD.ELS.SAE:DSD_POPULATION@DF_POP_HIST(1.0),Historical population data,I,POL,Poland,POP,Population,PS,Persons,F,Female,Y30T34,From 30 to 34 years,H,Historical,1953,,930195,,A,Normal value,0,Units,0,Zero
DATAFLOW,OECD.ELS.SAE:DSD_POPULATION@DF_POP_HIST(1.0),Historical population data,I,POL,Poland,POP,Population,PS,Persons,F,Female,Y15T19,From 15 to 19 years,H,Historical,1953,,1185750.5,,A,Normal value,0,Units,0,Zero
DATAFLOW,OECD.ELS.SAE:DSD_POPULATION@DF_POP_HIST(1.0),Historical population data,I,POL,Poland,POP,Population,PS,Persons,F,Female,Y25T29,From 25 to 29 years,H,Historical,1954,,1182103,,A,Normal value,0,Units,0,Zero
DATAFLOW,OECD.ELS.SAE:DSD_POPULATION@DF_POP_HIST(1.0),Historical population data,I,POL,Poland,POP,Population,PS,Persons,F,Female,Y_GE65,65 years or over,H,Historical,1954,,880853.5,,A,Normal value,0,Units,0,Zero
DATAFLOW,OECD.ELS.SAE:DSD_POPULATION@DF_POP_HIST(1.0),Historical population data,I,POL,Poland,POP,Population,PS,Persons,F,Female,Y20T64,From 20 to 64 years,H,Historical,1954,,7845310.5,,A,Normal value,0,Units,0,Zero
DATAFLOW,OECD.ELS.SAE:DSD_POPULATION@DF_POP_HIST(1.0),Historical population data,I,POL,Poland,POP,Population,PS,Persons,F,Female,Y40T44,From 40 to 44 years,H,Historical,1954,,961016.5,,A,Normal value,0,Units,0,Zero
DATAFLOW,OECD.ELS.SAE:DSD_POPULATION@DF_POP_HIST(1.0),Historical population data,I,POL,Poland,POP,Population,PS,Persons,F,Female,Y75T79,From 75 to 79 years,H,Historical,1954,,146922,,A,Normal value,0,Units,0,Zero
DATAFLOW,OECD.ELS.SAE:DSD_POPULATION@DF_POP_HIST(1.0),Historical population data,I,POL,Poland,POP,Population,PS,Persons,F,Female,Y80T84,From 80 to 84 years,H,Historical,1954,,78756,,A,Normal value,0,Units,0,Zero
DATAFLOW,OECD.ELS.SAE:DSD_POPULATION@DF_POP_HIST(1.0),Historical population data,I,POL,Poland,POP,Population,PS,Persons,F,Female,Y60T64,From 60 to 64 years,H,Historical,1954,,457722.5,,A,Normal value,0,Units,0,Zero
DATAFLOW,OECD.ELS.SAE:DSD_POPULATION@DF_POP_HIST(1.0),Historical population data,I,POL,Poland,POP,Population,PS,Persons,F,Female,Y65T69,From 65 to 69 years,H,Historical,1954,,371691.5,,A,Normal value,0,Units,0,Zero
DATAFLOW,OECD.ELS.SAE:DSD_POPULATION@DF_POP_HIST(1.0),Historical population data,I,POL,Poland,POP,Population,PS,Persons,F,Female,_T,Total,H,Historical,1954,,13842187,,A,Normal value,0,Units,0,Zero
DATAFLOW,OECD.ELS.SAE:DSD_POPULATION@DF_POP_HIST(1.0),Historical population data,I,POL,Poland,POP,Population,PS,Persons,F,Female,Y15T64,From 15 to 64 years,H,Historical,1954,,9014668,,A,Normal value,0,Units,0,Zero
DATAFLOW,OECD.ELS.SAE:DSD_POPULATION@DF_POP_HIST(1.0),Historical population data,I,POL,Poland,POP,Population,PS,Persons,F,Female,Y_GE85,85 years or over,H,Historical,1954,,41276,,A,Normal value,0,Units,0,Zero
DATAFLOW,OECD.ELS.SAE:DSD_POPULATION@DF_POP_HIST(1.0),Historical population data,I,POL,Poland,POP,Population,PS,Persons,F,Female,Y10T14,From 10 to 14 years,H,Historical,1954,,1006216.5,,A,Normal value,0,Units,0,Zero
DATAFLOW,OECD.ELS.SAE:DSD_POPULATION@DF_POP_HIST(1.0),Historical population data,I,POL,Poland,POP,Population,PS,Persons,F,Female,Y5T9,From 5 to 9 years,H,Historical,1954,,1236784,,A,Normal value,0,Units,0,Zero
DATAFLOW,OECD.ELS.SAE:DSD_POPULATION@DF_POP_HIST(1.0),Historical population data,I,POL,Poland,POP,Population,PS,Persons,F,Female,Y20T24,From 20 to 24 years,H,Historical,1954,,1195397,,A,Normal value,0,Units,0,Zero
DATAFLOW,OECD.ELS.SAE:DSD_POPULATION@DF_POP_HIST(1.0),Historical population data,I,POL,Poland,POP,Population,PS,Persons,F,Female,Y45T49,From 45 to 49 years,H,Historical,1954,,907322.5,,A,Normal value,0,Units,0,Zero
DATAFLOW,OECD.ELS.SAE:DSD_POPULATION@DF_POP_HIST(1.0),Historical population data,I,POL,Poland,POP,Population,PS,Persons,F,Female,Y_LT20,Less than 20 years,H,Historical,1954,,5116023,,A,Normal value,0,Units,0,Zero
DATAFLOW,OECD.ELS.SAE:DSD_POPULATION@DF_POP_HIST(1.0),Historical population data,I,POL,Poland,POP,Population,PS,Persons,F,Female,Y70T74,From 70 to 74 years,H,Historical,1954,,242208,,A,Normal value,0,Units,0,Zero
DATAFLOW,OECD.ELS.SAE:DSD_POPULATION@DF_POP_HIST(1.0),Historical population data,I,POL,Poland,POP,Population,PS,Persons,F,Female,Y35T39,From 35 to 39 years,H,Historical,1954,,727592,,A,Normal value,0,Units,0,Zero
DATAFLOW,OECD.ELS.SAE:DSD_POPULATION@DF_POP_HIST(1.0),Historical population data,I,POL,Poland,POP,Population,PS,Persons,F,Female,Y_GE50,50 years or over,H,Historical,1954,,2733444.5,,A,Normal value,0,Units,0,Zero
DATAFLOW,OECD.ELS.SAE:DSD_POPULATION@DF_POP_HIST(1.0),Historical population data,I,POL,Poland,POP,Population,PS,Persons,F,Female,Y50T54,From 50 to 54 years,H,Historical,1954,,778963.5,,A,Normal value,0,Units,0,Zero
DATAFLOW,OECD.ELS.SAE:DSD_POPULATION@DF_POP_HIST(1.0),Historical population data,I,POL,Poland,POP,Population,PS,Persons,F,Female,Y55T59,From 55 to 59 years,H,Historical,1954,,615905,,A,Normal value,0,Units,0,Zero
DATAFLOW,OECD.ELS.SAE:DSD_POPULATION@DF_POP_HIST(1.0),Historical population data,I,POL,Poland,POP,Population,PS,Persons,F,Female,Y_LE4,4 years or less,H,Historical,1954,,1703665,,A,Normal value,0,Units,0,Zero
DATAFLOW,OECD.ELS.SAE:DSD_POPULATION@DF_POP_HIST(1.0),Historical population data,I,POL,Poland,POP,Population,PS,Persons,F,Female,Y15T19,From 15 to 19 years,H,Historical,1954,,1169357.5,,A,Normal value,0,Units,0,Zero
DATAFLOW,OECD.ELS.SAE:DSD_POPULATION@DF_POP_HIST(1.0),Historical population data,I,POL,Poland,POP,Population,PS,Persons,F,Female,Y30T34,From 30 to 34 years,H,Historical,1954,,1019288.5,,A,Normal value,0,Units,0,Zero
DATAFLOW,OECD.ELS.SAE:DSD_POPULATION@DF_POP_HIST(1.0),Historical population data,I,POL,Poland,POP,Population,PS,Persons,F,Female,Y25T29,From 25 to 29 years,H,Historical,1955,,1184117.5,,A,Normal value,0,Units,0,Zero
DATAFLOW,OECD.ELS.SAE:DSD_POPULATION@DF_POP_HIST(1.0),Historical population data,I,POL,Poland,POP,Population,PS,Persons,F,Female,Y_GE65,65 years or over,H,Historical,1955,,903472.5,,A,Normal value,0,Units,0,Zero
DATAFLOW,OECD.ELS.SAE:DSD_POPULATION@DF_POP_HIST(1.0),Historical population data,I,POL,Poland,POP,Population,PS,Persons,F,Female,Y15T64,From 15 to 64 years,H,Historical,1955,,9092128,,A,Normal value,0,Units,0,Zero
DATAFLOW,OECD.ELS.SAE:DSD_POPULATION@DF_POP_HIST(1.0),Historical population data,I,POL,Poland,POP,Population,PS,Persons,F,Female,_T,Total,H,Historical,1955,,14070567,,A,Normal value,0,Units,0,Zero
DATAFLOW,OECD.ELS.SAE:DSD_POPULATION@DF_POP_HIST(1.0),Historical population data,I,POL,Poland,POP,Population,PS,Persons,F,Female,Y65T69,From 65 to 69 years,H,Historical,1955,,382361,,A,Normal value,0,Units,0,Zero
DATAFLOW,OECD.ELS.SAE:DSD_POPULATION@DF_POP_HIST(1.0),Historical population data,I,POL,Poland,POP,Population,PS,Persons,F,Female,Y60T64,From 60 to 64 years,H,Historical,1955,,471196.5,,A,Normal value,0,Units,0,Zero
DATAFLOW,OECD.ELS.SAE:DSD_POPULATION@DF_POP_HIST(1.0),Historical population data,I,POL,Poland,POP,Population,PS,Persons,F,Female,Y80T84,From 80 to 84 years,H,Historical,1955,,78920.5,,A,Normal value,0,Units,0,Zero
DATAFLOW,OECD.ELS.SAE:DSD_POPULATION@DF_POP_HIST(1.0),Historical population data,I,POL,Poland,POP,Population,PS,Persons,F,Female,Y75T79,From 75 to 79 years,H,Historical,1955,,149860,,A,Normal value,0,Units,0,Zero
DATAFLOW,OECD.ELS.SAE:DSD_POPULATION@DF_POP_HIST(1.0),Historical population data,I,POL,Poland,POP,Population,PS,Persons,F,Female,Y40T44,From 40 to 44 years,H,Historical,1955,,936138.5,,A,Normal value,0,Units,0,Zero
DATAFLOW,OECD.ELS.SAE:DSD_POPULATION@DF_POP_HIST(1.0),Historical population data,I,POL,Poland,POP,Population,PS,Persons,F,Female,Y20T64,From 20 to 64 years,H,Historical,1955,,7950038.5,,A,Normal value,0,Units,0,Zero
DATAFLOW,OECD.ELS.SAE:DSD_POPULATION@DF_POP_HIST(1.0),Historical population data,I,POL,Poland,POP,Population,PS,Persons,F,Female,Y_GE85,85 years or over,H,Historical,1955,,40768,,A,Normal value,0,Units,0,Zero
DATAFLOW,OECD.ELS.SAE:DSD_POPULATION@DF_POP_HIST(1.0),Historical population data,I,POL,Poland,POP,Population,PS,Persons,F,Female,Y10T14,From 10 to 14 years,H,Historical,1955,,996786,,A,Normal value,0,Units,0,Zero
DATAFLOW,OECD.ELS.SAE:DSD_POPULATION@DF_POP_HIST(1.0),Historical population data,I,POL,Poland,POP,Population,PS,Persons,F,Female,Y5T9,From 5 to 9 years,H,Historical,1955,,1372292.5,,A,Normal value,0,Units,0,Zero
DATAFLOW,OECD.ELS.SAE:DSD_POPULATION@DF_POP_HIST(1.0),Historical population data,I,POL,Poland,POP,Population,PS,Persons,F,Female,Y20T24,From 20 to 24 years,H,Historical,1955,,1187309,,A,Normal value,0,Units,0,Zero
DATAFLOW,OECD.ELS.SAE:DSD_POPULATION@DF_POP_HIST(1.0),Historical population data,I,POL,Poland,POP,Population,PS,Persons,F,Female,Y35T39,From 35 to 39 years,H,Historical,1955,,718511.5,,A,Normal value,0,Units,0,Zero
DATAFLOW,OECD.ELS.SAE:DSD_POPULATION@DF_POP_HIST(1.0),Historical population data,I,POL,Poland,POP,Population,PS,Persons,F,Female,Y70T74,From 70 to 74 years,H,Historical,1955,,251563,,A,Normal value,0,Units,0,Zero
DATAFLOW,OECD.ELS.SAE:DSD_POPULATION@DF_POP_HIST(1.0),Historical population data,I,POL,Poland,POP,Population,PS,Persons,F,Female,Y_LT20,Less than 20 years,H,Historical,1955,,5217055.5,,A,Normal value,0,Units,0,Zero
DATAFLOW,OECD.ELS.SAE:DSD_POPULATION@DF_POP_HIST(1.0),Historical population data,I,POL,Poland,POP,Population,PS,Persons,F,Female,Y45T49,From 45 to 49 years,H,Historical,1955,,919691,,A,Normal value,0,Units,0,Zero
DATAFLOW,OECD.ELS.SAE:DSD_POPULATION@DF_POP_HIST(1.0),Historical population data,I,POL,Poland,POP,Population,PS,Persons,F,Female,Y50T54,From 50 to 54 years,H,Historical,1955,,802338.5,,A,Normal value,0,Units,0,Zero
DATAFLOW,OECD.ELS.SAE:DSD_POPULATION@DF_POP_HIST(1.0),Historical population data,I,POL,Poland,POP,Population,PS,Persons,F,Female,Y_GE50,50 years or over,H,Historical,1955,,2821838,,A,Normal value,0,Units,0,Zero
DATAFLOW,OECD.ELS.SAE:DSD_POPULATION@DF_POP_HIST(1.0),Historical population data,I,POL,Poland,POP,Population,PS,Persons,F,Female,Y_LE4,4 years or less,H,Historical,1955,,1705887.5,,A,Normal value,0,Units,0,Zero
DATAFLOW,OECD.ELS.SAE:DSD_POPULATION@DF_POP_HIST(1.0),Historical population data,I,POL,Poland,POP,Population,PS,Persons,F,Female,Y55T59,From 55 to 59 years,H,Historical,1955,,644830.5,,A,Normal value,0,Units,0,Zero
DATAFLOW,OECD.ELS.SAE:DSD_POPULATION@DF_POP_HIST(1.0),Historical population data,I,POL,Poland,POP,Population,PS,Persons,F,Female,Y30T34,From 30 to 34 years,H,Historical,1955,,1085905.5,,A,Normal value,0,Units,0,Zero
DATAFLOW,OECD.ELS.SAE:DSD_POPULATION@DF_POP_HIST(1.0),Historical population data,I,POL,Poland,POP,Population,PS,Persons,F,Female,Y15T19,From 15 to 19 years,H,Historical,1955,,1142089.5,,A,Normal value,0,Units,0,Zero
DATAFLOW,OECD.ELS.SAE:DSD_POPULATION@DF_POP_HIST(1.0),Historical population data,I,POL,Poland,POP,Population,PS,Persons,F,Female,Y25T29,From 25 to 29 years,H,Historical,1956,,1184466.5,,A,Normal value,0,Units,0,Zero
DATAFLOW,OECD.ELS.SAE:DSD_POPULATION@DF_POP_HIST(1.0),Historical population data,I,POL,Poland,POP,Population,PS,Persons,F,Female,Y_GE65,65 years or over,H,Historical,1956,,925756,,A,Normal value,0,Units,0,Zero
DATAFLOW,OECD.ELS.SAE:DSD_POPULATION@DF_POP_HIST(1.0),Historical population data,I,POL,Poland,POP,Population,PS,Persons,F,Female,Y20T64,From 20 to 64 years,H,Historical,1956,,8052274.5,,A,Normal value,0,Units,0,Zero
DATAFLOW,OECD.ELS.SAE:DSD_POPULATION@DF_POP_HIST(1.0),Historical population data,I,POL,Poland,POP,Population,PS,Persons,F,Female,Y40T44,From 40 to 44 years,H,Historical,1956,,894195,,A,Normal value,0,Units,0,Zero
DATAFLOW,OECD.ELS.SAE:DSD_POPULATION@DF_POP_HIST(1.0),Historical population data,I,POL,Poland,POP,Population,PS,Persons,F,Female,Y75T79,From 75 to 79 years,H,Historical,1956,,153614,,A,Normal value,0,Units,0,Zero
DATAFLOW,OECD.ELS.SAE:DSD_POPULATION@DF_POP_HIST(1.0),Historical population data,I,POL,Poland,POP,Population,PS,Persons,F,Female,Y80T84,From 80 to 84 years,H,Historical,1956,,79202,,A,Normal value,0,Units,0,Zero
DATAFLOW,OECD.ELS.SAE:DSD_POPULATION@DF_POP_HIST(1.0),Historical population data,I,POL,Poland,POP,Population,PS,Persons,F,Female,Y60T64,From 60 to 64 years,H,Historical,1956,,490003.5,,A,Normal value,0,Units,0,Zero
DATAFLOW,OECD.ELS.SAE:DSD_POPULATION@DF_POP_HIST(1.0),Historical population data,I,POL,Poland,POP,Population,PS,Persons,F,Female,Y65T69,From 65 to 69 years,H,Historical,1956,,390137.5,,A,Normal value,0,Units,0,Zero
DATAFLOW,OECD.ELS.SAE:DSD_POPULATION@DF_POP_HIST(1.0),Historical population data,I,POL,Poland,POP,Population,PS,Persons,F,Female,_T,Total,H,Historical,1956,,14297430,,A,Normal value,0,Units,0,Zero
DATAFLOW,OECD.ELS.SAE:DSD_POPULATION@DF_POP_HIST(1.0),Historical population data,I,POL,Poland,POP,Population,PS,Persons,F,Female,Y15T64,From 15 to 64 years,H,Historical,1956,,9160724.5,,A,Normal value,0,Units,0,Zero
DATAFLOW,OECD.ELS.SAE:DSD_POPULATION@DF_POP_HIST(1.0),Historical population data,I,POL,Poland,POP,Population,PS,Persons,F,Female,Y_GE85,85 years or over,H,Historical,1956,,40396,,A,Normal value,0,Units,0,Zero
DATAFLOW,OECD.ELS.SAE:DSD_POPULATION@DF_POP_HIST(1.0),Historical population data,I,POL,Poland,POP,Population,PS,Persons,F,Female,Y10T14,From 10 to 14 years,H,Historical,1956,,1009143,,A,Normal value,0,Units,0,Zero
DATAFLOW,OECD.ELS.SAE:DSD_POPULATION@DF_POP_HIST(1.0),Historical population data,I,POL,Poland,POP,Population,PS,Persons,F,Female,Y5T9,From 5 to 9 years,H,Historical,1956,,1483038.5,,A,Normal value,0,Units,0,Zero
DATAFLOW,OECD.ELS.SAE:DSD_POPULATION@DF_POP_HIST(1.0),Historical population data,I,POL,Poland,POP,Population,PS,Persons,F,Female,Y20T24,From 20 to 24 years,H,Historical,1956,,1178857.5,,A,Normal value,0,Units,0,Zero
DATAFLOW,OECD.ELS.SAE:DSD_POPULATION@DF_POP_HIST(1.0),Historical population data,I,POL,Poland,POP,Population,PS,Persons,F,Female,Y45T49,From 45 to 49 years,H,Historical,1956,,929946.5,,A,Normal value,0,Units,0,Zero
DATAFLOW,OECD.ELS.SAE:DSD_POPULATION@DF_POP_HIST(1.0),Historical population data,I,POL,Poland,POP,Population,PS,Persons,F,Female,Y_LT20,Less than 20 years,H,Historical,1956,,5319399,,A,Normal value,0,Units,0,Zero
DATAFLOW,OECD.ELS.SAE:DSD_POPULATION@DF_POP_HIST(1.0),Historical population data,I,POL,Poland,POP,Population,PS,Persons,F,Female,Y70T74,From 70 to 74 years,H,Historical,1956,,262406.5,,A,Normal value,0,Units,0,Zero
DATAFLOW,OECD.ELS.SAE:DSD_POPULATION@DF_POP_HIST(1.0),Historical population data,I,POL,Poland,POP,Population,PS,Persons,F,Female,Y35T39,From 35 to 39 years,H,Historical,1956,,746029.5,,A,Normal value,0,Units,0,Zero
DATAFLOW,OECD.ELS.SAE:DSD_POPULATION@DF_POP_HIST(1.0),Historical population data,I,POL,Poland,POP,Population,PS,Persons,F,Female,Y_GE50,50 years or over,H,Historical,1956,,2912623.5,,A,Normal value,0,Units,0,Zero
DATAFLOW,OECD.ELS.SAE:DSD_POPULATION@DF_POP_HIST(1.0),Historical population data,I,POL,Poland,POP,Population,PS,Persons,F,Female,Y50T54,From 50 to 54 years,H,Historical,1956,,824627,,A,Normal value,0,Units,0,Zero
DATAFLOW,OECD.ELS.SAE:DSD_POPULATION@DF_POP_HIST(1.0),Historical population data,I,POL,Poland,POP,Population,PS,Persons,F,Female,Y55T59,From 55 to 59 years,H,Historical,1956,,672237,,A,Normal value,0,Units,0,Zero
DATAFLOW,OECD.ELS.SAE:DSD_POPULATION@DF_POP_HIST(1.0),Historical population data,I,POL,Poland,POP,Population,PS,Persons,F,Female,Y_LE4,4 years or less,H,Historical,1956,,1718767.5,,A,Normal value,0,Units,0,Zero
DATAFLOW,OECD.ELS.SAE:DSD_POPULATION@DF_POP_HIST(1.0),Historical population data,I,POL,Poland,POP,Population,PS,Persons,F,Female,Y15T19,From 15 to 19 years,H,Historical,1956,,1108450,,A,Normal value,0,Units,0,Zero
DATAFLOW,OECD.ELS.SAE:DSD_POPULATION@DF_POP_HIST(1.0),Historical population data,I,POL,Poland,POP,Population,PS,Persons,F,Female,Y30T34,From 30 to 34 years,H,Historical,1956,,1131912,,A,Normal value,0,Units,0,Zero
DATAFLOW,OECD.ELS.SAE:DSD_POPULATION@DF_POP_HIST(1.0),Historical population data,I,POL,Poland,POP,Population,PS,Persons,F,Female,Y25T29,From 25 to 29 years,H,Historical,1957,,1198242,,A,Normal value,0,Units,0,Zero
DATAFLOW,OECD.ELS.SAE:DSD_POPULATION@DF_POP_HIST(1.0),Historical population data,I,POL,Poland,POP,Population,PS,Persons,F,Female,Y_GE65,65 years or over,H,Historical,1957,,946217.5,,A,Normal value,0,Units,0,Zero
DATAFLOW,OECD.ELS.SAE:DSD_POPULATION@DF_POP_HIST(1.0),Historical population data,I,POL,Poland,POP,Population,PS,Persons,F,Female,Y15T64,From 15 to 64 years,H,Historical,1957,,9208495.5,,A,Normal value,0,Units,0,Zero
DATAFLOW,OECD.ELS.SAE:DSD_POPULATION@DF_POP_HIST(1.0),Historical population data,I,POL,Poland,POP,Population,PS,Persons,F,Female,_T,Total,H,Historical,1957,,14550053,,A,Normal value,0,Units,0,Zero
DATAFLOW,OECD.ELS.SAE:DSD_POPULATION@DF_POP_HIST(1.0),Historical population data,I,POL,Poland,POP,Population,PS,Persons,F,Female,Y65T69,From 65 to 69 years,H,Historical,1957,,392489.5,,A,Normal value,0,Units,0,Zero
DATAFLOW,OECD.ELS.SAE:DSD_POPULATION@DF_POP_HIST(1.0),Historical population data,I,POL,Poland,POP,Population,PS,Persons,F,Female,Y60T64,From 60 to 64 years,H,Historical,1957,,522938,,A,Normal value,0,Units,0,Zero
DATAFLOW,OECD.ELS.SAE:DSD_POPULATION@DF_POP_HIST(1.0),Historical population data,I,POL,Poland,POP,Population,PS,Persons,F,Female,Y80T84,From 80 to 84 years,H,Historical,1957,,81801,,A,Normal value,0,Units,0,Zero
DATAFLOW,OECD.ELS.SAE:DSD_POPULATION@DF_POP_HIST(1.0),Historical population data,I,POL,Poland,POP,Population,PS,Persons,F,Female,Y75T79,From 75 to 79 years,H,Historical,1957,,160122.5,,A,Normal value,0,Units,0,Zero
DATAFLOW,OECD.ELS.SAE:DSD_POPULATION@DF_POP_HIST(1.0),Historical population data,I,POL,Poland,POP,Population,PS,Persons,F,Female,Y40T44,From 40 to 44 years,H,Historical,1957,,812682.5,,A,Normal value,0,Units,0,Zero
DATAFLOW,OECD.ELS.SAE:DSD_POPULATION@DF_POP_HIST(1.0),Historical population data,I,POL,Poland,POP,Population,PS,Persons,F,Female,Y20T64,From 20 to 64 years,H,Historical,1957,,8149968,,A,Normal value,0,Units,0,Zero
DATAFLOW,OECD.ELS.SAE:DSD_POPULATION@DF_POP_HIST(1.0),Historical population data,I,POL,Poland,POP,Population,PS,Persons,F,Female,Y_GE85,85 years or over,H,Historical,1957,,39077,,A,Normal value,0,Units,0,Zero
DATAFLOW,OECD.ELS.SAE:DSD_POPULATION@DF_POP_HIST(1.0),Historical population data,I,POL,Poland,POP,Population,PS,Persons,F,Female,Y10T14,From 10 to 14 years,H,Historical,1957,,1073090,,A,Normal value,0,Units,0,Zero
DATAFLOW,OECD.ELS.SAE:DSD_POPULATION@DF_POP_HIST(1.0),Historical population data,I,POL,Poland,POP,Population,PS,Persons,F,Female,Y5T9,From 5 to 9 years,H,Historical,1957,,1581282.5,,A,Normal value,0,Units,0,Zero
DATAFLOW,OECD.ELS.SAE:DSD_POPULATION@DF_POP_HIST(1.0),Historical population data,I,POL,Poland,POP,Population,PS,Persons,F,Female,Y20T24,From 20 to 24 years,H,Historical,1957,,1152025,,A,Normal value,0,Units,0,Zero
DATAFLOW,OECD.ELS.SAE:DSD_POPULATION@DF_POP_HIST(1.0),Historical population data,I,POL,Poland,POP,Population,PS,Persons,F,Female,Y35T39,From 35 to 39 years,H,Historical,1957,,831008,,A,Normal value,0,Units,0,Zero
DATAFLOW,OECD.ELS.SAE:DSD_POPULATION@DF_POP_HIST(1.0),Historical population data,I,POL,Poland,POP,Population,PS,Persons,F,Female,Y70T74,From 70 to 74 years,H,Historical,1957,,272727.5,,A,Normal value,0,Units,0,Zero
DATAFLOW,OECD.ELS.SAE:DSD_POPULATION@DF_POP_HIST(1.0),Historical population data,I,POL,Poland,POP,Population,PS,Persons,F,Female,Y_LT20,Less than 20 years,H,Historical,1957,,5453868,,A,Normal value,0,Units,0,Zero
DATAFLOW,OECD.ELS.SAE:DSD_POPULATION@DF_POP_HIST(1.0),Historical population data,I,POL,Poland,POP,Population,PS,Persons,F,Female,Y45T49,From 45 to 49 years,H,Historical,1957,,937522,,A,Normal value,0,Units,0,Zero
DATAFLOW,OECD.ELS.SAE:DSD_POPULATION@DF_POP_HIST(1.0),Historical population data,I,POL,Poland,POP,Population,PS,Persons,F,Female,Y50T54,From 50 to 54 years,H,Historical,1957,,836960,,A,Normal value,0,Units,0,Zero
DATAFLOW,OECD.ELS.SAE:DSD_POPULATION@DF_POP_HIST(1.0),Historical population data,I,POL,Poland,POP,Population,PS,Persons,F,Female,Y_GE50,50 years or over,H,Historical,1957,,3006911.5,,A,Normal value,0,Units,0,Zero
DATAFLOW,OECD.ELS.SAE:DSD_POPULATION@DF_POP_HIST(1.0),Historical population data,I,POL,Poland,POP,Population,PS,Persons,F,Female,Y_LE4,4 years or less,H,Historical,1957,,1740968,,A,Normal value,0,Units,0,Zero
DATAFLOW,OECD.ELS.SAE:DSD_POPULATION@DF_POP_HIST(1.0),Historical population data,I,POL,Poland,POP,Population,PS,Persons,F,Female,Y55T59,From 55 to 59 years,H,Historical,1957,,700796,,A,Normal value,0,Units,0,Zero
DATAFLOW,OECD.ELS.SAE:DSD_POPULATION@DF_POP_HIST(1.0),Historical population data,I,POL,Poland,POP,Population,PS,Persons,F,Female,Y30T34,From 30 to 34 years,H,Historical,1957,,1157794.5,,A,Normal value,0,Units,0,Zero
DATAFLOW,OECD.ELS.SAE:DSD_POPULATION@DF_POP_HIST(1.0),Historical population data,I,POL,Poland,POP,Population,PS,Persons,F,Female,Y15T19,From 15 to 19 years,H,Historical,1957,,1058527.5,,A,Normal value,0,Units,0,Zero
DATAFLOW,OECD.ELS.SAE:DSD_POPULATION@DF_POP_HIST(1.0),Historical population data,I,POL,Poland,POP,Population,PS,Persons,F,Female,Y25T29,From 25 to 29 years,H,Historical,1958,,1203351,,A,Normal value,0,Units,0,Zero
DATAFLOW,OECD.ELS.SAE:DSD_POPULATION@DF_POP_HIST(1.0),Historical population data,I,POL,Poland,POP,Population,PS,Persons,F,Female,Y_GE65,65 years or over,H,Historical,1958,,974449,,A,Normal value,0,Units,0,Zero
DATAFLOW,OECD.ELS.SAE:DSD_POPULATION@DF_POP_HIST(1.0),Historical population data,I,POL,Poland,POP,Population,PS,Persons,F,Female,Y20T64,From 20 to 64 years,H,Historical,1958,,8242754,,A,Normal value,0,Units,0,Zero
DATAFLOW,OECD.ELS.SAE:DSD_POPULATION@DF_POP_HIST(1.0),Historical population data,I,POL,Poland,POP,Population,PS,Persons,F,Female,Y40T44,From 40 to 44 years,H,Historical,1958,,729433.5,,A,Normal value,0,Units,0,Zero
DATAFLOW,OECD.ELS.SAE:DSD_POPULATION@DF_POP_HIST(1.0),Historical population data,I,POL,Poland,POP,Population,PS,Persons,F,Female,Y75T79,From 75 to 79 years,H,Historical,1958,,167891,,A,Normal value,0,Units,0,Zero
DATAFLOW,OECD.ELS.SAE:DSD_POPULATION@DF_POP_HIST(1.0),Historical population data,I,POL,Poland,POP,Population,PS,Persons,F,Female,Y80T84,From 80 to 84 years,H,Historical,1958,,85257.5,,A,Normal value,0,Units,0,Zero
DATAFLOW,OECD.ELS.SAE:DSD_POPULATION@DF_POP_HIST(1.0),Historical population data,I,POL,Poland,POP,Population,PS,Persons,F,Female,Y60T64,From 60 to 64 years,H,Historical,1958,,558172.5,,A,Normal value,0,Units,0,Zero
DATAFLOW,OECD.ELS.SAE:DSD_POPULATION@DF_POP_HIST(1.0),Historical population data,I,POL,Poland,POP,Population,PS,Persons,F,Female,Y65T69,From 65 to 69 years,H,Historical,1958,,395074.5,,A,Normal value,0,Units,0,Zero
DATAFLOW,OECD.ELS.SAE:DSD_POPULATION@DF_POP_HIST(1.0),Historical population data,I,POL,Poland,POP,Population,PS,Persons,F,Female,_T,Total,H,Historical,1958,,14817060,,A,Normal value,0,Units,0,Zero
DATAFLOW,OECD.ELS.SAE:DSD_POPULATION@DF_POP_HIST(1.0),Historical population data,I,POL,Poland,POP,Population,PS,Persons,F,Female,Y15T64,From 15 to 64 years,H,Historical,1958,,9254130,,A,Normal value,0,Units,0,Zero
DATAFLOW,OECD.ELS.SAE:DSD_POPULATION@DF_POP_HIST(1.0),Historical population data,I,POL,Poland,POP,Population,PS,Persons,F,Female,Y_GE85,85 years or over,H,Historical,1958,,39153.5,,A,Normal value,0,Units,0,Zero
DATAFLOW,OECD.ELS.SAE:DSD_POPULATION@DF_POP_HIST(1.0),Historical population data,I,POL,Poland,POP,Population,PS,Persons,F,Female,Y10T14,From 10 to 14 years,H,Historical,1958,,1184749,,A,Normal value,0,Units,0,Zero
DATAFLOW,OECD.ELS.SAE:DSD_POPULATION@DF_POP_HIST(1.0),Historical population data,I,POL,Poland,POP,Population,PS,Persons,F,Female,Y5T9,From 5 to 9 years,H,Historical,1958,,1645375.5,,A,Normal value,0,Units,0,Zero
DATAFLOW,OECD.ELS.SAE:DSD_POPULATION@DF_POP_HIST(1.0),Historical population data,I,POL,Poland,POP,Population,PS,Persons,F,Female,Y20T24,From 20 to 24 years,H,Historical,1958,,1124815.5,,A,Normal value,0,Units,0,Zero
DATAFLOW,OECD.ELS.SAE:DSD_POPULATION@DF_POP_HIST(1.0),Historical population data,I,POL,Poland,POP,Population,PS,Persons,F,Female,Y45T49,From 45 to 49 years,H,Historical,1958,,937326.5,,A,Normal value,0,Units,0,Zero
DATAFLOW,OECD.ELS.SAE:DSD_POPULATION@DF_POP_HIST(1.0),Historical population data,I,POL,Poland,POP,Population,PS,Persons,F,Female,Y_LT20,Less than 20 years,H,Historical,1958,,5599857,,A,Normal value,0,Units,0,Zero
DATAFLOW,OECD.ELS.SAE:DSD_POPULATION@DF_POP_HIST(1.0),Historical population data,I,POL,Poland,POP,Population,PS,Persons,F,Female,Y70T74,From 70 to 74 years,H,Historical,1958,,287072.5,,A,Normal value,0,Units,0,Zero
DATAFLOW,OECD.ELS.SAE:DSD_POPULATION@DF_POP_HIST(1.0),Historical population data,I,POL,Poland,POP,Population,PS,Persons,F,Female,Y35T39,From 35 to 39 years,H,Historical,1958,,942276,,A,Normal value,0,Units,0,Zero
DATAFLOW,OECD.ELS.SAE:DSD_POPULATION@DF_POP_HIST(1.0),Historical population data,I,POL,Poland,POP,Population,PS,Persons,F,Female,Y_GE50,50 years or over,H,Historical,1958,,3108196,,A,Normal value,0,Units,0,Zero
DATAFLOW,OECD.ELS.SAE:DSD_POPULATION@DF_POP_HIST(1.0),Historical population data,I,POL,Poland,POP,Population,PS,Persons,F,Female,Y50T54,From 50 to 54 years,H,Historical,1958,,849624,,A,Normal value,0,Units,0,Zero
DATAFLOW,OECD.ELS.SAE:DSD_POPULATION@DF_POP_HIST(1.0),Historical population data,I,POL,Poland,POP,Population,PS,Persons,F,Female,Y55T59,From 55 to 59 years,H,Historical,1958,,725950.5,,A,Normal value,0,Units,0,Zero
DATAFLOW,OECD.ELS.SAE:DSD_POPULATION@DF_POP_HIST(1.0),Historical population data,I,POL,Poland,POP,Population,PS,Persons,F,Female,Y_LE4,4 years or less,H,Historical,1958,,1758356.5,,A,Normal value,0,Units,0,Zero
DATAFLOW,OECD.ELS.SAE:DSD_POPULATION@DF_POP_HIST(1.0),Historical population data,I,POL,Poland,POP,Population,PS,Persons,F,Female,Y15T19,From 15 to 19 years,H,Historical,1958,,1011376,,A,Normal value,0,Units,0,Zero
DATAFLOW,OECD.ELS.SAE:DSD_POPULATION@DF_POP_HIST(1.0),Historical population data,I,POL,Poland,POP,Population,PS,Persons,F,Female,Y30T34,From 30 to 34 years,H,Historical,1958,,1171804.5,,A,Normal value,0,Units,0,Zero
DATAFLOW,OECD.ELS.SAE:DSD_POPULATION@DF_POP_HIST(1.0),Historical population data,I,POL,Poland,POP,Population,PS,Persons,F,Female,Y25T29,From 25 to 29 years,H,Historical,1959,,1186466,,A,Normal value,0,Units,0,Zero
DATAFLOW,OECD.ELS.SAE:DSD_POPULATION@DF_POP_HIST(1.0),Historical population data,I,POL,Poland,POP,Population,PS,Persons,F,Female,Y_GE65,65 years or over,H,Historical,1959,,1012743,,A,Normal value,0,Units,0,Zero
DATAFLOW,OECD.ELS.SAE:DSD_POPULATION@DF_POP_HIST(1.0),Historical population data,I,POL,Poland,POP,Population,PS,Persons,F,Female,Y15T64,From 15 to 64 years,H,Historical,1959,,9316076,,A,Normal value,0,Units,0,Zero
DATAFLOW,OECD.ELS.SAE:DSD_POPULATION@DF_POP_HIST(1.0),Historical population data,I,POL,Poland,POP,Population,PS,Persons,F,Female,_T,Total,H,Historical,1959,,15055479,,A,Normal value,0,Units,0,Zero
DATAFLOW,OECD.ELS.SAE:DSD_POPULATION@DF_POP_HIST(1.0),Historical population data,I,POL,Poland,POP,Population,PS,Persons,F,Female,Y65T69,From 65 to 69 years,H,Historical,1959,,406664.5,,A,Normal value,0,Units,0,Zero
DATAFLOW,OECD.ELS.SAE:DSD_POPULATION@DF_POP_HIST(1.0),Historical population data,I,POL,Poland,POP,Population,PS,Persons,F,Female,Y60T64,From 60 to 64 years,H,Historical,1959,,579873,,A,Normal value,0,Units,0,Zero
DATAFLOW,OECD.ELS.SAE:DSD_POPULATION@DF_POP_HIST(1.0),Historical population data,I,POL,Poland,POP,Population,PS,Persons,F,Female,Y80T84,From 80 to 84 years,H,Historical,1959,,87398.5,,A,Normal value,0,Units,0,Zero
DATAFLOW,OECD.ELS.SAE:DSD_POPULATION@DF_POP_HIST(1.0),Historical population data,I,POL,Poland,POP,Population,PS,Persons,F,Female,Y75T79,From 75 to 79 years,H,Historical,1959,,175265,,A,Normal value,0,Units,0,Zero
DATAFLOW,OECD.ELS.SAE:DSD_POPULATION@DF_POP_HIST(1.0),Historical population data,I,POL,Poland,POP,Population,PS,Persons,F,Female,Y40T44,From 40 to 44 years,H,Historical,1959,,691281.5,,A,Normal value,0,Units,0,Zero
DATAFLOW,OECD.ELS.SAE:DSD_POPULATION@DF_POP_HIST(1.0),Historical population data,I,POL,Poland,POP,Population,PS,Persons,F,Female,Y20T64,From 20 to 64 years,H,Historical,1959,,8330190,,A,Normal value,0,Units,0,Zero
DATAFLOW,OECD.ELS.SAE:DSD_POPULATION@DF_POP_HIST(1.0),Historical population data,I,POL,Poland,POP,Population,PS,Persons,F,Female,Y_GE85,85 years or over,H,Historical,1959,,41321,,A,Normal value,0,Units,0,Zero
DATAFLOW,OECD.ELS.SAE:DSD_POPULATION@DF_POP_HIST(1.0),Historical population data,I,POL,Poland,POP,Population,PS,Persons,F,Female,Y10T14,From 10 to 14 years,H,Historical,1959,,1301862.5,,A,Normal value,0,Units,0,Zero
DATAFLOW,OECD.ELS.SAE:DSD_POPULATION@DF_POP_HIST(1.0),Historical population data,I,POL,Poland,POP,Population,PS,Persons,F,Female,Y5T9,From 5 to 9 years,H,Historical,1959,,1682881.5,,A,Normal value,0,Units,0,Zero
DATAFLOW,OECD.ELS.SAE:DSD_POPULATION@DF_POP_HIST(1.0),Historical population data,I,POL,Poland,POP,Population,PS,Persons,F,Female,Y20T24,From 20 to 24 years,H,Historical,1959,,1114053.5,,A,Normal value,0,Units,0,Zero
DATAFLOW,OECD.ELS.SAE:DSD_POPULATION@DF_POP_HIST(1.0),Historical population data,I,POL,Poland,POP,Population,PS,Persons,F,Female,Y35T39,From 35 to 39 years,H,Historical,1959,,1023254,,A,Normal value,0,Units,0,Zero
DATAFLOW,OECD.ELS.SAE:DSD_POPULATION@DF_POP_HIST(1.0),Historical population data,I,POL,Poland,POP,Population,PS,Persons,F,Female,Y70T74,From 70 to 74 years,H,Historical,1959,,302094,,A,Normal value,0,Units,0,Zero
DATAFLOW,OECD.ELS.SAE:DSD_POPULATION@DF_POP_HIST(1.0),Historical population data,I,POL,Poland,POP,Population,PS,Persons,F,Female,Y_LT20,Less than 20 years,H,Historical,1959,,5712546.5,,A,Normal value,0,Units,0,Zero
DATAFLOW,OECD.ELS.SAE:DSD_POPULATION@DF_POP_HIST(1.0),Historical population data,I,POL,Poland,POP,Population,PS,Persons,F,Female,Y45T49,From 45 to 49 years,H,Historical,1959,,934151,,A,Normal value,0,Units,0,Zero
DATAFLOW,OECD.ELS.SAE:DSD_POPULATION@DF_POP_HIST(1.0),Historical population data,I,POL,Poland,POP,Population,PS,Persons,F,Female,Y50T54,From 50 to 54 years,H,Historical,1959,,868684,,A,Normal value,0,Units,0,Zero
DATAFLOW,OECD.ELS.SAE:DSD_POPULATION@DF_POP_HIST(1.0),Historical population data,I,POL,Poland,POP,Population,PS,Persons,F,Female,Y_GE50,50 years or over,H,Historical,1959,,3212724,,A,Normal value,0,Units,0,Zero
DATAFLOW,OECD.ELS.SAE:DSD_POPULATION@DF_POP_HIST(1.0),Historical population data,I,POL,Poland,POP,Population,PS,Persons,F,Female,Y_LE4,4 years or less,H,Historical,1959,,1741916.5,,A,Normal value,0,Units,0,Zero
DATAFLOW,OECD.ELS.SAE:DSD_POPULATION@DF_POP_HIST(1.0),Historical population data,I,POL,Poland,POP,Population,PS,Persons,F,Female,Y55T59,From 55 to 59 years,H,Historical,1959,,751424,,A,Normal value,0,Units,0,Zero
DATAFLOW,OECD.ELS.SAE:DSD_POPULATION@DF_POP_HIST(1.0),Historical population data,I,POL,Poland,POP,Population,PS,Persons,F,Female,Y30T34,From 30 to 34 years,H,Historical,1959,,1181003,,A,Normal value,0,Units,0,Zero
DATAFLOW,OECD.ELS.SAE:DSD_POPULATION@DF_POP_HIST(1.0),Historical population data,I,POL,Poland,POP,Population,PS,Persons,F,Female,Y15T19,From 15 to 19 years,H,Historical,1959,,985886,,A,Normal value,0,Units,0,Zero
DATAFLOW,OECD.ELS.SAE:DSD_POPULATION@DF_POP_HIST(1.0),Historical population data,I,POL,Poland,POP,Population,PS,Persons,M,Male,Y70T74,From 70 to 74 years,H,Historical,2024,,903160,,A,Normal value,0,Units,0,Zero
DATAFLOW,OECD.ELS.SAE:DSD_POPULATION@DF_POP_HIST(1.0),Historical population data,I,POL,Poland,POP,Population,PS,Persons,M,Male,Y20T64,From 20 to 64 years,H,Historical,2024,,11197442,,A,Normal value,0,Units,0,Zero
DATAFLOW,OECD.ELS.SAE:DSD_POPULATION@DF_POP_HIST(1.0),Historical population data,I,POL,Poland,POP,Population,PS,Persons,M,Male,Y50T54,From 50 to 54 years,H,Historical,2024,,1237590,,A,Normal value,0,Units,0,Zero
DATAFLOW,OECD.ELS.SAE:DSD_POPULATION@DF_POP_HIST(1.0),Historical population data,I,POL,Poland,POP,Population,PS,Persons,M,Male,Y80T84,From 80 to 84 years,H,Historical,2024,,269124,,A,Normal value,0,Units,0,Zero
DATAFLOW,OECD.ELS.SAE:DSD_POPULATION@DF_POP_HIST(1.0),Historical population data,I,POL,Poland,POP,Population,PS,Persons,M,Male,Y15T19,From 15 to 19 years,H,Historical,2024,,998247,,A,Normal value,0,Units,0,Zero
DATAFLOW,OECD.ELS.SAE:DSD_POPULATION@DF_POP_HIST(1.0),Historical population data,I,POL,Poland,POP,Population,PS,Persons,M,Male,Y_GE50,50 years or over,H,Historical,2024,,6473473,,A,Normal value,0,Units,0,Zero
DATAFLOW,OECD.ELS.SAE:DSD_POPULATION@DF_POP_HIST(1.0),Historical population data,I,POL,Poland,POP,Population,PS,Persons,M,Male,Y_LE4,4 years or less,H,Historical,2024,,806465,,A,Normal value,0,Units,0,Zero
DATAFLOW,OECD.ELS.SAE:DSD_POPULATION@DF_POP_HIST(1.0),Historical population data,I,POL,Poland,POP,Population,PS,Persons,M,Male,Y75T79,From 75 to 79 years,H,Historical,2024,,546574,,A,Normal value,0,Units,0,Zero
DATAFLOW,OECD.ELS.SAE:DSD_POPULATION@DF_POP_HIST(1.0),Historical population data,I,POL,Poland,POP,Population,PS,Persons,M,Male,Y15T64,From 15 to 64 years,H,Historical,2024,,12195689,,A,Normal value,0,Units,0,Zero
DATAFLOW,OECD.ELS.SAE:DSD_POPULATION@DF_POP_HIST(1.0),Historical population data,I,POL,Poland,POP,Population,PS,Persons,M,Male,_T,Total,H,Historical,2024,,18144911,,A,Normal value,0,Units,0,Zero
DATAFLOW,OECD.ELS.SAE:DSD_POPULATION@DF_POP_HIST(1.0),Historical population data,I,POL,Poland,POP,Population,PS,Persons,M,Male,Y_GE85,85 years or over,H,Historical,2024,,231025,,A,Normal value,0,Units,0,Zero
DATAFLOW,OECD.ELS.SAE:DSD_POPULATION@DF_POP_HIST(1.0),Historical population data,I,POL,Poland,POP,Population,PS,Persons,M,Male,Y_GE65,65 years or over,H,Historical,2024,,3083854,,A,Normal value,0,Units,0,Zero
DATAFLOW,OECD.ELS.SAE:DSD_POPULATION@DF_POP_HIST(1.0),Historical population data,I,POL,Poland,POP,Population,PS,Persons,M,Male,Y30T34,From 30 to 34 years,H,Historical,2024,,1284970,,A,Normal value,0,Units,0,Zero
DATAFLOW,OECD.ELS.SAE:DSD_POPULATION@DF_POP_HIST(1.0),Historical population data,I,POL,Poland,POP,Population,PS,Persons,M,Male,Y65T69,From 65 to 69 years,H,Historical,2024,,1133971,,A,Normal value,0,Units,0,Zero
DATAFLOW,OECD.ELS.SAE:DSD_POPULATION@DF_POP_HIST(1.0),Historical population data,I,POL,Poland,POP,Population,PS,Persons,M,Male,Y_LT20,Less than 20 years,H,Historical,2024,,3863615,,A,Normal value,0,Units,0,Zero
DATAFLOW,OECD.ELS.SAE:DSD_POPULATION@DF_POP_HIST(1.0),Historical population data,I,POL,Poland,POP,Population,PS,Persons,M,Male,Y10T14,From 10 to 14 years,H,Historical,2024,,1043430,,A,Normal value,0,Units,0,Zero
DATAFLOW,OECD.ELS.SAE:DSD_POPULATION@DF_POP_HIST(1.0),Historical population data,I,POL,Poland,POP,Population,PS,Persons,M,Male,Y25T29,From 25 to 29 years,H,Historical,2024,,1037260,,A,Normal value,0,Units,0,Zero
DATAFLOW,OECD.ELS.SAE:DSD_POPULATION@DF_POP_HIST(1.0),Historical population data,I,POL,Poland,POP,Population,PS,Persons,M,Male,Y60T64,From 60 to 64 years,H,Historical,2024,,1087707,,A,Normal value,0,Units,0,Zero
DATAFLOW,OECD.ELS.SAE:DSD_POPULATION@DF_POP_HIST(1.0),Historical population data,I,POL,Poland,POP,Population,PS,Persons,M,Male,Y35T39,From 35 to 39 years,H,Historical,2024,,1486309,,A,Normal value,0,Units,0,Zero
DATAFLOW,OECD.ELS.SAE:DSD_POPULATION@DF_POP_HIST(1.0),Historical population data,I,POL,Poland,POP,Population,PS,Persons,M,Male,Y40T44,From 40 to 44 years,H,Historical,2024,,1608003,,A,Normal value,0,Units,0,Zero
DATAFLOW,OECD.ELS.SAE:DSD_POPULATION@DF_POP_HIST(1.0),Historical population data,I,POL,Poland,POP,Population,PS,Persons,M,Male,Y20T24,From 20 to 24 years,H,Historical,2024,,905821,,A,Normal value,0,Units,0,Zero
DATAFLOW,OECD.ELS.SAE:DSD_POPULATION@DF_POP_HIST(1.0),Historical population data,I,POL,Poland,POP,Population,PS,Persons,M,Male,Y45T49,From 45 to 49 years,H,Historical,2024,,1485460,,A,Normal value,0,Units,0,Zero
DATAFLOW,OECD.ELS.SAE:DSD_POPULATION@DF_POP_HIST(1.0),Historical population data,I,POL,Poland,POP,Population,PS,Persons,M,Male,Y5T9,From 5 to 9 years,H,Historical,2024,,1015473,,A,Normal value,0,Units,0,Zero
DATAFLOW,OECD.ELS.SAE:DSD_POPULATION@DF_POP_HIST(1.0),Historical population data,I,POL,Poland,POP,Population,PS,Persons,M,Male,Y55T59,From 55 to 59 years,H,Historical,2024,,1064322,,A,Normal value,0,Units,0,Zero
DATAFLOW,OECD.ELS.SAE:DSD_POPULATION@DF_POP_HIST(1.0),Historical population data,I,POL,Poland,POP,Population,PS,Persons,M,Male,Y70T74,From 70 to 74 years,H,Historical,2021,,818851,,A,Normal value,0,Units,0,Zero
DATAFLOW,OECD.ELS.SAE:DSD_POPULATION@DF_POP_HIST(1.0),Historical population data,I,POL,Poland,POP,Population,PS,Persons,M,Male,Y20T64,From 20 to 64 years,H,Historical,2021,,11578057,,A,Normal value,0,Units,0,Zero
DATAFLOW,OECD.ELS.SAE:DSD_POPULATION@DF_POP_HIST(1.0),Historical population data,I,POL,Poland,POP,Population,PS,Persons,M,Male,Y15T19,From 15 to 19 years,H,Historical,2021,,907717,,A,Normal value,0,Units,0,Zero
DATAFLOW,OECD.ELS.SAE:DSD_POPULATION@DF_POP_HIST(1.0),Historical population data,I,POL,Poland,POP,Population,PS,Persons,M,Male,Y80T84,From 80 to 84 years,H,Historical,2021,,283906,,A,Normal value,0,Units,0,Zero
DATAFLOW,OECD.ELS.SAE:DSD_POPULATION@DF_POP_HIST(1.0),Historical population data,I,POL,Poland,POP,Population,PS,Persons,M,Male,Y50T54,From 50 to 54 years,H,Historical,2021,,1134372,,A,Normal value,0,Units,0,Zero
DATAFLOW,OECD.ELS.SAE:DSD_POPULATION@DF_POP_HIST(1.0),Historical population data,I,POL,Poland,POP,Population,PS,Persons,M,Male,_T,Total,H,Historical,2021,,18363800,,A,Normal value,0,Units,0,Zero
DATAFLOW,OECD.ELS.SAE:DSD_POPULATION@DF_POP_HIST(1.0),Historical population data,I,POL,Poland,POP,Population,PS,Persons,M,Male,Y15T64,From 15 to 64 years,H,Historical,2021,,12485774,,A,Normal value,0,Units,0,Zero
DATAFLOW,OECD.ELS.SAE:DSD_POPULATION@DF_POP_HIST(1.0),Historical population data,I,POL,Poland,POP,Population,PS,Persons,M,Male,Y75T79,From 75 to 79 years,H,Historical,2021,,399659,,A,Normal value,0,Units,0,Zero
DATAFLOW,OECD.ELS.SAE:DSD_POPULATION@DF_POP_HIST(1.0),Historical population data,I,POL,Poland,POP,Population,PS,Persons,M,Male,Y_LE4,4 years or less,H,Historical,2021,,970693,,A,Normal value,0,Units,0,Zero
DATAFLOW,OECD.ELS.SAE:DSD_POPULATION@DF_POP_HIST(1.0),Historical population data,I,POL,Poland,POP,Population,PS,Persons,M,Male,Y_GE50,50 years or over,H,Historical,2021,,6299051,,A,Normal value,0,Units,0,Zero
DATAFLOW,OECD.ELS.SAE:DSD_POPULATION@DF_POP_HIST(1.0),Historical population data,I,POL,Poland,POP,Population,PS,Persons,M,Male,Y_GE85,85 years or over,H,Historical,2021,,219923,,A,Normal value,0,Units,0,Zero
DATAFLOW,OECD.ELS.SAE:DSD_POPULATION@DF_POP_HIST(1.0),Historical population data,I,POL,Poland,POP,Population,PS,Persons,M,Male,Y_GE65,65 years or over,H,Historical,2021,,2836145,,A,Normal value,0,Units,0,Zero
DATAFLOW,OECD.ELS.SAE:DSD_POPULATION@DF_POP_HIST(1.0),Historical population data,I,POL,Poland,POP,Population,PS,Persons,M,Male,Y65T69,From 65 to 69 years,H,Historical,2021,,1113806,,A,Normal value,0,Units,0,Zero
DATAFLOW,OECD.ELS.SAE:DSD_POPULATION@DF_POP_HIST(1.0),Historical population data,I,POL,Poland,POP,Population,PS,Persons,M,Male,Y30T34,From 30 to 34 years,H,Historical,2021,,1406377,,A,Normal value,0,Units,0,Zero
DATAFLOW,OECD.ELS.SAE:DSD_POPULATION@DF_POP_HIST(1.0),Historical population data,I,POL,Poland,POP,Population,PS,Persons,M,Male,Y10T14,From 10 to 14 years,H,Historical,2021,,1062053,,A,Normal value,0,Units,0,Zero
DATAFLOW,OECD.ELS.SAE:DSD_POPULATION@DF_POP_HIST(1.0),Historical population data,I,POL,Poland,POP,Population,PS,Persons,M,Male,Y_LT20,Less than 20 years,H,Historical,2021,,3949598,,A,Normal value,0,Units,0,Zero
DATAFLOW,OECD.ELS.SAE:DSD_POPULATION@DF_POP_HIST(1.0),Historical population data,I,POL,Poland,POP,Population,PS,Persons,M,Male,Y35T39,From 35 to 39 years,H,Historical,2021,,1623212,,A,Normal value,0,Units,0,Zero
DATAFLOW,OECD.ELS.SAE:DSD_POPULATION@DF_POP_HIST(1.0),Historical population data,I,POL,Poland,POP,Population,PS,Persons,M,Male,Y60T64,From 60 to 64 years,H,Historical,2021,,1222163,,A,Normal value,0,Units,0,Zero
DATAFLOW,OECD.ELS.SAE:DSD_POPULATION@DF_POP_HIST(1.0),Historical population data,I,POL,Poland,POP,Population,PS,Persons,M,Male,Y25T29,From 25 to 29 years,H,Historical,2021,,1184129,,A,Normal value,0,Units,0,Zero
DATAFLOW,OECD.ELS.SAE:DSD_POPULATION@DF_POP_HIST(1.0),Historical population data,I,POL,Poland,POP,Population,PS,Persons,M,Male,Y40T44,From 40 to 44 years,H,Historical,2021,,1553098,,A,Normal value,0,Units,0,Zero
DATAFLOW,OECD.ELS.SAE:DSD_POPULATION@DF_POP_HIST(1.0),Historical population data,I,POL,Poland,POP,Population,PS,Persons,M,Male,Y20T24,From 20 to 24 years,H,Historical,2021,,975580,,A,Normal value,0,Units,0,Zero
DATAFLOW,OECD.ELS.SAE:DSD_POPULATION@DF_POP_HIST(1.0),Historical population data,I,POL,Poland,POP,Population,PS,Persons,M,Male,Y45T49,From 45 to 49 years,H,Historical,2021,,1372755,,A,Normal value,0,Units,0,Zero
DATAFLOW,OECD.ELS.SAE:DSD_POPULATION@DF_POP_HIST(1.0),Historical population data,I,POL,Poland,POP,Population,PS,Persons,M,Male,Y5T9,From 5 to 9 years,H,Historical,2021,,1009135,,A,Normal value,0,Units,0,Zero
DATAFLOW,OECD.ELS.SAE:DSD_POPULATION@DF_POP_HIST(1.0),Historical population data,I,POL,Poland,POP,Population,PS,Persons,M,Male,Y55T59,From 55 to 59 years,H,Historical,2021,,1106371,,A,Normal value,0,Units,0,Zero
DATAFLOW,OECD.ELS.SAE:DSD_POPULATION@DF_POP_HIST(1.0),Historical population data,I,POL,Poland,POP,Population,PS,Persons,M,Male,Y70T74,From 70 to 74 years,H,Historical,2020,,773122,,A,Normal value,0,Units,0,Zero
DATAFLOW,OECD.ELS.SAE:DSD_POPULATION@DF_POP_HIST(1.0),Historical population data,I,POL,Poland,POP,Population,PS,Persons,M,Male,Y20T64,From 20 to 64 years,H,Historical,2020,,11719409,,A,Normal value,0,Units,0,Zero
DATAFLOW,OECD.ELS.SAE:DSD_POPULATION@DF_POP_HIST(1.0),Historical population data,I,POL,Poland,POP,Population,PS,Persons,M,Male,Y50T54,From 50 to 54 years,H,Historical,2020,,1121833,,A,Normal value,0,Units,0,Zero
DATAFLOW,OECD.ELS.SAE:DSD_POPULATION@DF_POP_HIST(1.0),Historical population data,I,POL,Poland,POP,Population,PS,Persons,M,Male,Y80T84,From 80 to 84 years,H,Historical,2020,,294953,,A,Normal value,0,Units,0,Zero
DATAFLOW,OECD.ELS.SAE:DSD_POPULATION@DF_POP_HIST(1.0),Historical population data,I,POL,Poland,POP,Population,PS,Persons,M,Male,Y15T19,From 15 to 19 years,H,Historical,2020,,904942,,A,Normal value,0,Units,0,Zero
DATAFLOW,OECD.ELS.SAE:DSD_POPULATION@DF_POP_HIST(1.0),Historical population data,I,POL,Poland,POP,Population,PS,Persons,M,Male,Y_GE50,50 years or over,H,Historical,2020,,6316483,,A,Normal value,0,Units,0,Zero
DATAFLOW,OECD.ELS.SAE:DSD_POPULATION@DF_POP_HIST(1.0),Historical population data,I,POL,Poland,POP,Population,PS,Persons,M,Male,Y_LE4,4 years or less,H,Historical,2020,,992381,,A,Normal value,0,Units,0,Zero
DATAFLOW,OECD.ELS.SAE:DSD_POPULATION@DF_POP_HIST(1.0),Historical population data,I,POL,Poland,POP,Population,PS,Persons,M,Male,Y75T79,From 75 to 79 years,H,Historical,2020,,392573,,A,Normal value,0,Units,0,Zero
DATAFLOW,OECD.ELS.SAE:DSD_POPULATION@DF_POP_HIST(1.0),Historical population data,I,POL,Poland,POP,Population,PS,Persons,M,Male,Y15T64,From 15 to 64 years,H,Historical,2020,,12624351,,A,Normal value,0,Units,0,Zero
DATAFLOW,OECD.ELS.SAE:DSD_POPULATION@DF_POP_HIST(1.0),Historical population data,I,POL,Poland,POP,Population,PS,Persons,M,Male,_T,Total,H,Historical,2020,,18466623,,A,Normal value,0,Units,0,Zero
DATAFLOW,OECD.ELS.SAE:DSD_POPULATION@DF_POP_HIST(1.0),Historical population data,I,POL,Poland,POP,Population,PS,Persons,M,Male,Y_GE85,85 years or over,H,Historical,2020,,225635,,A,Normal value,0,Units,0,Zero
DATAFLOW,OECD.ELS.SAE:DSD_POPULATION@DF_POP_HIST(1.0),Historical population data,I,POL,Poland,POP,Population,PS,Persons,M,Male,Y_GE65,65 years or over,H,Historical,2020,,2790851,,A,Normal value,0,Units,0,Zero
DATAFLOW,OECD.ELS.SAE:DSD_POPULATION@DF_POP_HIST(1.0),Historical population data,I,POL,Poland,POP,Population,PS,Persons,M,Male,Y30T34,From 30 to 34 years,H,Historical,2020,,1448163,,A,Normal value,0,Units,0,Zero
DATAFLOW,OECD.ELS.SAE:DSD_POPULATION@DF_POP_HIST(1.0),Historical population data,I,POL,Poland,POP,Population,PS,Persons,M,Male,Y65T69,From 65 to 69 years,H,Historical,2020,,1104568,,A,Normal value,0,Units,0,Zero
DATAFLOW,OECD.ELS.SAE:DSD_POPULATION@DF_POP_HIST(1.0),Historical population data,I,POL,Poland,POP,Population,PS,Persons,M,Male,Y_LT20,Less than 20 years,H,Historical,2020,,3956363,,A,Normal value,0,Units,0,Zero
DATAFLOW,OECD.ELS.SAE:DSD_POPULATION@DF_POP_HIST(1.0),Historical population data,I,POL,Poland,POP,Population,PS,Persons,M,Male,Y10T14,From 10 to 14 years,H,Historical,2020,,1037833,,A,Normal value,0,Units,0,Zero
DATAFLOW,OECD.ELS.SAE:DSD_POPULATION@DF_POP_HIST(1.0),Historical population data,I,POL,Poland,POP,Population,PS,Persons,M,Male,Y25T29,From 25 to 29 years,H,Historical,2020,,1241613,,A,Normal value,0,Units,0,Zero
DATAFLOW,OECD.ELS.SAE:DSD_POPULATION@DF_POP_HIST(1.0),Historical population data,I,POL,Poland,POP,Population,PS,Persons,M,Male,Y60T64,From 60 to 64 years,H,Historical,2020,,1265418,,A,Normal value,0,Units,0,Zero
DATAFLOW,OECD.ELS.SAE:DSD_POPULATION@DF_POP_HIST(1.0),Historical population data,I,POL,Poland,POP,Population,PS,Persons,M,Male,Y35T39,From 35 to 39 years,H,Historical,2020,,1632631,,A,Normal value,0,Units,0,Zero
DATAFLOW,OECD.ELS.SAE:DSD_POPULATION@DF_POP_HIST(1.0),Historical population data,I,POL,Poland,POP,Population,PS,Persons,M,Male,Y40T44,From 40 to 44 years,H,Historical,2020,,1540945,,A,Normal value,0,Units,0,Zero
DATAFLOW,OECD.ELS.SAE:DSD_POPULATION@DF_POP_HIST(1.0),Historical population data,I,POL,Poland,POP,Population,PS,Persons,M,Male,Y20T24,From 20 to 24 years,H,Historical,2020,,1006003,,A,Normal value,0,Units,0,Zero
DATAFLOW,OECD.ELS.SAE:DSD_POPULATION@DF_POP_HIST(1.0),Historical population data,I,POL,Poland,POP,Population,PS,Persons,M,Male,Y45T49,From 45 to 49 years,H,Historical,2020,,1324422,,A,Normal value,0,Units,0,Zero
DATAFLOW,OECD.ELS.SAE:DSD_POPULATION@DF_POP_HIST(1.0),Historical population data,I,POL,Poland,POP,Population,PS,Persons,M,Male,Y5T9,From 5 to 9 years,H,Historical,2020,,1021207,,A,Normal value,0,Units,0,Zero
DATAFLOW,OECD.ELS.SAE:DSD_POPULATION@DF_POP_HIST(1.0),Historical population data,I,POL,Poland,POP,Population,PS,Persons,M,Male,Y55T59,From 55 to 59 years,H,Historical,2020,,1138381,,A,Normal value,0,Units,0,Zero
DATAFLOW,OECD.ELS.SAE:DSD_POPULATION@DF_POP_HIST(1.0),Historical population data,I,POL,Poland,POP,Population,PS,Persons,M,Male,_T,Total,H,Historical,2000,,18542670,,A,Normal value,0,Units,0,Zero
DATAFLOW,OECD.ELS.SAE:DSD_POPULATION@DF_POP_HIST(1.0),Historical population data,I,POL,Poland,POP,Population,PS,Persons,M,Male,Y70T74,From 70 to 74 years,H,Historical,2023,,878676,,A,Normal value,0,Units,0,Zero
DATAFLOW,OECD.ELS.SAE:DSD_POPULATION@DF_POP_HIST(1.0),Historical population data,I,POL,Poland,POP,Population,PS,Persons,M,Male,Y20T64,From 20 to 64 years,H,Historical,2023,,11312212,,A,Normal value,0,Units,0,Zero
DATAFLOW,OECD.ELS.SAE:DSD_POPULATION@DF_POP_HIST(1.0),Historical population data,I,POL,Poland,POP,Population,PS,Persons,M,Male,Y15T19,From 15 to 19 years,H,Historical,2023,,957170,,A,Normal value,0,Units,0,Zero
DATAFLOW,OECD.ELS.SAE:DSD_POPULATION@DF_POP_HIST(1.0),Historical population data,I,POL,Poland,POP,Population,PS,Persons,M,Male,Y80T84,From 80 to 84 years,H,Historical,2023,,270670,,A,Normal value,0,Units,0,Zero
DATAFLOW,OECD.ELS.SAE:DSD_POPULATION@DF_POP_HIST(1.0),Historical population data,I,POL,Poland,POP,Population,PS,Persons,M,Male,Y50T54,From 50 to 54 years,H,Historical,2023,,1193975,,A,Normal value,0,Units,0,Zero
DATAFLOW,OECD.ELS.SAE:DSD_POPULATION@DF_POP_HIST(1.0),Historical population data,I,POL,Poland,POP,Population,PS,Persons,M,Male,_T,Total,H,Historical,2023,,18214389,,A,Normal value,0,Units,0,Zero
DATAFLOW,OECD.ELS.SAE:DSD_POPULATION@DF_POP_HIST(1.0),Historical population data,I,POL,Poland,POP,Population,PS,Persons,M,Male,Y15T64,From 15 to 64 years,H,Historical,2023,,12269382,,A,Normal value,0,Units,0,Zero
DATAFLOW,OECD.ELS.SAE:DSD_POPULATION@DF_POP_HIST(1.0),Historical population data,I,POL,Poland,POP,Population,PS,Persons,M,Male,Y75T79,From 75 to 79 years,H,Historical,2023,,490582,,A,Normal value,0,Units,0,Zero
DATAFLOW,OECD.ELS.SAE:DSD_POPULATION@DF_POP_HIST(1.0),Historical population data,I,POL,Poland,POP,Population,PS,Persons,M,Male,Y_LE4,4 years or less,H,Historical,2023,,870406,,A,Normal value,0,Units,0,Zero
DATAFLOW,OECD.ELS.SAE:DSD_POPULATION@DF_POP_HIST(1.0),Historical population data,I,POL,Poland,POP,Population,PS,Persons,M,Male,Y_GE50,50 years or over,H,Historical,2023,,6389785,,A,Normal value,0,Units,0,Zero
DATAFLOW,OECD.ELS.SAE:DSD_POPULATION@DF_POP_HIST(1.0),Historical population data,I,POL,Poland,POP,Population,PS,Persons,M,Male,Y_GE85,85 years or over,H,Historical,2023,,223969,,A,Normal value,0,Units,0,Zero
DATAFLOW,OECD.ELS.SAE:DSD_POPULATION@DF_POP_HIST(1.0),Historical population data,I,POL,Poland,POP,Population,PS,Persons,M,Male,Y_GE65,65 years or over,H,Historical,2023,,2995699,,A,Normal value,0,Units,0,Zero
DATAFLOW,OECD.ELS.SAE:DSD_POPULATION@DF_POP_HIST(1.0),Historical population data,I,POL,Poland,POP,Population,PS,Persons,M,Male,Y65T69,From 65 to 69 years,H,Historical,2023,,1131802,,A,Normal value,0,Units,0,Zero
DATAFLOW,OECD.ELS.SAE:DSD_POPULATION@DF_POP_HIST(1.0),Historical population data,I,POL,Poland,POP,Population,PS,Persons,M,Male,Y30T34,From 30 to 34 years,H,Historical,2023,,1328414,,A,Normal value,0,Units,0,Zero
DATAFLOW,OECD.ELS.SAE:DSD_POPULATION@DF_POP_HIST(1.0),Historical population data,I,POL,Poland,POP,Population,PS,Persons,M,Male,Y10T14,From 10 to 14 years,H,Historical,2023,,1063381,,A,Normal value,0,Units,0,Zero
DATAFLOW,OECD.ELS.SAE:DSD_POPULATION@DF_POP_HIST(1.0),Historical population data,I,POL,Poland,POP,Population,PS,Persons,M,Male,Y_LT20,Less than 20 years,H,Historical,2023,,3906478,,A,Normal value,0,Units,0,Zero
DATAFLOW,OECD.ELS.SAE:DSD_POPULATION@DF_POP_HIST(1.0),Historical population data,I,POL,Poland,POP,Population,PS,Persons,M,Male,Y35T39,From 35 to 39 years,H,Historical,2023,,1542682,,A,Normal value,0,Units,0,Zero
DATAFLOW,OECD.ELS.SAE:DSD_POPULATION@DF_POP_HIST(1.0),Historical population data,I,POL,Poland,POP,Population,PS,Persons,M,Male,Y60T64,From 60 to 64 years,H,Historical,2023,,1128846,,A,Normal value,0,Units,0,Zero
DATAFLOW,OECD.ELS.SAE:DSD_POPULATION@DF_POP_HIST(1.0),Historical population data,I,POL,Poland,POP,Population,PS,Persons,M,Male,Y25T29,From 25 to 29 years,H,Historical,2023,,1082157,,A,Normal value,0,Units,0,Zero
DATAFLOW,OECD.ELS.SAE:DSD_POPULATION@DF_POP_HIST(1.0),Historical population data,I,POL,Poland,POP,Population,PS,Persons,M,Male,Y40T44,From 40 to 44 years,H,Historical,2023,,1589306,,A,Normal value,0,Units,0,Zero
DATAFLOW,OECD.ELS.SAE:DSD_POPULATION@DF_POP_HIST(1.0),Historical population data,I,POL,Poland,POP,Population,PS,Persons,M,Male,Y20T24,From 20 to 24 years,H,Historical,2023,,922084,,A,Normal value,0,Units,0,Zero
DATAFLOW,OECD.ELS.SAE:DSD_POPULATION@DF_POP_HIST(1.0),Historical population data,I,POL,Poland,POP,Population,PS,Persons,M,Male,Y45T49,From 45 to 49 years,H,Historical,2023,,1453483,,A,Normal value,0,Units,0,Zero
DATAFLOW,OECD.ELS.SAE:DSD_POPULATION@DF_POP_HIST(1.0),Historical population data,I,POL,Poland,POP,Population,PS,Persons,M,Male,Y5T9,From 5 to 9 years,H,Historical,2023,,1015521,,A,Normal value,0,Units,0,Zero
DATAFLOW,OECD.ELS.SAE:DSD_POPULATION@DF_POP_HIST(1.0),Historical population data,I,POL,Poland,POP,Population,PS,Persons,M,Male,Y55T59,From 55 to 59 years,H,Historical,2023,,1071265,,A,Normal value,0,Units,0,Zero
DATAFLOW,OECD.ELS.SAE:DSD_POPULATION@DF_POP_HIST(1.0),Historical population data,I,POL,Poland,POP,Population,PS,Persons,F,Female,Y25T29,From 25 to 29 years,H,Historical,2023,,1047539,,A,Normal value,0,Units,0,Zero
DATAFLOW,OECD.ELS.SAE:DSD_POPULATION@DF_POP_HIST(1.0),Historical population data,I,POL,Poland,POP,Population,PS,Persons,F,Female,Y_GE65,65 years or over,H,Historical,2023,,4451554,,A,Normal value,0,Units,0,Zero
DATAFLOW,OECD.ELS.SAE:DSD_POPULATION@DF_POP_HIST(1.0),Historical population data,I,POL,Poland,POP,Population,PS,Persons,F,Female,Y15T64,From 15 to 64 years,H,Historical,2023,,12236435,,A,Normal value,0,Units,0,Zero
DATAFLOW,OECD.ELS.SAE:DSD_POPULATION@DF_POP_HIST(1.0),Historical population data,I,POL,Poland,POP,Population,PS,Persons,F,Female,_T,Total,H,Historical,2023,,19483905,,A,Normal value,0,Units,0,Zero
DATAFLOW,OECD.ELS.SAE:DSD_POPULATION@DF_POP_HIST(1.0),Historical population data,I,POL,Poland,POP,Population,PS,Persons,F,Female,Y65T69,From 65 to 69 years,H,Historical,2023,,1383868,,A,Normal value,0,Units,0,Zero
DATAFLOW,OECD.ELS.SAE:DSD_POPULATION@DF_POP_HIST(1.0),Historical population data,I,POL,Poland,POP,Population,PS,Persons,F,Female,Y60T64,From 60 to 64 years,H,Historical,2023,,1264193,,A,Normal value,0,Units,0,Zero
DATAFLOW,OECD.ELS.SAE:DSD_POPULATION@DF_POP_HIST(1.0),Historical population data,I,POL,Poland,POP,Population,PS,Persons,F,Female,Y80T84,From 80 to 84 years,H,Historical,2023,,520885,,A,Normal value,0,Units,0,Zero
DATAFLOW,OECD.ELS.SAE:DSD_POPULATION@DF_POP_HIST(1.0),Historical population data,I,POL,Poland,POP,Population,PS,Persons,F,Female,Y75T79,From 75 to 79 years,H,Historical,2023,,763072,,A,Normal value,0,Units,0,Zero
DATAFLOW,OECD.ELS.SAE:DSD_POPULATION@DF_POP_HIST(1.0),Historical population data,I,POL,Poland,POP,Population,PS,Persons,F,Female,Y40T44,From 40 to 44 years,H,Historical,2023,,1560317,,A,Normal value,0,Units,0,Zero
DATAFLOW,OECD.ELS.SAE:DSD_POPULATION@DF_POP_HIST(1.0),Historical population data,I,POL,Poland,POP,Population,PS,Persons,F,Female,Y20T64,From 20 to 64 years,H,Historical,2023,,11325445,,A,Normal value,0,Units,0,Zero
DATAFLOW,OECD.ELS.SAE:DSD_POPULATION@DF_POP_HIST(1.0),Historical population data,I,POL,Poland,POP,Population,PS,Persons,F,Female,Y_GE85,85 years or over,H,Historical,2023,,581934,,A,Normal value,0,Units,0,Zero
DATAFLOW,OECD.ELS.SAE:DSD_POPULATION@DF_POP_HIST(1.0),Historical population data,I,POL,Poland,POP,Population,PS,Persons,F,Female,Y10T14,From 10 to 14 years,H,Historical,2023,,1007926,,A,Normal value,0,Units,0,Zero
DATAFLOW,OECD.ELS.SAE:DSD_POPULATION@DF_POP_HIST(1.0),Historical population data,I,POL,Poland,POP,Population,PS,Persons,F,Female,Y5T9,From 5 to 9 years,H,Historical,2023,,962064,,A,Normal value,0,Units,0,Zero
DATAFLOW,OECD.ELS.SAE:DSD_POPULATION@DF_POP_HIST(1.0),Historical population data,I,POL,Poland,POP,Population,PS,Persons,F,Female,Y20T24,From 20 to 24 years,H,Historical,2023,,885445,,A,Normal value,0,Units,0,Zero
DATAFLOW,OECD.ELS.SAE:DSD_POPULATION@DF_POP_HIST(1.0),Historical population data,I,POL,Poland,POP,Population,PS,Persons,F,Female,Y35T39,From 35 to 39 years,H,Historical,2023,,1504448,,A,Normal value,0,Units,0,Zero
DATAFLOW,OECD.ELS.SAE:DSD_POPULATION@DF_POP_HIST(1.0),Historical population data,I,POL,Poland,POP,Population,PS,Persons,F,Female,Y70T74,From 70 to 74 years,H,Historical,2023,,1201795,,A,Normal value,0,Units,0,Zero
DATAFLOW,OECD.ELS.SAE:DSD_POPULATION@DF_POP_HIST(1.0),Historical population data,I,POL,Poland,POP,Population,PS,Persons,F,Female,Y_LT20,Less than 20 years,H,Historical,2023,,3706906,,A,Normal value,0,Units,0,Zero
DATAFLOW,OECD.ELS.SAE:DSD_POPULATION@DF_POP_HIST(1.0),Historical population data,I,POL,Poland,POP,Population,PS,Persons,F,Female,Y45T49,From 45 to 49 years,H,Historical,2023,,1443372,,A,Normal value,0,Units,0,Zero
DATAFLOW,OECD.ELS.SAE:DSD_POPULATION@DF_POP_HIST(1.0),Historical population data,I,POL,Poland,POP,Population,PS,Persons,F,Female,Y50T54,From 50 to 54 years,H,Historical,2023,,1209841,,A,Normal value,0,Units,0,Zero
DATAFLOW,OECD.ELS.SAE:DSD_POPULATION@DF_POP_HIST(1.0),Historical population data,I,POL,Poland,POP,Population,PS,Persons,F,Female,Y_GE50,50 years or over,H,Historical,2023,,8048901,,A,Normal value,0,Units,0,Zero
DATAFLOW,OECD.ELS.SAE:DSD_POPULATION@DF_POP_HIST(1.0),Historical population data,I,POL,Poland,POP,Population,PS,Persons,F,Female,Y_LE4,4 years or less,H,Historical,2023,,825926,,A,Normal value,0,Units,0,Zero
DATAFLOW,OECD.ELS.SAE:DSD_POPULATION@DF_POP_HIST(1.0),Historical population data,I,POL,Poland,POP,Population,PS,Persons,F,Female,Y55T59,From 55 to 59 years,H,Historical,2023,,1123313,,A,Normal value,0,Units,0,Zero
DATAFLOW,OECD.ELS.SAE:DSD_POPULATION@DF_POP_HIST(1.0),Historical population data,I,POL,Poland,POP,Population,PS,Persons,F,Female,Y30T34,From 30 to 34 years,H,Historical,2023,,1286977,,A,Normal value,0,Units,0,Zero
DATAFLOW,OECD.ELS.SAE:DSD_POPULATION@DF_POP_HIST(1.0),Historical population data,I,POL,Poland,POP,Population,PS,Persons,F,Female,Y15T19,From 15 to 19 years,H,Historical,2023,,910990,,A,Normal value,0,Units,0,Zero
DATAFLOW,OECD.ELS.SAE:DSD_POPULATION@DF_POP_HIST(1.0),Historical population data,I,POL,Poland,POP,Population,PS,Persons,F,Female,Y25T29,From 25 to 29 years,H,Historical,2024,,1003120,,A,Normal value,0,Units,0,Zero
DATAFLOW,OECD.ELS.SAE:DSD_POPULATION@DF_POP_HIST(1.0),Historical population data,I,POL,Poland,POP,Population,PS,Persons,F,Female,Y_GE65,65 years or over,H,Historical,2024,,4554146,,A,Normal value,0,Units,0,Zero
DATAFLOW,OECD.ELS.SAE:DSD_POPULATION@DF_POP_HIST(1.0),Historical population data,I,POL,Poland,POP,Population,PS,Persons,F,Female,Y20T64,From 20 to 64 years,H,Historical,2024,,11197897,,A,Normal value,0,Units,0,Zero
DATAFLOW,OECD.ELS.SAE:DSD_POPULATION@DF_POP_HIST(1.0),Historical population data,I,POL,Poland,POP,Population,PS,Persons,F,Female,Y40T44,From 40 to 44 years,H,Historical,2024,,1579054,,A,Normal value,0,Units,0,Zero
DATAFLOW,OECD.ELS.SAE:DSD_POPULATION@DF_POP_HIST(1.0),Historical population data,I,POL,Poland,POP,Population,PS,Persons,F,Female,Y75T79,From 75 to 79 years,H,Historical,2024,,841659,,A,Normal value,0,Units,0,Zero
DATAFLOW,OECD.ELS.SAE:DSD_POPULATION@DF_POP_HIST(1.0),Historical population data,I,POL,Poland,POP,Population,PS,Persons,F,Female,Y80T84,From 80 to 84 years,H,Historical,2024,,509197,,A,Normal value,0,Units,0,Zero
DATAFLOW,OECD.ELS.SAE:DSD_POPULATION@DF_POP_HIST(1.0),Historical population data,I,POL,Poland,POP,Population,PS,Persons,F,Female,Y60T64,From 60 to 64 years,H,Historical,2024,,1210380,,A,Normal value,0,Units,0,Zero
DATAFLOW,OECD.ELS.SAE:DSD_POPULATION@DF_POP_HIST(1.0),Historical population data,I,POL,Poland,POP,Population,PS,Persons,F,Female,Y65T69,From 65 to 69 years,H,Historical,2024,,1378917,,A,Normal value,0,Units,0,Zero
DATAFLOW,OECD.ELS.SAE:DSD_POPULATION@DF_POP_HIST(1.0),Historical population data,I,POL,Poland,POP,Population,PS,Persons,F,Female,_T,Total,H,Historical,2024,,19418160,,A,Normal value,0,Units,0,Zero
DATAFLOW,OECD.ELS.SAE:DSD_POPULATION@DF_POP_HIST(1.0),Historical population data,I,POL,Poland,POP,Population,PS,Persons,F,Female,Y15T64,From 15 to 64 years,H,Historical,2024,,12149123,,A,Normal value,0,Units,0,Zero
DATAFLOW,OECD.ELS.SAE:DSD_POPULATION@DF_POP_HIST(1.0),Historical population data,I,POL,Poland,POP,Population,PS,Persons,F,Female,Y_GE85,85 years or over,H,Historical,2024,,594832,,A,Normal value,0,Units,0,Zero
DATAFLOW,OECD.ELS.SAE:DSD_POPULATION@DF_POP_HIST(1.0),Historical population data,I,POL,Poland,POP,Population,PS,Persons,F,Female,Y10T14,From 10 to 14 years,H,Historical,2024,,987943,,A,Normal value,0,Units,0,Zero
DATAFLOW,OECD.ELS.SAE:DSD_POPULATION@DF_POP_HIST(1.0),Historical population data,I,POL,Poland,POP,Population,PS,Persons,F,Female,Y5T9,From 5 to 9 years,H,Historical,2024,,961430,,A,Normal value,0,Units,0,Zero
DATAFLOW,OECD.ELS.SAE:DSD_POPULATION@DF_POP_HIST(1.0),Historical population data,I,POL,Poland,POP,Population,PS,Persons,F,Female,Y20T24,From 20 to 24 years,H,Historical,2024,,869091,,A,Normal value,0,Units,0,Zero
DATAFLOW,OECD.ELS.SAE:DSD_POPULATION@DF_POP_HIST(1.0),Historical population data,I,POL,Poland,POP,Population,PS,Persons,F,Female,Y45T49,From 45 to 49 years,H,Historical,2024,,1474736,,A,Normal value,0,Units,0,Zero
DATAFLOW,OECD.ELS.SAE:DSD_POPULATION@DF_POP_HIST(1.0),Historical population data,I,POL,Poland,POP,Population,PS,Persons,F,Female,Y_LT20,Less than 20 years,H,Historical,2024,,3666117,,A,Normal value,0,Units,0,Zero
DATAFLOW,OECD.ELS.SAE:DSD_POPULATION@DF_POP_HIST(1.0),Historical population data,I,POL,Poland,POP,Population,PS,Persons,F,Female,Y70T74,From 70 to 74 years,H,Historical,2024,,1229541,,A,Normal value,0,Units,0,Zero
DATAFLOW,OECD.ELS.SAE:DSD_POPULATION@DF_POP_HIST(1.0),Historical population data,I,POL,Poland,POP,Population,PS,Persons,F,Female,Y35T39,From 35 to 39 years,H,Historical,2024,,1450027,,A,Normal value,0,Units,0,Zero
DATAFLOW,OECD.ELS.SAE:DSD_POPULATION@DF_POP_HIST(1.0),Historical population data,I,POL,Poland,POP,Population,PS,Persons,F,Female,Y_GE50,50 years or over,H,Historical,2024,,8130207,,A,Normal value,0,Units,0,Zero
DATAFLOW,OECD.ELS.SAE:DSD_POPULATION@DF_POP_HIST(1.0),Historical population data,I,POL,Poland,POP,Population,PS,Persons,F,Female,Y50T54,From 50 to 54 years,H,Historical,2024,,1252074,,A,Normal value,0,Units,0,Zero
DATAFLOW,OECD.ELS.SAE:DSD_POPULATION@DF_POP_HIST(1.0),Historical population data,I,POL,Poland,POP,Population,PS,Persons,F,Female,Y55T59,From 55 to 59 years,H,Historical,2024,,1113607,,A,Normal value,0,Units,0,Zero
DATAFLOW,OECD.ELS.SAE:DSD_POPULATION@DF_POP_HIST(1.0),Historical population data,I,POL,Poland,POP,Population,PS,Persons,F,Female,Y_LE4,4 years or less,H,Historical,2024,,765518,,A,Normal value,0,Units,0,Zero
DATAFLOW,OECD.ELS.SAE:DSD_POPULATION@DF_POP_HIST(1.0),Historical population data,I,POL,Poland,POP,Population,PS,Persons,F,Female,Y15T19,From 15 to 19 years,H,Historical,2024,,951226,,A,Normal value,0,Units,0,Zero
DATAFLOW,OECD.ELS.SAE:DSD_POPULATION@DF_POP_HIST(1.0),Historical population data,I,POL,Poland,POP,Population,PS,Persons,F,Female,Y30T34,From 30 to 34 years,H,Historical,2024,,1245808,,A,Normal value,0,Units,0,Zero
DATAFLOW,OECD.ELS.SAE:DSD_POPULATION@DF_POP_HIST(1.0),Historical population data,I,POL,Poland,POP,Population,PS,Persons,F,Female,Y25T29,From 25 to 29 years,H,Historical,2021,,1145445,,A,Normal value,0,Units,0,Zero
DATAFLOW,OECD.ELS.SAE:DSD_POPULATION@DF_POP_HIST(1.0),Historical population data,I,POL,Poland,POP,Population,PS,Persons,F,Female,Y_GE65,65 years or over,H,Historical,2021,,4268352,,A,Normal value,0,Units,0,Zero
DATAFLOW,OECD.ELS.SAE:DSD_POPULATION@DF_POP_HIST(1.0),Historical population data,I,POL,Poland,POP,Population,PS,Persons,F,Female,Y15T64,From 15 to 64 years,H,Historical,2021,,12473227,,A,Normal value,0,Units,0,Zero
DATAFLOW,OECD.ELS.SAE:DSD_POPULATION@DF_POP_HIST(1.0),Historical population data,I,POL,Poland,POP,Population,PS,Persons,F,Female,_T,Total,H,Historical,2021,,19625717,,A,Normal value,0,Units,0,Zero
DATAFLOW,OECD.ELS.SAE:DSD_POPULATION@DF_POP_HIST(1.0),Historical population data,I,POL,Poland,POP,Population,PS,Persons,F,Female,Y65T69,From 65 to 69 years,H,Historical,2021,,1373413,,A,Normal value,0,Units,0,Zero
DATAFLOW,OECD.ELS.SAE:DSD_POPULATION@DF_POP_HIST(1.0),Historical population data,I,POL,Poland,POP,Population,PS,Persons,F,Female,Y60T64,From 60 to 64 years,H,Historical,2021,,1380565,,A,Normal value,0,Units,0,Zero
DATAFLOW,OECD.ELS.SAE:DSD_POPULATION@DF_POP_HIST(1.0),Historical population data,I,POL,Poland,POP,Population,PS,Persons,F,Female,Y80T84,From 80 to 84 years,H,Historical,2021,,558121,,A,Normal value,0,Units,0,Zero
DATAFLOW,OECD.ELS.SAE:DSD_POPULATION@DF_POP_HIST(1.0),Historical population data,I,POL,Poland,POP,Population,PS,Persons,F,Female,Y75T79,From 75 to 79 years,H,Historical,2021,,637756,,A,Normal value,0,Units,0,Zero
DATAFLOW,OECD.ELS.SAE:DSD_POPULATION@DF_POP_HIST(1.0),Historical population data,I,POL,Poland,POP,Population,PS,Persons,F,Female,Y40T44,From 40 to 44 years,H,Historical,2021,,1524854,,A,Normal value,0,Units,0,Zero
DATAFLOW,OECD.ELS.SAE:DSD_POPULATION@DF_POP_HIST(1.0),Historical population data,I,POL,Poland,POP,Population,PS,Persons,F,Female,Y20T64,From 20 to 64 years,H,Historical,2021,,11609916,,A,Normal value,0,Units,0,Zero
DATAFLOW,OECD.ELS.SAE:DSD_POPULATION@DF_POP_HIST(1.0),Historical population data,I,POL,Poland,POP,Population,PS,Persons,F,Female,Y_GE85,85 years or over,H,Historical,2021,,575238,,A,Normal value,0,Units,0,Zero
DATAFLOW,OECD.ELS.SAE:DSD_POPULATION@DF_POP_HIST(1.0),Historical population data,I,POL,Poland,POP,Population,PS,Persons,F,Female,Y10T14,From 10 to 14 years,H,Historical,2021,,1009090,,A,Normal value,0,Units,0,Zero
DATAFLOW,OECD.ELS.SAE:DSD_POPULATION@DF_POP_HIST(1.0),Historical population data,I,POL,Poland,POP,Population,PS,Persons,F,Female,Y5T9,From 5 to 9 years,H,Historical,2021,,955495,,A,Normal value,0,Units,0,Zero
DATAFLOW,OECD.ELS.SAE:DSD_POPULATION@DF_POP_HIST(1.0),Historical population data,I,POL,Poland,POP,Population,PS,Persons,F,Female,Y20T24,From 20 to 24 years,H,Historical,2021,,937516,,A,Normal value,0,Units,0,Zero
DATAFLOW,OECD.ELS.SAE:DSD_POPULATION@DF_POP_HIST(1.0),Historical population data,I,POL,Poland,POP,Population,PS,Persons,F,Female,Y35T39,From 35 to 39 years,H,Historical,2021,,1580479,,A,Normal value,0,Units,0,Zero
DATAFLOW,OECD.ELS.SAE:DSD_POPULATION@DF_POP_HIST(1.0),Historical population data,I,POL,Poland,POP,Population,PS,Persons,F,Female,Y70T74,From 70 to 74 years,H,Historical,2021,,1123824,,A,Normal value,0,Units,0,Zero
DATAFLOW,OECD.ELS.SAE:DSD_POPULATION@DF_POP_HIST(1.0),Historical population data,I,POL,Poland,POP,Population,PS,Persons,F,Female,Y_LT20,Less than 20 years,H,Historical,2021,,3747449,,A,Normal value,0,Units,0,Zero
DATAFLOW,OECD.ELS.SAE:DSD_POPULATION@DF_POP_HIST(1.0),Historical population data,I,POL,Poland,POP,Population,PS,Persons,F,Female,Y45T49,From 45 to 49 years,H,Historical,2021,,1362914,,A,Normal value,0,Units,0,Zero
DATAFLOW,OECD.ELS.SAE:DSD_POPULATION@DF_POP_HIST(1.0),Historical population data,I,POL,Poland,POP,Population,PS,Persons,F,Female,Y50T54,From 50 to 54 years,H,Historical,2021,,1150131,,A,Normal value,0,Units,0,Zero
DATAFLOW,OECD.ELS.SAE:DSD_POPULATION@DF_POP_HIST(1.0),Historical population data,I,POL,Poland,POP,Population,PS,Persons,F,Female,Y_GE50,50 years or over,H,Historical,2021,,7964799,,A,Normal value,0,Units,0,Zero
DATAFLOW,OECD.ELS.SAE:DSD_POPULATION@DF_POP_HIST(1.0),Historical population data,I,POL,Poland,POP,Population,PS,Persons,F,Female,Y_LE4,4 years or less,H,Historical,2021,,919553,,A,Normal value,0,Units,0,Zero
DATAFLOW,OECD.ELS.SAE:DSD_POPULATION@DF_POP_HIST(1.0),Historical population data,I,POL,Poland,POP,Population,PS,Persons,F,Female,Y55T59,From 55 to 59 years,H,Historical,2021,,1165751,,A,Normal value,0,Units,0,Zero
DATAFLOW,OECD.ELS.SAE:DSD_POPULATION@DF_POP_HIST(1.0),Historical population data,I,POL,Poland,POP,Population,PS,Persons,F,Female,Y30T34,From 30 to 34 years,H,Historical,2021,,1362261,,A,Normal value,0,Units,0,Zero
DATAFLOW,OECD.ELS.SAE:DSD_POPULATION@DF_POP_HIST(1.0),Historical population data,I,POL,Poland,POP,Population,PS,Persons,F,Female,Y15T19,From 15 to 19 years,H,Historical,2021,,863311,,A,Normal value,0,Units,0,Zero
DATAFLOW,OECD.ELS.SAE:DSD_POPULATION@DF_POP_HIST(1.0),Historical population data,I,POL,Poland,POP,Population,PS,Persons,F,Female,Y25T29,From 25 to 29 years,H,Historical,2020,,1199731,,A,Normal value,0,Units,0,Zero
DATAFLOW,OECD.ELS.SAE:DSD_POPULATION@DF_POP_HIST(1.0),Historical population data,I,POL,Poland,POP,Population,PS,Persons,F,Female,Y_GE65,65 years or over,H,Historical,2020,,4201849,,A,Normal value,0,Units,0,Zero
DATAFLOW,OECD.ELS.SAE:DSD_POPULATION@DF_POP_HIST(1.0),Historical population data,I,POL,Poland,POP,Population,PS,Persons,F,Female,Y20T64,From 20 to 64 years,H,Historical,2020,,11754646,,A,Normal value,0,Units,0,Zero
DATAFLOW,OECD.ELS.SAE:DSD_POPULATION@DF_POP_HIST(1.0),Historical population data,I,POL,Poland,POP,Population,PS,Persons,F,Female,Y40T44,From 40 to 44 years,H,Historical,2020,,1511658,,A,Normal value,0,Units,0,Zero
DATAFLOW,OECD.ELS.SAE:DSD_POPULATION@DF_POP_HIST(1.0),Historical population data,I,POL,Poland,POP,Population,PS,Persons,F,Female,Y75T79,From 75 to 79 years,H,Historical,2020,,629151,,A,Normal value,0,Units,0,Zero
DATAFLOW,OECD.ELS.SAE:DSD_POPULATION@DF_POP_HIST(1.0),Historical population data,I,POL,Poland,POP,Population,PS,Persons,F,Female,Y80T84,From 80 to 84 years,H,Historical,2020,,575516,,A,Normal value,0,Units,0,Zero
DATAFLOW,OECD.ELS.SAE:DSD_POPULATION@DF_POP_HIST(1.0),Historical population data,I,POL,Poland,POP,Population,PS,Persons,F,Female,Y60T64,From 60 to 64 years,H,Historical,2020,,1428643,,A,Normal value,0,Units,0,Zero
DATAFLOW,OECD.ELS.SAE:DSD_POPULATION@DF_POP_HIST(1.0),Historical population data,I,POL,Poland,POP,Population,PS,Persons,F,Female,Y65T69,From 65 to 69 years,H,Historical,2020,,1362165,,A,Normal value,0,Units,0,Zero
DATAFLOW,OECD.ELS.SAE:DSD_POPULATION@DF_POP_HIST(1.0),Historical population data,I,POL,Poland,POP,Population,PS,Persons,F,Female,_T,Total,H,Historical,2020,,19711101,,A,Normal value,0,Units,0,Zero
DATAFLOW,OECD.ELS.SAE:DSD_POPULATION@DF_POP_HIST(1.0),Historical population data,I,POL,Poland,POP,Population,PS,Persons,F,Female,Y15T64,From 15 to 64 years,H,Historical,2020,,12616457,,A,Normal value,0,Units,0,Zero
DATAFLOW,OECD.ELS.SAE:DSD_POPULATION@DF_POP_HIST(1.0),Historical population data,I,POL,Poland,POP,Population,PS,Persons,F,Female,Y_GE85,85 years or over,H,Historical,2020,,579531,,A,Normal value,0,Units,0,Zero
DATAFLOW,OECD.ELS.SAE:DSD_POPULATION@DF_POP_HIST(1.0),Historical population data,I,POL,Poland,POP,Population,PS,Persons,F,Female,Y10T14,From 10 to 14 years,H,Historical,2020,,987217,,A,Normal value,0,Units,0,Zero
DATAFLOW,OECD.ELS.SAE:DSD_POPULATION@DF_POP_HIST(1.0),Historical population data,I,POL,Poland,POP,Population,PS,Persons,F,Female,Y5T9,From 5 to 9 years,H,Historical,2020,,966334,,A,Normal value,0,Units,0,Zero
DATAFLOW,OECD.ELS.SAE:DSD_POPULATION@DF_POP_HIST(1.0),Historical population data,I,POL,Poland,POP,Population,PS,Persons,F,Female,Y20T24,From 20 to 24 years,H,Historical,2020,,967401,,A,Normal value,0,Units,0,Zero
DATAFLOW,OECD.ELS.SAE:DSD_POPULATION@DF_POP_HIST(1.0),Historical population data,I,POL,Poland,POP,Population,PS,Persons,F,Female,Y45T49,From 45 to 49 years,H,Historical,2020,,1313906,,A,Normal value,0,Units,0,Zero
DATAFLOW,OECD.ELS.SAE:DSD_POPULATION@DF_POP_HIST(1.0),Historical population data,I,POL,Poland,POP,Population,PS,Persons,F,Female,Y_LT20,Less than 20 years,H,Historical,2020,,3754606,,A,Normal value,0,Units,0,Zero
DATAFLOW,OECD.ELS.SAE:DSD_POPULATION@DF_POP_HIST(1.0),Historical population data,I,POL,Poland,POP,Population,PS,Persons,F,Female,Y70T74,From 70 to 74 years,H,Historical,2020,,1055486,,A,Normal value,0,Units,0,Zero
DATAFLOW,OECD.ELS.SAE:DSD_POPULATION@DF_POP_HIST(1.0),Historical population data,I,POL,Poland,POP,Population,PS,Persons,F,Female,Y35T39,From 35 to 39 years,H,Historical,2020,,1589872,,A,Normal value,0,Units,0,Zero
DATAFLOW,OECD.ELS.SAE:DSD_POPULATION@DF_POP_HIST(1.0),Historical population data,I,POL,Poland,POP,Population,PS,Persons,F,Female,Y_GE50,50 years or over,H,Historical,2020,,7970019,,A,Normal value,0,Units,0,Zero
DATAFLOW,OECD.ELS.SAE:DSD_POPULATION@DF_POP_HIST(1.0),Historical population data,I,POL,Poland,POP,Population,PS,Persons,F,Female,Y50T54,From 50 to 54 years,H,Historical,2020,,1137059,,A,Normal value,0,Units,0,Zero
DATAFLOW,OECD.ELS.SAE:DSD_POPULATION@DF_POP_HIST(1.0),Historical population data,I,POL,Poland,POP,Population,PS,Persons,F,Female,Y55T59,From 55 to 59 years,H,Historical,2020,,1202468,,A,Normal value,0,Units,0,Zero
DATAFLOW,OECD.ELS.SAE:DSD_POPULATION@DF_POP_HIST(1.0),Historical population data,I,POL,Poland,POP,Population,PS,Persons,F,Female,Y_LE4,4 years or less,H,Historical,2020,,939244,,A,Normal value,0,Units,0,Zero
DATAFLOW,OECD.ELS.SAE:DSD_POPULATION@DF_POP_HIST(1.0),Historical population data,I,POL,Poland,POP,Population,PS,Persons,F,Female,Y15T19,From 15 to 19 years,H,Historical,2020,,861811,,A,Normal value,0,Units,0,Zero
DATAFLOW,OECD.ELS.SAE:DSD_POPULATION@DF_POP_HIST(1.0),Historical population data,I,POL,Poland,POP,Population,PS,Persons,F,Female,Y30T34,From 30 to 34 years,H,Historical,2020,,1403908,,A,Normal value,0,Units,0,Zero
DATAFLOW,OECD.ELS.SAE:DSD_POPULATION@DF_POP_HIST(1.0),Historical population data,I,POL,Poland,POP,Population,PS,Persons,M,Male,Y70T74,From 70 to 74 years,H,Historical,2025,,926143,,A,Normal value,0,Units,0,Zero
DATAFLOW,OECD.ELS.SAE:DSD_POPULATION@DF_POP_HIST(1.0),Historical population data,I,POL,Poland,POP,Population,PS,Persons,M,Male,Y20T64,From 20 to 64 years,H,Historical,2025,,11101138,,A,Normal value,0,Units,0,Zero
DATAFLOW,OECD.ELS.SAE:DSD_POPULATION@DF_POP_HIST(1.0),Historical population data,I,POL,Poland,POP,Population,PS,Persons,M,Male,Y15T19,From 15 to 19 years,H,Historical,2025,,1035741,,A,Normal value,0,Units,0,Zero
DATAFLOW,OECD.ELS.SAE:DSD_POPULATION@DF_POP_HIST(1.0),Historical population data,I,POL,Poland,POP,Population,PS,Persons,M,Male,Y80T84,From 80 to 84 years,H,Historical,2025,,268507,,A,Normal value,0,Units,0,Zero
DATAFLOW,OECD.ELS.SAE:DSD_POPULATION@DF_POP_HIST(1.0),Historical population data,I,POL,Poland,POP,Population,PS,Persons,M,Male,Y50T54,From 50 to 54 years,H,Historical,2025,,1285201,,A,Normal value,0,Units,0,Zero
DATAFLOW,OECD.ELS.SAE:DSD_POPULATION@DF_POP_HIST(1.0),Historical population data,I,POL,Poland,POP,Population,PS,Persons,M,Male,_T,Total,H,Historical,2025,,18063426,,A,Normal value,0,Units,0,Zero
DATAFLOW,OECD.ELS.SAE:DSD_POPULATION@DF_POP_HIST(1.0),Historical population data,I,POL,Poland,POP,Population,PS,Persons,M,Male,Y15T64,From 15 to 64 years,H,Historical,2025,,12136879,,A,Normal value,0,Units,0,Zero
DATAFLOW,OECD.ELS.SAE:DSD_POPULATION@DF_POP_HIST(1.0),Historical population data,I,POL,Poland,POP,Population,PS,Persons,M,Male,Y75T79,From 75 to 79 years,H,Historical,2025,,603409,,A,Normal value,0,Units,0,Zero
DATAFLOW,OECD.ELS.SAE:DSD_POPULATION@DF_POP_HIST(1.0),Historical population data,I,POL,Poland,POP,Population,PS,Persons,M,Male,Y_LE4,4 years or less,H,Historical,2025,,744693,,A,Normal value,0,Units,0,Zero
DATAFLOW,OECD.ELS.SAE:DSD_POPULATION@DF_POP_HIST(1.0),Historical population data,I,POL,Poland,POP,Population,PS,Persons,M,Male,Y_GE50,50 years or over,H,Historical,2025,,6563360,,A,Normal value,0,Units,0,Zero
DATAFLOW,OECD.ELS.SAE:DSD_POPULATION@DF_POP_HIST(1.0),Historical population data,I,POL,Poland,POP,Population,PS,Persons,M,Male,Y_GE85,85 years or over,H,Historical,2025,,236744,,A,Normal value,0,Units,0,Zero
DATAFLOW,OECD.ELS.SAE:DSD_POPULATION@DF_POP_HIST(1.0),Historical population data,I,POL,Poland,POP,Population,PS,Persons,M,Male,Y_GE65,65 years or over,H,Historical,2025,,3155048,,A,Normal value,0,Units,0,Zero
DATAFLOW,OECD.ELS.SAE:DSD_POPULATION@DF_POP_HIST(1.0),Historical population data,I,POL,Poland,POP,Population,PS,Persons,M,Male,Y65T69,From 65 to 69 years,H,Historical,2025,,1120245,,A,Normal value,0,Units,0,Zero
DATAFLOW,OECD.ELS.SAE:DSD_POPULATION@DF_POP_HIST(1.0),Historical population data,I,POL,Poland,POP,Population,PS,Persons,M,Male,Y30T34,From 30 to 34 years,H,Historical,2025,,1234237,,A,Normal value,0,Units,0,Zero
DATAFLOW,OECD.ELS.SAE:DSD_POPULATION@DF_POP_HIST(1.0),Historical population data,I,POL,Poland,POP,Population,PS,Persons,M,Male,Y10T14,From 10 to 14 years,H,Historical,2025,,1023825,,A,Normal value,0,Units,0,Zero
DATAFLOW,OECD.ELS.SAE:DSD_POPULATION@DF_POP_HIST(1.0),Historical population data,I,POL,Poland,POP,Population,PS,Persons,M,Male,Y_LT20,Less than 20 years,H,Historical,2025,,3807240,,A,Normal value,0,Units,0,Zero
DATAFLOW,OECD.ELS.SAE:DSD_POPULATION@DF_POP_HIST(1.0),Historical population data,I,POL,Poland,POP,Population,PS,Persons,M,Male,Y35T39,From 35 to 39 years,H,Historical,2025,,1435351,,A,Normal value,0,Units,0,Zero
DATAFLOW,OECD.ELS.SAE:DSD_POPULATION@DF_POP_HIST(1.0),Historical population data,I,POL,Poland,POP,Population,PS,Persons,M,Male,Y60T64,From 60 to 64 years,H,Historical,2025,,1054528,,A,Normal value,0,Units,0,Zero
DATAFLOW,OECD.ELS.SAE:DSD_POPULATION@DF_POP_HIST(1.0),Historical population data,I,POL,Poland,POP,Population,PS,Persons,M,Male,Y25T29,From 25 to 29 years,H,Historical,2025,,1000704,,A,Normal value,0,Units,0,Zero
DATAFLOW,OECD.ELS.SAE:DSD_POPULATION@DF_POP_HIST(1.0),Historical population data,I,POL,Poland,POP,Population,PS,Persons,M,Male,Y40T44,From 40 to 44 years,H,Historical,2025,,1611899,,A,Normal value,0,Units,0,Zero
DATAFLOW,OECD.ELS.SAE:DSD_POPULATION@DF_POP_HIST(1.0),Historical population data,I,POL,Poland,POP,Population,PS,Persons,M,Male,Y20T24,From 20 to 24 years,H,Historical,2025,,898619,,A,Normal value,0,Units,0,Zero
DATAFLOW,OECD.ELS.SAE:DSD_POPULATION@DF_POP_HIST(1.0),Historical population data,I,POL,Poland,POP,Population,PS,Persons,M,Male,Y45T49,From 45 to 49 years,H,Historical,2025,,1512016,,A,Normal value,0,Units,0,Zero
DATAFLOW,OECD.ELS.SAE:DSD_POPULATION@DF_POP_HIST(1.0),Historical population data,I,POL,Poland,POP,Population,PS,Persons,M,Male,Y5T9,From 5 to 9 years,H,Historical,2025,,1002981,,A,Normal value,0,Units,0,Zero
DATAFLOW,OECD.ELS.SAE:DSD_POPULATION@DF_POP_HIST(1.0),Historical population data,I,POL,Poland,POP,Population,PS,Persons,M,Male,Y55T59,From 55 to 59 years,H,Historical,2025,,1068583,,A,Normal value,0,Units,0,Zero
DATAFLOW,OECD.ELS.SAE:DSD_POPULATION@DF_POP_HIST(1.0),Historical population data,I,POL,Poland,POP,Population,PS,Persons,F,Female,Y25T29,From 25 to 29 years,H,Historical,2025,,966618,,A,Normal value,0,Units,0,Zero
DATAFLOW,OECD.ELS.SAE:DSD_POPULATION@DF_POP_HIST(1.0),Historical population data,I,POL,Poland,POP,Population,PS,Persons,F,Female,Y_GE65,65 years or over,H,Historical,2025,,4635594,,A,Normal value,0,Units,0,Zero
DATAFLOW,OECD.ELS.SAE:DSD_POPULATION@DF_POP_HIST(1.0),Historical population data,I,POL,Poland,POP,Population,PS,Persons,F,Female,Y15T64,From 15 to 64 years,H,Historical,2025,,12077131,,A,Normal value,0,Units,0,Zero
DATAFLOW,OECD.ELS.SAE:DSD_POPULATION@DF_POP_HIST(1.0),Historical population data,I,POL,Poland,POP,Population,PS,Persons,F,Female,_T,Total,H,Historical,2025,,19338626,,A,Normal value,0,Units,0,Zero
DATAFLOW,OECD.ELS.SAE:DSD_POPULATION@DF_POP_HIST(1.0),Historical population data,I,POL,Poland,POP,Population,PS,Persons,F,Female,Y65T69,From 65 to 69 years,H,Historical,2025,,1355682,,A,Normal value,0,Units,0,Zero
DATAFLOW,OECD.ELS.SAE:DSD_POPULATION@DF_POP_HIST(1.0),Historical population data,I,POL,Poland,POP,Population,PS,Persons,F,Female,Y60T64,From 60 to 64 years,H,Historical,2025,,1165145,,A,Normal value,0,Units,0,Zero
DATAFLOW,OECD.ELS.SAE:DSD_POPULATION@DF_POP_HIST(1.0),Historical population data,I,POL,Poland,POP,Population,PS,Persons,F,Female,Y80T84,From 80 to 84 years,H,Historical,2025,,499105,,A,Normal value,0,Units,0,Zero
DATAFLOW,OECD.ELS.SAE:DSD_POPULATION@DF_POP_HIST(1.0),Historical population data,I,POL,Poland,POP,Population,PS,Persons,F,Female,Y75T79,From 75 to 79 years,H,Historical,2025,,923155,,A,Normal value,0,Units,0,Zero
DATAFLOW,OECD.ELS.SAE:DSD_POPULATION@DF_POP_HIST(1.0),Historical population data,I,POL,Poland,POP,Population,PS,Persons,F,Female,Y40T44,From 40 to 44 years,H,Historical,2025,,1582445,,A,Normal value,0,Units,0,Zero
DATAFLOW,OECD.ELS.SAE:DSD_POPULATION@DF_POP_HIST(1.0),Historical population data,I,POL,Poland,POP,Population,PS,Persons,F,Female,Y20T64,From 20 to 64 years,H,Historical,2025,,11090033,,A,Normal value,0,Units,0,Zero
DATAFLOW,OECD.ELS.SAE:DSD_POPULATION@DF_POP_HIST(1.0),Historical population data,I,POL,Poland,POP,Population,PS,Persons,F,Female,Y_GE85,85 years or over,H,Historical,2025,,603789,,A,Normal value,0,Units,0,Zero
DATAFLOW,OECD.ELS.SAE:DSD_POPULATION@DF_POP_HIST(1.0),Historical population data,I,POL,Poland,POP,Population,PS,Persons,F,Female,Y10T14,From 10 to 14 years,H,Historical,2025,,969106,,A,Normal value,0,Units,0,Zero
DATAFLOW,OECD.ELS.SAE:DSD_POPULATION@DF_POP_HIST(1.0),Historical population data,I,POL,Poland,POP,Population,PS,Persons,F,Female,Y5T9,From 5 to 9 years,H,Historical,2025,,949695,,A,Normal value,0,Units,0,Zero
DATAFLOW,OECD.ELS.SAE:DSD_POPULATION@DF_POP_HIST(1.0),Historical population data,I,POL,Poland,POP,Population,PS,Persons,F,Female,Y20T24,From 20 to 24 years,H,Historical,2025,,860760,,A,Normal value,0,Units,0,Zero
DATAFLOW,OECD.ELS.SAE:DSD_POPULATION@DF_POP_HIST(1.0),Historical population data,I,POL,Poland,POP,Population,PS,Persons,F,Female,Y35T39,From 35 to 39 years,H,Historical,2025,,1400370,,A,Normal value,0,Units,0,Zero
DATAFLOW,OECD.ELS.SAE:DSD_POPULATION@DF_POP_HIST(1.0),Historical population data,I,POL,Poland,POP,Population,PS,Persons,F,Female,Y70T74,From 70 to 74 years,H,Historical,2025,,1253863,,A,Normal value,0,Units,0,Zero
DATAFLOW,OECD.ELS.SAE:DSD_POPULATION@DF_POP_HIST(1.0),Historical population data,I,POL,Poland,POP,Population,PS,Persons,F,Female,Y_LT20,Less than 20 years,H,Historical,2025,,3612999,,A,Normal value,0,Units,0,Zero
DATAFLOW,OECD.ELS.SAE:DSD_POPULATION@DF_POP_HIST(1.0),Historical population data,I,POL,Poland,POP,Population,PS,Persons,F,Female,Y45T49,From 45 to 49 years,H,Historical,2025,,1500964,,A,Normal value,0,Units,0,Zero
DATAFLOW,OECD.ELS.SAE:DSD_POPULATION@DF_POP_HIST(1.0),Historical population data,I,POL,Poland,POP,Population,PS,Persons,F,Female,Y50T54,From 50 to 54 years,H,Historical,2025,,1299091,,A,Normal value,0,Units,0,Zero
DATAFLOW,OECD.ELS.SAE:DSD_POPULATION@DF_POP_HIST(1.0),Historical population data,I,POL,Poland,POP,Population,PS,Persons,F,Female,Y_GE50,50 years or over,H,Historical,2025,,8215716,,A,Normal value,0,Units,0,Zero
DATAFLOW,OECD.ELS.SAE:DSD_POPULATION@DF_POP_HIST(1.0),Historical population data,I,POL,Poland,POP,Population,PS,Persons,F,Female,Y_LE4,4 years or less,H,Historical,2025,,707100,,A,Normal value,0,Units,0,Zero
DATAFLOW,OECD.ELS.SAE:DSD_POPULATION@DF_POP_HIST(1.0),Historical population data,I,POL,Poland,POP,Population,PS,Persons,F,Female,Y55T59,From 55 to 59 years,H,Historical,2025,,1115886,,A,Normal value,0,Units,0,Zero
DATAFLOW,OECD.ELS.SAE:DSD_POPULATION@DF_POP_HIST(1.0),Historical population data,I,POL,Poland,POP,Population,PS,Persons,F,Female,Y30T34,From 30 to 34 years,H,Historical,2025,,1198754,,A,Normal value,0,Units,0,Zero
DATAFLOW,OECD.ELS.SAE:DSD_POPULATION@DF_POP_HIST(1.0),Historical population data,I,POL,Poland,POP,Population,PS,Persons,F,Female,Y15T19,From 15 to 19 years,H,Historical,2025,,987098,,A,Normal value,0,Units,0,Zero
